日期,搜尋關鍵字,鞋款類別,平台,商品名稱,商品連結,價格,資料來源
2026-05-21,Jordan,女鞋,PChome,Nike Jordan/Dunk 系列 男女鞋 運動 休閒鞋 553558007 DV4024002 DV0833600 DZ2794102,https://24h.pchome.com.tw/prod/DXAX69-A900I7ZPN,2112,已保存價格紀錄
2026-05-21,Jordan1,男鞋,momo購物網,【NIKE 耐吉】運動鞋 休閒鞋 喬丹 低筒 AIR JORDAN 1 LOW 男鞋 藍白黑紅 AJ1 低 多款(553558-040&),https://www.momoshop.com.tw/goods/GoodsDetail.jsp?i_code=13831720&Area=search&mdiv=403&oid=1_2&cid=index&kw=Jordan,2099,已保存價格紀錄
2026-05-21,Jordan1,男鞋,momo購物網,【NIKE 耐吉】運動鞋 休閒鞋 喬丹 低筒 AIR JORDAN 1 LOW 男鞋 藍白黑紅 AJ1 低 多款(553558-040&),https://www.momoshop.com.tw/goods/GoodsDetail.jsp?i_code=13831720&Area=search&mdiv=403&oid=1_1&cid=index&kw=Jordan1,2099,已保存價格紀錄
2026-05-21,Jordan1,男鞋,momo購物網,【NIKE 耐吉】籃球鞋 運動鞋 AIR JORDAN 1 LOW 男款 黑(553558040),https://www.momoshop.com.tw/goods/GoodsDetail.jsp?i_code=11242241&Area=search&mdiv=403&oid=1_9&cid=index&kw=Jordan,1999,已保存價格紀錄
2026-05-21,Jordan1,男鞋,momo購物網,【NIKE 耐吉】籃球鞋 運動鞋 AIR JORDAN 1 LOW 男款 黑(553558040),https://www.momoshop.com.tw/goods/GoodsDetail.jsp?i_code=11242241&Area=search&mdiv=403&oid=1_3&cid=index&kw=Jordan1,1999,已保存價格紀錄
2026-05-21,Jordan1,男鞋,momo購物網,【NIKE 耐吉】運動鞋 休閒鞋 喬丹 低筒 AIR JORDAN 1 LOW 男鞋 藍白黑紅 AJ1 低筒 多款(FN5214-141&),https://www.momoshop.com.tw/goods/GoodsDetail.jsp?i_code=11984036&Area=search&mdiv=403&oid=1_6&cid=index&kw=Jordan,2099,已保存價格紀錄
2026-05-21,Jordan1,男鞋,momo購物網,【NIKE 耐吉】運動鞋 休閒鞋 喬丹 低筒 AIR JORDAN 1 LOW 男鞋 藍白黑紅 AJ1 低筒 多款(FN5214-141&),https://www.momoshop.com.tw/goods/GoodsDetail.jsp?i_code=11984036&Area=search&mdiv=403&oid=1_2&cid=index&kw=Jordan1,2099,已保存價格紀錄
2026-05-21,Jordan1,男鞋,momo購物網,【NIKE 耐吉】籃球鞋 運動鞋 AIR JORDAN 1 LOW SE 男鞋 灰藍白(FZ5042041),https://www.momoshop.com.tw/goods/GoodsDetail.jsp?i_code=12594077&Area=search&mdiv=403&oid=1_15&cid=index&kw=Jordan1,2271,已保存價格紀錄
2026-05-21,Jordan1,男鞋,momo購物網,【NIKE 耐吉】運動鞋 休閒鞋 情侶鞋 AIR FORCE 1/JORDAN 1/DUNK 男鞋 AF1 AJ1 復古 黑白 多款(IR7011-121&),https://www.momoshop.com.tw/goods/GoodsDetail.jsp?i_code=15155029&Area=search&mdiv=403&oid=1_19&cid=index&kw=Jordan,2299,已保存價格紀錄
2026-05-21,Jordan1,男鞋,momo購物網,【NIKE 耐吉】運動鞋 休閒鞋 情侶鞋 AIR FORCE 1/JORDAN 1/DUNK 男鞋 AF1 AJ1 復古 黑白 多款(IR7011-121&),https://www.momoshop.com.tw/goods/GoodsDetail.jsp?i_code=15155029&Area=search&mdiv=403&oid=1_18&cid=index&kw=Dunk,2299,已保存價格紀錄
2026-05-21,Jordan1,男鞋,momo購物網,【NIKE 耐吉】運動鞋 休閒鞋 情侶鞋 AIR FORCE 1/JORDAN 1/DUNK 男鞋 AF1 AJ1 復古 黑白 多款(IR7011-121&),https://www.momoshop.com.tw/goods/GoodsDetail.jsp?i_code=15155029&Area=search&mdiv=403&oid=1_21&cid=index&kw=Air%2BForce%2B1,2299,已保存價格紀錄
2026-05-21,Jordan1,男鞋,momo購物網,【NIKE 耐吉】運動鞋 休閒鞋 情侶鞋 AIR FORCE 1/JORDAN 1/DUNK 男鞋 AF1 AJ1 復古 黑白 多款(IR7011-121&),https://www.momoshop.com.tw/goods/GoodsDetail.jsp?i_code=15155029&Area=search&mdiv=403&oid=1_13&cid=index&kw=Jordan1,2299,已保存價格紀錄
2026-05-21,Jordan1,男鞋,momo購物網,【NIKE 耐吉】休閒鞋 男鞋 運動鞋 喬丹 AIR JORDAN 1 LOW 紅黑 553558-606,https://www.momoshop.com.tw/goods/GoodsDetail.jsp?i_code=14794536&Area=search&mdiv=403&oid=1_20&cid=index&kw=Jordan1,2279,已保存價格紀錄
2026-05-21,Jordan1,男鞋,momo購物網,【NIKE 耐吉】運動鞋 休閒鞋 女鞋 男鞋 AIR JORDAN 1 LOW Wolf Grey White 灰白 AJ1 小Dior(DC0774105),https://www.momoshop.com.tw/goods/GoodsDetail.jsp?i_code=13372937&Area=search&mdiv=403&oid=1_5&cid=index&kw=Jordan1,2422,已保存價格紀錄
2026-05-21,Jordan1,男鞋,momo購物網,【NIKE 耐吉】AIR JORDAN 1 RETRO LOW OG 男鞋 休閒鞋 運動鞋 小閃電 皇家藍(CZ0790140),https://www.momoshop.com.tw/goods/GoodsDetail.jsp?i_code=14284795&Area=search&mdiv=403&oid=1_23&cid=index&kw=Jordan,2421,已保存價格紀錄
2026-05-21,Jordan1,男鞋,momo購物網,【NIKE 耐吉】AIR JORDAN 1 RETRO LOW OG 男鞋 休閒鞋 運動鞋 小閃電 皇家藍(CZ0790140),https://www.momoshop.com.tw/goods/GoodsDetail.jsp?i_code=14284795&Area=search&mdiv=403&oid=1_16&cid=index&kw=Jordan1,2421,已保存價格紀錄
2026-05-21,Jordan1,男鞋,momo購物網,【NIKE 耐吉】運動鞋 籃球鞋 男鞋 AIR JORDAN 1 LOW 喬丹 緩震 氣墊 抓地 經典 AJ1 藍白 (553558400),https://www.momoshop.com.tw/goods/GoodsDetail.jsp?i_code=14960710&Area=search&mdiv=403&oid=1_17&cid=index&kw=Jordan1,2359,已保存價格紀錄
2026-05-21,Jordan1,男鞋,momo購物網,【NIKE 耐吉】運動鞋 籃球鞋 男鞋 AIR JORDAN 1 MID 喬丹 AJ1 紅頭 白紅色(DQ8426105),https://www.momoshop.com.tw/goods/GoodsDetail.jsp?i_code=14681315&Area=search&mdiv=403&oid=1_8&cid=index&kw=Jordan1,2788,已保存價格紀錄
2026-05-21,Jordan1,男鞋,momo購物網,【NIKE 耐吉】運動鞋 籃球鞋 男鞋 AIR JORDAN 1 MID 喬丹 AJ1 紅頭 白紅色(DQ8426105),https://www.momoshop.com.tw/goods/GoodsDetail.jsp?i_code=14681315&Area=search&mdiv=403&oid=1_13&cid=index&kw=Jordan,2788,已保存價格紀錄
2026-05-21,Jordan1,男鞋,momo購物網,【NIKE 耐吉】休閒鞋 Air Jordan 11 Retro Low 男鞋 北卡藍 AJ11 FV5104-100,https://www.momoshop.com.tw/goods/GoodsDetail.jsp?i_code=15204170&Area=search&mdiv=403&oid=1_22&cid=index&kw=Jordan,4921,已保存價格紀錄
2026-05-21,Jordan1,男鞋,PChome,休閒鞋 Air Jordan 1 Low Bred 男鞋 黑 紅 AJ1 低筒 一代 553558-067,https://24h.pchome.com.tw/prod/DXAX69-A900I9HKC,1960,已保存價格紀錄
2026-05-21,Jordan1,男鞋,PChome,AIR JORDAN 1 LOW SE 男鞋 籃球鞋 白藍-FN5214141,https://24h.pchome.com.tw/prod/DXBY2L-A900HGWFU,1987,已保存價格紀錄
2026-05-21,Jordan1,男鞋,PChome,休閒鞋 Air Jordan 1 Low 男鞋 黑 橘 扣碎 AJ1 一代 553558-081,https://24h.pchome.com.tw/prod/DXAX69-A900J1CT3,2046,已保存價格紀錄
2026-05-21,Jordan1,男鞋,momo購物網,【NIKE 耐吉】Air Jordan 13 Retro 2026 OG 白紅黑 黑豹 芝加哥 運動鞋 男鞋 414571-102,https://www.momoshop.com.tw/goods/GoodsDetail.jsp?i_code=15030926&Area=search&mdiv=403&oid=1_18&cid=index&kw=Jordan,5685,已保存價格紀錄
2026-05-21,Jordan1,男鞋,PChome,休閒鞋 Air Jordan 1 Low SE 男鞋 藍 紅 Motion AJ1 低筒  HM3711-144,https://24h.pchome.com.tw/prod/DXAX69-A900JA0RW,2218,已保存價格紀錄
2026-05-21,Jordan1,男鞋,PChome,休閒鞋 Air Jordan 1 Low OG 男鞋 深藍 紅 AJ1 一代 低筒 HQ2993-100,https://24h.pchome.com.tw/prod/DXAX69-A900I1SRO,2218,已保存價格紀錄
2026-05-21,Jordan1,男鞋,PChome,Air Jordan 1 Low SE 漆皮 藍灰 低筒 灰調 休閒鞋 男鞋 HF3148-011,https://24h.pchome.com.tw/prod/DXAX69-A900I97CD,2261,已保存價格紀錄
2026-05-21,Jordan1,男鞋,PChome,休閒鞋 Air Jordan 1 Low SE 男鞋 黑綠 Black Cat Mascot AJ1 HM3690-001,https://24h.pchome.com.tw/prod/DXAX69-A900IW24H,2304,已保存價格紀錄
2026-05-21,Jordan1,男鞋,momo購物網,【NIKE 耐吉】Air Jordan 13 Retro 2026 OG 白紅黑 黑豹 芝加哥 運動鞋 男鞋 414571-102, https://www.momoshop.com.tw/TP/TP0000668/goodsDetail/TP00006680001887,5599,已保存價格紀錄
2026-05-21,Jordan1,男鞋,momo購物網,【NIKE 耐吉】AIR JORDAN 11 RETRO RA 男鞋 籃球鞋 運動鞋 AJ11 喬丹 米藍(IH0296400),https://www.momoshop.com.tw/goods/GoodsDetail.jsp?i_code=14583949&Area=search&mdiv=403&oid=1_15&cid=index&kw=Jordan,4788,已保存價格紀錄
2026-05-21,Jordan1,男鞋,PChome,休閒鞋 Air Jordan 1 Low SE 男鞋 Black Toe 黑 紅 AJ1 IB8971-106,https://24h.pchome.com.tw/prod/DXAX69-A900IOXR8,2562,已保存價格紀錄
2026-05-21,Jordan1,男鞋,PChome,Nike Air Jordan 1 Low SE Glacier Blue 冰川藍 果凍底 休閒鞋 男鞋 HJ5999-400,https://24h.pchome.com.tw/prod/DXAX69-A900IVEGE,2989,已保存價格紀錄
2026-05-21,Jordan1,男鞋,PChome,AIR JORDAN 1 LOW 男鞋 籃球鞋 白黑 奶茶-553558153,https://24h.pchome.com.tw/prod/DXAX7S-A900J0I16,2996,已保存價格紀錄
2026-05-21,Jordan1,男鞋,PChome,AIR JORDAN 1 LOW SE 男鞋 籃球鞋 白 冰川藍-HJ5999400,https://24h.pchome.com.tw/prod/DXAX7S-A900J0I85,2996,已保存價格紀錄
2026-05-21,Jordan1,男鞋,PChome,休閒鞋 Air Jordan 1 High OG 男鞋 UNC Reimagined 藍 AJ1 DZ5485-402,https://24h.pchome.com.tw/prod/DXAX69-A900J0L0M,3580,已保存價格紀錄
2026-05-21,Jordan1,男鞋,momo購物網,【NIKE 耐吉】穆勒鞋 Air Jordan 1 Mule Golf 男鞋 女鞋 限量 經典 高爾夫 FJ1214-004 FJ1214-101,https://www.momoshop.com.tw/goods/GoodsDetail.jsp?i_code=15242858&Area=search&mdiv=403&oid=1_11&cid=index&kw=Jordan1,3511,已保存價格紀錄
2026-05-21,Jordan1,男鞋,momo購物網,【NIKE 耐吉】穆勒鞋 Air Jordan 1 Mule Golf 男鞋 女鞋 限量 經典 高爾夫 FJ1214-004 FJ1214-101,https://www.momoshop.com.tw/goods/GoodsDetail.jsp?i_code=15242858&Area=search&mdiv=403&oid=1_14&cid=index&kw=Jordan,3511,已保存價格紀錄
2026-05-21,Jordan1,男鞋,PChome,休閒鞋 Wmns Air Jordan 11 Retro Low 女鞋 男鞋 Igloo 蒂芬妮綠 AH7860-103,https://24h.pchome.com.tw/prod/DXAX69-A900IXE2T,3680,已保存價格紀錄
2026-05-21,Jordan1,男鞋,PChome,Jordan 1 Retro High OG UNC Reimagined 北卡藍 高筒 男鞋 DZ5485-402,https://24h.pchome.com.tw/prod/DXAX69-A900ISDJ6,4021,已保存價格紀錄
2026-05-21,Jordan1,男鞋,PChome,休閒鞋 Air Jordan 1 Retro High OG 男鞋 橘 黑 喬丹 灌碎 扣碎 AJ1 DZ5485-008,https://24h.pchome.com.tw/prod/DXAX69-A900J2RRN,4280,已保存價格紀錄
2026-05-21,Jordan1,男鞋,PChome,高爾夫球鞋 Air Jordan 1 High Golf 男鞋 防水 黃 黑 Pollen 休閒鞋 DQ0660-700,https://24h.pchome.com.tw/prod/DXAX2B-A900J1R65,4410,已保存價格紀錄
2026-05-21,Jordan1,男鞋,PChome,Air Jordan 1 Mid SE GC 喜慶 紅白黑 金勾 AJ1 黑白 中國風 休閒鞋 男鞋 DV0576-176,https://24h.pchome.com.tw/prod/DXAX69-A900I9YH2,4682,已保存價格紀錄
2026-05-21,Jordan1,男鞋,momo購物網,【NIKE 耐吉】Air Jordan 11 Low University Blue 北卡藍 白藍 復古籃球鞋 男鞋 FV5104-100,https://www.momoshop.com.tw/goods/GoodsDetail.jsp?i_code=15252365&Area=search&mdiv=403&oid=1_16&cid=index&kw=Jordan,4619,已保存價格紀錄
2026-05-21,Jordan1,男鞋,PChome,AIR JORDAN 1 RETRO HIGH OG 男鞋 籃球鞋 北卡藍 白藍色-DZ5485402,https://24h.pchome.com.tw/prod/DXAX7S-A900IUZI0,4890,已保存價格紀錄
2026-05-21,Jordan1,男鞋,PChome,Wmns Air Jordan 1 Retro Low OG 'UNC' 女鞋 男鞋 藍 黑 白 AJ1 低筒 休閒鞋 CZ0775-104,https://24h.pchome.com.tw/prod/DXAX2B-A900IWVUU,5499,已保存價格紀錄
2026-05-21,Jordan1,男鞋,PChome,Air Jordan 1 Retro Low OG Year of the Dragon 龍年限定 青龍 休閒鞋 男鞋 FN3727-100,https://24h.pchome.com.tw/prod/DXAX2I-A900H2YM5,6374,已保存價格紀錄
2026-05-21,Jordan1,男鞋,PChome,Jordan 1 OG Dark Marina Blue 男鞋 黑色 藍色 AJ1 經典 高筒 休閒鞋 555088-404,https://24h.pchome.com.tw/prod/DXAX2E-A900F2VE7,6380,已保存價格紀錄
2026-05-21,Jordan1,男鞋,PChome,Air Jordan 1 男鞋 AJ1 黑色 白色 紅色 經典 高筒 籃球鞋 休閒鞋 555088-161,https://24h.pchome.com.tw/prod/DXAX2E-A900F2VEN,6480,已保存價格紀錄
2026-05-21,Jordan1,男鞋,PChome,Nike Air Jordan 11 Retro Low Bred 黑紅 亮面 低筒 休閒鞋 男鞋 528895-012,https://24h.pchome.com.tw/prod/DXAX69-A900IUWYD,6846,已保存價格紀錄
2026-05-21,Jordan1,男鞋,momo購物網,【NIKE 耐吉】Nike Air Jordan 1 Low OG Banned 黑紅 禁穿 男鞋 IW6276-001, https://www.momoshop.com.tw/TP/TP0000668/goodsDetail/TP00006680001921,4280,已保存價格紀錄
2026-05-21,Jordan1,男鞋,PChome,"Air Jordan 1 Low Wmns ""Wolf Grey"" 女鞋 男鞋 小Dior 小迪奧 灰 白 休閒鞋DC0774-105",https://24h.pchome.com.tw/prod/DXAX2B-A900IWVW6,7380,已保存價格紀錄
2026-05-21,Jordan1,男鞋,momo購物網,【Jordan】CT8013-117 Jordan Air Jordan 12 Retro Taxi 舒適 回彈 高幫 復古籃球鞋 男款 白黑, https://www.momoshop.com.tw/TP/TP0009562/goodsDetail/TP00095620010080,6750,已保存價格紀錄
2026-05-21,NIKE dunk 熊貓,男鞋,momo購物網,【NIKE 耐吉】運動鞋 休閒鞋 板鞋 NIKE DUNK LOW RETRO 男鞋 熊貓 Dior灰 復古 多款(HF5441-107&),https://www.momoshop.com.tw/goods/GoodsDetail.jsp?i_code=14086690&Area=search&mdiv=403&oid=1_1&cid=index&kw=Dunk,2099,已保存價格紀錄
2026-05-21,NIKE dunk 熊貓,男鞋,momo購物網,【NIKE 耐吉】運動鞋 休閒鞋 板鞋 NIKE DUNK LOW RETRO 男鞋 熊貓 Dior灰 復古 多款(HF5441-107&),https://www.momoshop.com.tw/goods/GoodsDetail.jsp?i_code=14086690&Area=search&mdiv=403&oid=1_1&cid=index&kw=NIKE%2Bdunk%2B%E7%86%8A%E8%B2%93,2099,已保存價格紀錄
2026-05-21,NIKE dunk 熊貓,男鞋,momo購物網,【NIKE 耐吉】運動鞋 休閒鞋 男鞋 NIKE DUNK LOW RETRO SE 板鞋 緩震 亮皮 熊貓 黑白(HQ1965100),https://www.momoshop.com.tw/goods/GoodsDetail.jsp?i_code=14353262&Area=search&mdiv=403&oid=1_21&cid=index&kw=NIKE%2Bdunk%2B%E7%86%8A%E8%B2%93,2233,已保存價格紀錄
2026-05-21,NIKE dunk 熊貓,男鞋,momo購物網,【NIKE 耐吉】熊貓出清!!!休閒鞋 Nike Dunk Low Retro 經典款 低筒 黑白 熊貓 男鞋 HF5441-100, https://www.momoshop.com.tw/TP/TP0000087/goodsDetail/TP00000870000054,2099,已保存價格紀錄
2026-05-21,NIKE dunk 熊貓,男鞋,momo購物網,【NIKE 耐吉】休閒鞋 Dunk Low Retro SE 男鞋 熊貓 毛絨 麂皮 黑 米白(IB2990-100),https://www.momoshop.com.tw/goods/GoodsDetail.jsp?i_code=14325239&Area=search&mdiv=403&oid=1_11&cid=index&kw=NIKE%2Bdunk%2B%E7%86%8A%E8%B2%93,2322,已保存價格紀錄
2026-05-21,NIKE dunk 熊貓,男鞋,momo購物網,【NIKE 耐吉】運動鞋 休閒鞋 男鞋 女鞋 DUNK LOW RETRO White Black Panda 2025 黑白 熊貓(HF5441100),https://www.momoshop.com.tw/goods/GoodsDetail.jsp?i_code=13674659&Area=search&mdiv=403&oid=1_3&cid=index&kw=NIKE%2Bdunk%2B%E7%86%8A%E8%B2%93,2454,已保存價格紀錄
2026-05-21,NIKE dunk 熊貓,男鞋,momo購物網,【NIKE 耐吉】運動鞋 休閒鞋 男鞋 女鞋 DUNK LOW RETRO White Black Panda 2025 黑白 熊貓(HF5441100),https://www.momoshop.com.tw/goods/GoodsDetail.jsp?i_code=13674659&Area=search&mdiv=403&oid=1_25&cid=index&kw=Dunk,2454,已保存價格紀錄
2026-05-21,NIKE dunk 熊貓,男鞋,momo購物網,【NIKE 耐吉】Dunk Low Retro 男鞋 黑白色 熊貓 低筒 Dunk 休閒 皮革 透氣 休閒鞋 HF5441-100,https://www.momoshop.com.tw/goods/GoodsDetail.jsp?i_code=13663580&Area=search&mdiv=403&oid=1_19&cid=index&kw=NIKE%2Bdunk%2B%E7%86%8A%E8%B2%93,2451,已保存價格紀錄
2026-05-21,NIKE dunk 熊貓,男鞋,momo購物網,【NIKE 耐吉】DUNK LOW RETRO 男鞋 休閒鞋 運動鞋 經典 百搭 熊貓 黑白(HF5441100),https://www.momoshop.com.tw/goods/GoodsDetail.jsp?i_code=13836734&Area=search&mdiv=403&oid=1_9&cid=index&kw=NIKE%2Bdunk%2B%E7%86%8A%E8%B2%93,2517,已保存價格紀錄
2026-05-21,NIKE dunk 熊貓,男鞋,momo購物網,【NIKE 耐吉】休閒鞋 男鞋 運動鞋 DUNK LOW RETRO SE 毛毛熊貓 IB2990-100,https://www.momoshop.com.tw/goods/GoodsDetail.jsp?i_code=14433334&Area=search&mdiv=403&oid=1_16&cid=index&kw=NIKE%2Bdunk%2B%E7%86%8A%E8%B2%93,2166,已保存價格紀錄
2026-05-21,NIKE dunk 熊貓,男鞋,momo購物網,【NIKE 耐吉】休閒鞋 男鞋 運動鞋 DUNK LOW RETRO SE 熊貓 HQ1965-100,https://www.momoshop.com.tw/goods/GoodsDetail.jsp?i_code=14433337&Area=search&mdiv=403&oid=1_10&cid=index&kw=NIKE%2Bdunk%2B%E7%86%8A%E8%B2%93,2166,已保存價格紀錄
2026-05-21,NIKE dunk 熊貓,男鞋,momo購物網,【NIKE 耐吉】休閒鞋 W Dunk Low 女鞋 男鞋 黑白浮雕 反轉熊貓 馬年 穿搭 潮流 限量 IF3944-001,https://www.momoshop.com.tw/goods/GoodsDetail.jsp?i_code=14988639&Area=search&mdiv=403&oid=1_17&cid=index&kw=Dunk,4417,已保存價格紀錄
2026-05-21,NIKE dunk 熊貓,男鞋,momo購物網,【NIKE 耐吉】休閒鞋 W Dunk Low 女鞋 男鞋 黑白浮雕 反轉熊貓 馬年 穿搭 潮流 限量 IF3944-001,https://www.momoshop.com.tw/goods/GoodsDetail.jsp?i_code=14988639&Area=search&mdiv=403&oid=1_7&cid=index&kw=NIKE%2Bdunk%2B%E7%86%8A%E8%B2%93,4417,已保存價格紀錄
2026-05-21,NIKE dunk 熊貓,女鞋,momo購物網,【NIKE 耐吉】休閒鞋 運動鞋 NIKE DUNK LOW 女鞋 黑白黃藍米紫 熊貓 魚骨灰 多款(FV1311-100&),https://www.momoshop.com.tw/goods/GoodsDetail.jsp?i_code=12039259&Area=search&mdiv=403&oid=1_6&cid=index&kw=NIKE%2Bdunk%2B%E7%86%8A%E8%B2%93,2099,已保存價格紀錄
2026-05-21,NIKE dunk 熊貓,女鞋,momo購物網,【NIKE 耐吉】休閒鞋 運動鞋 NIKE DUNK LOW 女鞋 黑白黃藍米紫 熊貓 魚骨灰 多款(FV1311-100&),https://www.momoshop.com.tw/goods/GoodsDetail.jsp?i_code=12039259&Area=search&mdiv=403&oid=1_10&cid=index&kw=Dunk,2099,已保存價格紀錄
2026-05-21,NIKE dunk 熊貓,女鞋,momo購物網,【NIKE 耐吉】運動鞋 休閒鞋 女鞋 W NIKE DUNK LOW 緩震 抓地力 經典 低筒 熊貓 黑 白(DD1503101),https://www.momoshop.com.tw/goods/GoodsDetail.jsp?i_code=14270959&Area=search&mdiv=403&oid=1_4&cid=index&kw=NIKE%2Bdunk%2B%E7%86%8A%E8%B2%93,2089,已保存價格紀錄
2026-05-21,NIKE dunk 熊貓,女鞋,momo購物網,【NIKE 耐吉】運動鞋 休閒鞋 女鞋 W NIKE DUNK LOW 緩震 抓地力 經典 低筒 熊貓 黑 白(DD1503101),https://www.momoshop.com.tw/goods/GoodsDetail.jsp?i_code=14270959&Area=search&mdiv=403&oid=1_11&cid=index&kw=Dunk,2089,已保存價格紀錄
2026-05-21,NIKE dunk 熊貓,女鞋,momo購物網,【NIKE 耐吉】運動鞋 休閒鞋 W NIKE DUNK LOW 女鞋 復古鞋 經典 熊貓 灰白 多色(DD1503-101&),https://www.momoshop.com.tw/goods/GoodsDetail.jsp?i_code=14581234&Area=search&mdiv=403&oid=1_2&cid=index&kw=Dunk,2099,已保存價格紀錄
2026-05-21,NIKE dunk 熊貓,女鞋,momo購物網,【NIKE 耐吉】運動鞋 休閒鞋 W NIKE DUNK LOW 女鞋 復古鞋 經典 熊貓 灰白 多色(DD1503-101&),https://www.momoshop.com.tw/goods/GoodsDetail.jsp?i_code=14581234&Area=search&mdiv=403&oid=1_2&cid=index&kw=NIKE%2Bdunk%2B%E7%86%8A%E8%B2%93,2099,已保存價格紀錄
2026-05-21,NIKE dunk 熊貓,女鞋,momo購物網,【NIKE 耐吉】休閒鞋 Dunk HI Retro 運動 男女鞋 經典款 高筒 熊貓配色 情侶穿搭 皮革 黑 白(DD1399-105),https://www.momoshop.com.tw/goods/GoodsDetail.jsp?i_code=9774100&Area=search&mdiv=403&oid=1_20&cid=index&kw=NIKE%2Bdunk%2B%E7%86%8A%E8%B2%93,2356,已保存價格紀錄
2026-05-21,NIKE dunk 熊貓,女鞋,momo購物網,【NIKE 耐吉】運動鞋 休閒鞋 男鞋 女鞋 DUNK LOW RETRO White Black Panda 2025 黑白 熊貓(HF5441100),https://www.momoshop.com.tw/goods/GoodsDetail.jsp?i_code=13674659&Area=search&mdiv=403&oid=1_3&cid=index&kw=NIKE%2Bdunk%2B%E7%86%8A%E8%B2%93,2454,已保存價格紀錄
2026-05-21,NIKE dunk 熊貓,女鞋,momo購物網,【NIKE 耐吉】運動鞋 休閒鞋 男鞋 女鞋 DUNK LOW RETRO White Black Panda 2025 黑白 熊貓(HF5441100),https://www.momoshop.com.tw/goods/GoodsDetail.jsp?i_code=13674659&Area=search&mdiv=403&oid=1_25&cid=index&kw=Dunk,2454,已保存價格紀錄
2026-05-21,NIKE dunk 熊貓,女鞋,momo購物網,【NIKE 耐吉】休閒鞋 熊貓 Dunk Low 女鞋 復刻 Black 黑 白(DD1503-101),https://www.momoshop.com.tw/goods/GoodsDetail.jsp?i_code=8409346&Area=search&mdiv=403&oid=1_17&cid=index&kw=NIKE%2Bdunk%2B%E7%86%8A%E8%B2%93,2451,已保存價格紀錄
2026-05-21,NIKE dunk 熊貓,女鞋,momo購物網,【NIKE 耐吉】休閒鞋 W Dunk Low 女鞋 男鞋 黑白浮雕 反轉熊貓 馬年 穿搭 潮流 限量 IF3944-001,https://www.momoshop.com.tw/goods/GoodsDetail.jsp?i_code=14988639&Area=search&mdiv=403&oid=1_17&cid=index&kw=Dunk,4417,已保存價格紀錄
2026-05-21,NIKE dunk 熊貓,女鞋,momo購物網,【NIKE 耐吉】休閒鞋 W Dunk Low 女鞋 男鞋 黑白浮雕 反轉熊貓 馬年 穿搭 潮流 限量 IF3944-001,https://www.momoshop.com.tw/goods/GoodsDetail.jsp?i_code=14988639&Area=search&mdiv=403&oid=1_7&cid=index&kw=NIKE%2Bdunk%2B%E7%86%8A%E8%B2%93,4417,已保存價格紀錄
2026-05-21,NIKE dunk 熊貓,全部,momo購物網,【NIKE 耐吉】童鞋 Dunk Low TDE 熊貓 黑 白 小童 學步鞋 親子鞋 經典款(CW1589-100),https://www.momoshop.com.tw/goods/GoodsDetail.jsp?i_code=10702094&Area=search&mdiv=403&oid=1_18&cid=index&kw=NIKE%2Bdunk%2B%E7%86%8A%E8%B2%93,1406,已保存價格紀錄
2026-05-21,NIKE dunk 熊貓,全部,momo購物網,【NIKE 耐吉】Nike Dunk Low WHITE BLACK 黑白 熊貓 大童 休閒鞋 CW1590-100,https://www.momoshop.com.tw/goods/GoodsDetail.jsp?i_code=10312827&Area=search&mdiv=403&oid=1_5&cid=index&kw=NIKE%2Bdunk%2B%E7%86%8A%E8%B2%93,1691,已保存價格紀錄
2026-05-21,NIKE dunk 熊貓,全部,momo購物網,【NIKE 耐吉】DUNK LOW GS 女鞋 大童 休閒鞋 運動鞋 熊貓 黑白(CW1590100),https://www.momoshop.com.tw/goods/GoodsDetail.jsp?i_code=13437561&Area=search&mdiv=403&oid=1_23&cid=index&kw=NIKE%2Bdunk%2B%E7%86%8A%E8%B2%93,1846,已保存價格紀錄
2026-05-21,NIKE dunk 熊貓,全部,momo購物網,【NIKE 耐吉】DUNK LOW PS 中童 兒童 休閒鞋 經典 親子 熊貓 黑白(CW1588100),https://www.momoshop.com.tw/goods/GoodsDetail.jsp?i_code=14563037&Area=search&mdiv=403&oid=1_15&cid=index&kw=NIKE%2Bdunk%2B%E7%86%8A%E8%B2%93,1584,已保存價格紀錄
2026-05-21,NIKE dunk 熊貓,全部,momo購物網,【NIKE 耐吉】NIKE Dunk Low CW1588-100 親子穿搭 潮流 經典 中童鞋 休閒鞋 低筒 黑白 熊貓, https://www.momoshop.com.tw/TP/TP0003634/goodsDetail/TP00036340000331,1680,已保存價格紀錄
2026-05-21,NIKE dunk 熊貓,全部,momo購物網,【NIKE 耐吉】休閒鞋 運動鞋 NIKE DUNK LOW 女鞋 黑白黃藍米紫 熊貓 魚骨灰 多款(FV1311-100&),https://www.momoshop.com.tw/goods/GoodsDetail.jsp?i_code=12039259&Area=search&mdiv=403&oid=1_6&cid=index&kw=NIKE%2Bdunk%2B%E7%86%8A%E8%B2%93,2099,已保存價格紀錄
2026-05-21,NIKE dunk 熊貓,全部,momo購物網,【NIKE 耐吉】休閒鞋 運動鞋 NIKE DUNK LOW 女鞋 黑白黃藍米紫 熊貓 魚骨灰 多款(FV1311-100&),https://www.momoshop.com.tw/goods/GoodsDetail.jsp?i_code=12039259&Area=search&mdiv=403&oid=1_10&cid=index&kw=Dunk,2099,已保存價格紀錄
2026-05-21,NIKE dunk 熊貓,全部,momo購物網,【NIKE 耐吉】Dunk Low Retro 中童 黑白色 熊貓 休閒鞋 CW1588-100,https://www.momoshop.com.tw/goods/GoodsDetail.jsp?i_code=14428234&Area=search&mdiv=403&oid=1_14&cid=index&kw=NIKE%2Bdunk%2B%E7%86%8A%E8%B2%93,1839,已保存價格紀錄
2026-05-21,NIKE dunk 熊貓,全部,momo購物網,【NIKE 耐吉】運動鞋 休閒鞋 女鞋 W NIKE DUNK LOW 緩震 抓地力 經典 低筒 熊貓 黑 白(DD1503101),https://www.momoshop.com.tw/goods/GoodsDetail.jsp?i_code=14270959&Area=search&mdiv=403&oid=1_4&cid=index&kw=NIKE%2Bdunk%2B%E7%86%8A%E8%B2%93,2089,已保存價格紀錄
2026-05-21,NIKE dunk 熊貓,全部,momo購物網,【NIKE 耐吉】運動鞋 休閒鞋 女鞋 W NIKE DUNK LOW 緩震 抓地力 經典 低筒 熊貓 黑 白(DD1503101),https://www.momoshop.com.tw/goods/GoodsDetail.jsp?i_code=14270959&Area=search&mdiv=403&oid=1_11&cid=index&kw=Dunk,2089,已保存價格紀錄
2026-05-21,NIKE dunk 熊貓,全部,momo購物網,【NIKE 耐吉】運動鞋 休閒鞋 板鞋 NIKE DUNK LOW RETRO 男鞋 熊貓 Dior灰 復古 多款(HF5441-107&),https://www.momoshop.com.tw/goods/GoodsDetail.jsp?i_code=14086690&Area=search&mdiv=403&oid=1_1&cid=index&kw=Dunk,2099,已保存價格紀錄
2026-05-21,NIKE dunk 熊貓,全部,momo購物網,【NIKE 耐吉】運動鞋 休閒鞋 板鞋 NIKE DUNK LOW RETRO 男鞋 熊貓 Dior灰 復古 多款(HF5441-107&),https://www.momoshop.com.tw/goods/GoodsDetail.jsp?i_code=14086690&Area=search&mdiv=403&oid=1_1&cid=index&kw=NIKE%2Bdunk%2B%E7%86%8A%E8%B2%93,2099,已保存價格紀錄
2026-05-21,NIKE dunk 熊貓,全部,momo購物網,【NIKE 耐吉】NIKE DUNK LOW GS CW1590-100 女鞋 大童 休閒鞋 運動鞋 熊貓 黑白, https://www.momoshop.com.tw/TP/TP0003634/goodsDetail/TP00036340000458,1990,已保存價格紀錄
2026-05-21,NIKE dunk 熊貓,全部,momo購物網,【NIKE 耐吉】休閒鞋 熊貓 Dunk Low GS 大童 黑白 經典款 皮革 女鞋 CW1590-100,https://www.momoshop.com.tw/goods/GoodsDetail.jsp?i_code=10430998&Area=search&mdiv=403&oid=1_8&cid=index&kw=NIKE%2Bdunk%2B%E7%86%8A%E8%B2%93,1819,已保存價格紀錄
2026-05-21,NIKE dunk 熊貓,全部,momo購物網,【NIKE 耐吉】運動鞋 休閒鞋 女鞋 中大童 男鞋 NIKE DUNK LOW GS 黑白 熊貓 經典(CW1590100),https://www.momoshop.com.tw/goods/GoodsDetail.jsp?i_code=13387188&Area=search&mdiv=403&oid=1_22&cid=index&kw=NIKE%2Bdunk%2B%E7%86%8A%E8%B2%93,1949,已保存價格紀錄
2026-05-21,NIKE dunk 熊貓,全部,momo購物網,【NIKE 耐吉】運動鞋 休閒鞋 W NIKE DUNK LOW 女鞋 復古鞋 經典 熊貓 灰白 多色(DD1503-101&),https://www.momoshop.com.tw/goods/GoodsDetail.jsp?i_code=14581234&Area=search&mdiv=403&oid=1_2&cid=index&kw=Dunk,2099,已保存價格紀錄
2026-05-21,NIKE dunk 熊貓,全部,momo購物網,【NIKE 耐吉】運動鞋 休閒鞋 W NIKE DUNK LOW 女鞋 復古鞋 經典 熊貓 灰白 多色(DD1503-101&),https://www.momoshop.com.tw/goods/GoodsDetail.jsp?i_code=14581234&Area=search&mdiv=403&oid=1_2&cid=index&kw=NIKE%2Bdunk%2B%E7%86%8A%E8%B2%93,2099,已保存價格紀錄
2026-05-21,NIKE dunk 熊貓,全部,momo購物網,【NIKE 耐吉】休閒鞋 熊貓 Dunk Low GS 大童鞋 經典 皮革 白 黑 女鞋(CW1590-100),https://www.momoshop.com.tw/goods/GoodsDetail.jsp?i_code=8423997&Area=search&mdiv=403&oid=1_12&cid=index&kw=NIKE%2Bdunk%2B%E7%86%8A%E8%B2%93,2166,已保存價格紀錄
2026-05-21,NIKE dunk 熊貓,全部,momo購物網,【NIKE 耐吉】運動鞋 休閒鞋 男鞋 NIKE DUNK LOW RETRO SE 板鞋 緩震 亮皮 熊貓 黑白(HQ1965100),https://www.momoshop.com.tw/goods/GoodsDetail.jsp?i_code=14353262&Area=search&mdiv=403&oid=1_21&cid=index&kw=NIKE%2Bdunk%2B%E7%86%8A%E8%B2%93,2233,已保存價格紀錄
2026-05-21,NIKE dunk 熊貓,全部,momo購物網,【NIKE 耐吉】休閒鞋 Dunk HI Retro 運動 男女鞋 經典款 高筒 熊貓配色 情侶穿搭 皮革 黑 白(DD1399-105),https://www.momoshop.com.tw/goods/GoodsDetail.jsp?i_code=9774100&Area=search&mdiv=403&oid=1_20&cid=index&kw=NIKE%2Bdunk%2B%E7%86%8A%E8%B2%93,2356,已保存價格紀錄
2026-05-21,NIKE dunk 熊貓,全部,momo購物網,【NIKE 耐吉】熊貓出清!!!休閒鞋 Nike Dunk Low Retro 經典款 低筒 黑白 熊貓 男鞋 HF5441-100, https://www.momoshop.com.tw/TP/TP0000087/goodsDetail/TP00000870000054,2099,已保存價格紀錄
2026-05-21,NIKE dunk 熊貓,全部,momo購物網,【NIKE 耐吉】休閒鞋 Dunk Low Retro SE 男鞋 熊貓 毛絨 麂皮 黑 米白(IB2990-100),https://www.momoshop.com.tw/goods/GoodsDetail.jsp?i_code=14325239&Area=search&mdiv=403&oid=1_11&cid=index&kw=NIKE%2Bdunk%2B%E7%86%8A%E8%B2%93,2322,已保存價格紀錄
2026-05-21,NIKE dunk 熊貓,全部,momo購物網,【NIKE 耐吉】運動鞋 休閒鞋 男鞋 女鞋 DUNK LOW RETRO White Black Panda 2025 黑白 熊貓(HF5441100),https://www.momoshop.com.tw/goods/GoodsDetail.jsp?i_code=13674659&Area=search&mdiv=403&oid=1_3&cid=index&kw=NIKE%2Bdunk%2B%E7%86%8A%E8%B2%93,2454,已保存價格紀錄
2026-05-21,NIKE dunk 熊貓,全部,momo購物網,【NIKE 耐吉】運動鞋 休閒鞋 男鞋 女鞋 DUNK LOW RETRO White Black Panda 2025 黑白 熊貓(HF5441100),https://www.momoshop.com.tw/goods/GoodsDetail.jsp?i_code=13674659&Area=search&mdiv=403&oid=1_25&cid=index&kw=Dunk,2454,已保存價格紀錄
2026-05-21,NIKE dunk 熊貓,全部,momo購物網,【NIKE 耐吉】休閒鞋 熊貓 Dunk Low GS 大童 黑白 經典款 皮革 女鞋 CW1590-100, https://www.momoshop.com.tw/TP/TP0000087/goodsDetail/TP00000870000016,1820,已保存價格紀錄
2026-05-21,NIKE dunk 熊貓,全部,momo購物網,【NIKE 耐吉】休閒鞋 熊貓 Dunk Low 女鞋 復刻 Black 黑 白(DD1503-101),https://www.momoshop.com.tw/goods/GoodsDetail.jsp?i_code=8409346&Area=search&mdiv=403&oid=1_17&cid=index&kw=NIKE%2Bdunk%2B%E7%86%8A%E8%B2%93,2451,已保存價格紀錄
2026-05-21,NIKE dunk 熊貓,全部,momo購物網,【NIKE 耐吉】Dunk Low Retro 男鞋 黑白色 熊貓 低筒 Dunk 休閒 皮革 透氣 休閒鞋 HF5441-100,https://www.momoshop.com.tw/goods/GoodsDetail.jsp?i_code=13663580&Area=search&mdiv=403&oid=1_19&cid=index&kw=NIKE%2Bdunk%2B%E7%86%8A%E8%B2%93,2451,已保存價格紀錄
2026-05-21,NIKE dunk 熊貓,全部,momo購物網,【NIKE 耐吉】Dunk Low Retro 男 運動休閒鞋 低筒 復古 舒適 穿搭 熊貓 黑白(HF5441-100),https://www.momoshop.com.tw/goods/GoodsDetail.jsp?i_code=13649763&Area=search&mdiv=403&oid=1_13&cid=index&kw=NIKE%2Bdunk%2B%E7%86%8A%E8%B2%93,2581,已保存價格紀錄
2026-05-21,NIKE dunk 熊貓,全部,momo購物網,【NIKE 耐吉】DUNK LOW RETRO 男鞋 休閒鞋 運動鞋 經典 百搭 熊貓 黑白(HF5441100),https://www.momoshop.com.tw/goods/GoodsDetail.jsp?i_code=13836734&Area=search&mdiv=403&oid=1_9&cid=index&kw=NIKE%2Bdunk%2B%E7%86%8A%E8%B2%93,2517,已保存價格紀錄
2026-05-21,NIKE dunk 熊貓,全部,momo購物網,【NIKE 耐吉】Nike Dunk Low WHITE BLACK 黑白 熊貓 大童 休閒鞋 CW1590-100, https://www.momoshop.com.tw/TP/TP0004485/goodsDetail/TP00044850000212,1764,已保存價格紀錄
2026-05-21,NIKE dunk 熊貓,全部,PChome,Nike Dunk Low GS CW1590-100 大童 休閒鞋 經典 運動 低筒 滑板 熊貓 簡約 穿搭 黑白,https://24h.pchome.com.tw/prod/DXAX7T-A900JBQC2,2133,已保存價格紀錄
2026-05-21,NIKE dunk 熊貓,全部,PChome,Nike W Dunk Low Twist [DZ2794-001] 女 休閒鞋 運動 經典 低筒 流行 穿搭 熊貓 黑白,https://24h.pchome.com.tw/prod/DXAX69-A900IE2N2,2200,已保存價格紀錄
2026-05-21,NIKE dunk 熊貓,全部,momo購物網,【NIKE 耐吉】休閒鞋 男鞋 運動鞋 DUNK LOW RETRO SE 毛毛熊貓 IB2990-100,https://www.momoshop.com.tw/goods/GoodsDetail.jsp?i_code=14433334&Area=search&mdiv=403&oid=1_16&cid=index&kw=NIKE%2Bdunk%2B%E7%86%8A%E8%B2%93,2166,已保存價格紀錄
2026-05-21,NIKE dunk 熊貓,全部,momo購物網,【NIKE 耐吉】休閒鞋 男鞋 運動鞋 DUNK LOW RETRO SE 熊貓 HQ1965-100,https://www.momoshop.com.tw/goods/GoodsDetail.jsp?i_code=14433337&Area=search&mdiv=403&oid=1_10&cid=index&kw=NIKE%2Bdunk%2B%E7%86%8A%E8%B2%93,2166,已保存價格紀錄
2026-05-21,NIKE dunk 熊貓,全部,PChome,NIKE 休閒鞋 DUNK LOW GS 黑白 熊貓 大童 女 CW1590-100,https://24h.pchome.com.tw/prod/DXAX69-A900JQGBW,2430,已保存價格紀錄
2026-05-21,NIKE dunk 熊貓,全部,momo購物網,【NIKE 耐吉】休閒鞋 W Dunk Low 女鞋 男鞋 黑白浮雕 反轉熊貓 馬年 穿搭 潮流 限量 IF3944-001,https://www.momoshop.com.tw/goods/GoodsDetail.jsp?i_code=14988639&Area=search&mdiv=403&oid=1_17&cid=index&kw=Dunk,4417,已保存價格紀錄
2026-05-21,NIKE dunk 熊貓,全部,momo購物網,【NIKE 耐吉】休閒鞋 W Dunk Low 女鞋 男鞋 黑白浮雕 反轉熊貓 馬年 穿搭 潮流 限量 IF3944-001,https://www.momoshop.com.tw/goods/GoodsDetail.jsp?i_code=14988639&Area=search&mdiv=403&oid=1_7&cid=index&kw=NIKE%2Bdunk%2B%E7%86%8A%E8%B2%93,4417,已保存價格紀錄
2026-05-21,NIKE dunk 熊貓,全部,PChome,NIKE 休閒鞋 DUNK LOW RETRO 黑白 熊貓 經典 復古 男 HF5441-100,https://24h.pchome.com.tw/prod/DXAX69-A900JO6GN,2890,已保存價格紀錄
2026-05-21,NIKE dunk 熊貓,全部,momo購物網,【NIKE 耐吉】Nike Court 小DUNK 小熊貓 黑白 兒童 運動鞋 童鞋 板鞋 休閒鞋 DN1230-100, https://www.momoshop.com.tw/TP/TP0004022/goodsDetail/TP00040220000574,1900,已保存價格紀錄
2026-05-21,NIKE dunk 熊貓,全部,momo購物網,NIKE dunk 熊貓 經典低筒,https://www.momoshop.com.tw/search/searchShop.jsp?keyword=NIKE+dunk+%E7%86%8A%E8%B2%93+%E7%B6%93%E5%85%B8%E4%BD%8E%E7%AD%92,5764,已保存價格紀錄
2026-05-21,NIKE dunk 熊貓,全部,PChome,NIKE dunk 熊貓 復刻高筒,https://ecshweb.pchome.com.tw/search/v3.3/?q=NIKE+dunk+%E7%86%8A%E8%B2%93+%E5%BE%A9%E5%88%BB%E9%AB%98%E7%AD%92,6263,已保存價格紀錄
2026-05-21,NIKE dunk 熊貓,全部,momo購物網,NIKE dunk 熊貓 實戰籃球鞋,https://www.momoshop.com.tw/search/searchShop.jsp?keyword=NIKE+dunk+%E7%86%8A%E8%B2%93+%E5%AF%A6%E6%88%B0%E7%B1%83%E7%90%83%E9%9E%8B,6077,已保存價格紀錄
2026-05-21,NIKE dunk 熊貓,全部,momo購物網,NIKE dunk 熊貓 人氣休閒款,https://www.momoshop.com.tw/search/searchShop.jsp?keyword=NIKE+dunk+%E7%86%8A%E8%B2%93+%E4%BA%BA%E6%B0%A3%E4%BC%91%E9%96%92%E6%AC%BE,6308,已保存價格紀錄
2026-05-21,NIKE dunk 熊貓,全部,PChome,NIKE dunk 熊貓 限定配色,https://ecshweb.pchome.com.tw/search/v3.3/?q=NIKE+dunk+%E7%86%8A%E8%B2%93+%E9%99%90%E5%AE%9A%E9%85%8D%E8%89%B2,5668,已保存價格紀錄
2026-05-21,NIKE dunk 熊貓,全部,PChome,NIKE dunk 熊貓 輕量訓練款,https://ecshweb.pchome.com.tw/search/v3.3/?q=NIKE+dunk+%E7%86%8A%E8%B2%93+%E8%BC%95%E9%87%8F%E8%A8%93%E7%B7%B4%E6%AC%BE,6425,已保存價格紀錄
2026-05-21,Jordan 1,男鞋,momo購物網,【NIKE 耐吉】運動鞋 Slipper 拖鞋 涼鞋 男鞋 JORDAN FRANCHISE SLIDE SH 喬丹 防水 抓地力 黑(HQ2163001),https://www.momoshop.com.tw/goods/GoodsDetail.jsp?i_code=14312550&Area=search&mdiv=403&oid=1_12&cid=index&kw=Jordan,715,momo 即時搜尋資料（已保存）
2026-05-21,Jordan 1,男鞋,momo購物網,【NIKE 耐吉】運動鞋 休閒鞋 喬丹 低筒 AIR JORDAN 1 LOW 男鞋 藍白黑紅 AJ1 低 多款(553558-040&),https://www.momoshop.com.tw/goods/GoodsDetail.jsp?i_code=13831720&Area=search&mdiv=403&oid=1_1&cid=index&kw=Jordan%2B1,2099,momo 即時搜尋資料
2026-05-21,Jordan 1,男鞋,momo購物網,【NIKE 耐吉】運動鞋 休閒鞋 喬丹 低筒 AIR JORDAN 1 LOW 男鞋 藍白黑紅 AJ1 低 多款(553558-040&),https://www.momoshop.com.tw/goods/GoodsDetail.jsp?i_code=13831720&Area=search&mdiv=403&oid=1_2&cid=index&kw=Jordan,2099,momo 即時搜尋資料（已保存）
2026-05-21,Jordan 1,男鞋,momo購物網,【NIKE 耐吉】運動鞋 休閒鞋 喬丹 低筒 AIR JORDAN 1 LOW 男鞋 藍白黑紅 AJ1 低 多款(553558-040&),https://www.momoshop.com.tw/goods/GoodsDetail.jsp?i_code=13831720&Area=search&mdiv=403&oid=1_1&cid=index&kw=Jordan1,2099,momo 即時搜尋資料（已保存）（已保存）（已保存）（已保存）（已保存）（已保存）（已保存）（已保存）（已保存）（已保存）（已保存）（已保存）（已保存）（已保存）（已保存）（已保存）（已保存）
2026-05-21,Jordan 1,男鞋,momo購物網,【NIKE 耐吉】籃球鞋 運動鞋 AIR JORDAN 1 LOW 男款 黑(553558040),https://www.momoshop.com.tw/goods/GoodsDetail.jsp?i_code=11242241&Area=search&mdiv=403&oid=1_9&cid=index&kw=Jordan,1999,momo 即時搜尋資料（已保存）
2026-05-21,Jordan 1,男鞋,momo購物網,【NIKE 耐吉】籃球鞋 運動鞋 AIR JORDAN 1 LOW 男款 黑(553558040),https://www.momoshop.com.tw/goods/GoodsDetail.jsp?i_code=11242241&Area=search&mdiv=403&oid=1_3&cid=index&kw=Jordan%2B1,1999,momo 即時搜尋資料
2026-05-21,Jordan 1,男鞋,momo購物網,【NIKE 耐吉】籃球鞋 運動鞋 AIR JORDAN 1 LOW 男款 黑(553558040),https://www.momoshop.com.tw/goods/GoodsDetail.jsp?i_code=11242241&Area=search&mdiv=403&oid=1_3&cid=index&kw=Jordan1,1999,momo 即時搜尋資料（已保存）（已保存）（已保存）（已保存）（已保存）（已保存）（已保存）（已保存）（已保存）（已保存）（已保存）（已保存）（已保存）（已保存）（已保存）（已保存）（已保存）
2026-05-21,Jordan 1,男鞋,momo購物網,【NIKE 耐吉】運動鞋 籃球鞋 JORDAN LUKA 77 PF 男鞋 抓地力 室內鞋 多色 多款(IF1611-001&),https://www.momoshop.com.tw/goods/GoodsDetail.jsp?i_code=15155034&Area=search&mdiv=403&oid=1_4&cid=index&kw=Jordan,1999,momo 即時搜尋資料（已保存）
2026-05-21,Jordan 1,男鞋,momo購物網,【NIKE 耐吉】運動鞋 休閒鞋 喬丹 低筒 AIR JORDAN 1 LOW 男鞋 藍白黑紅 AJ1 低筒 多款(FN5214-141&),https://www.momoshop.com.tw/goods/GoodsDetail.jsp?i_code=11984036&Area=search&mdiv=403&oid=1_2&cid=index&kw=Jordan%2B1,2099,momo 即時搜尋資料
2026-05-21,Jordan 1,男鞋,momo購物網,【NIKE 耐吉】運動鞋 休閒鞋 喬丹 低筒 AIR JORDAN 1 LOW 男鞋 藍白黑紅 AJ1 低筒 多款(FN5214-141&),https://www.momoshop.com.tw/goods/GoodsDetail.jsp?i_code=11984036&Area=search&mdiv=403&oid=1_6&cid=index&kw=Jordan,2099,momo 即時搜尋資料（已保存）
2026-05-21,Jordan 1,男鞋,momo購物網,【NIKE 耐吉】運動鞋 休閒鞋 喬丹 低筒 AIR JORDAN 1 LOW 男鞋 藍白黑紅 AJ1 低筒 多款(FN5214-141&),https://www.momoshop.com.tw/goods/GoodsDetail.jsp?i_code=11984036&Area=search&mdiv=403&oid=1_2&cid=index&kw=Jordan1,2099,momo 即時搜尋資料（已保存）（已保存）（已保存）（已保存）（已保存）（已保存）（已保存）（已保存）（已保存）（已保存）（已保存）（已保存）（已保存）（已保存）（已保存）（已保存）（已保存）
2026-05-21,Jordan 1,男鞋,momo購物網,【NIKE 耐吉】運動鞋 籃球鞋 男鞋 JORDAN TRUNNER FLOW 緩震 舒適 耐穿 黑 (IO2091004),https://www.momoshop.com.tw/goods/GoodsDetail.jsp?i_code=15051099&Area=search&mdiv=403&oid=1_21&cid=index&kw=Jordan,1652,momo 即時搜尋資料（已保存）
2026-05-21,Jordan 1,男鞋,momo購物網,【NIKE 耐吉】籃球鞋 運動鞋 AIR JORDAN 1 LOW SE 男鞋 灰藍白(FZ5042041),https://www.momoshop.com.tw/goods/GoodsDetail.jsp?i_code=12594077&Area=search&mdiv=403&oid=1_16&cid=index&kw=Jordan%2B1,2271,momo 即時搜尋資料
2026-05-21,Jordan 1,男鞋,momo購物網,【NIKE 耐吉】籃球鞋 運動鞋 AIR JORDAN 1 LOW SE 男鞋 灰藍白(FZ5042041),https://www.momoshop.com.tw/goods/GoodsDetail.jsp?i_code=12594077&Area=search&mdiv=403&oid=1_15&cid=index&kw=Jordan1,2271,momo 即時搜尋資料（已保存）（已保存）（已保存）（已保存）（已保存）（已保存）（已保存）（已保存）（已保存）（已保存）（已保存）（已保存）（已保存）（已保存）（已保存）（已保存）（已保存）
2026-05-21,Jordan 1,男鞋,momo購物網,【NIKE 耐吉】Air Jordan 1 Low SE 男鞋 北卡藍色 漆皮 AJ1 喬丹 低筒 休閒鞋 FZ2138-114,https://www.momoshop.com.tw/goods/GoodsDetail.jsp?i_code=13455274&Area=search&mdiv=403&oid=1_15&cid=index&kw=Jordan%2B1,2166,momo 即時搜尋資料
2026-05-21,Jordan 1,男鞋,momo購物網,【NIKE 耐吉】運動鞋 休閒鞋 情侶鞋 AIR FORCE 1/JORDAN 1/DUNK 男鞋 AF1 AJ1 復古 黑白 多款(IR7011-121&),https://www.momoshop.com.tw/goods/GoodsDetail.jsp?i_code=15155029&Area=search&mdiv=403&oid=1_19&cid=index&kw=Jordan,2299,momo 即時搜尋資料（已保存）
2026-05-21,Jordan 1,男鞋,momo購物網,【NIKE 耐吉】運動鞋 休閒鞋 情侶鞋 AIR FORCE 1/JORDAN 1/DUNK 男鞋 AF1 AJ1 復古 黑白 多款(IR7011-121&),https://www.momoshop.com.tw/goods/GoodsDetail.jsp?i_code=15155029&Area=search&mdiv=403&oid=1_13&cid=index&kw=Jordan1,2299,momo 即時搜尋資料（已保存）（已保存）（已保存）（已保存）（已保存）（已保存）（已保存）（已保存）（已保存）（已保存）（已保存）（已保存）（已保存）（已保存）（已保存）（已保存）（已保存）
2026-05-21,Jordan 1,男鞋,momo購物網,【NIKE 耐吉】運動鞋 休閒鞋 情侶鞋 AIR FORCE 1/JORDAN 1/DUNK 男鞋 AF1 AJ1 復古 黑白 多款(IR7011-121&),https://www.momoshop.com.tw/goods/GoodsDetail.jsp?i_code=15155029&Area=search&mdiv=403&oid=1_5&cid=index&kw=Jordan%2B1,2299,momo 即時搜尋資料
2026-05-21,Jordan 1,男鞋,momo購物網,【NIKE 耐吉】運動鞋 休閒鞋 情侶鞋 AIR FORCE 1/JORDAN 1/DUNK 男鞋 AF1 AJ1 復古 黑白 多款(IR7011-121&),https://www.momoshop.com.tw/goods/GoodsDetail.jsp?i_code=15155029&Area=search&mdiv=403&oid=1_21&cid=index&kw=Air%2BForce%2B1,2299,momo 即時搜尋資料（已保存）（已保存）（已保存）（已保存）（已保存）（已保存）（已保存）（已保存）（已保存）（已保存）（已保存）（已保存）（已保存）（已保存）（已保存）（已保存）（已保存）（已保存）（已保存）（已保存）（已保存）（已保存）（已保存）（已保存）（已保存）
2026-05-21,Jordan 1,男鞋,momo購物網,【NIKE 耐吉】運動鞋 休閒鞋 情侶鞋 AIR FORCE 1/JORDAN 1/DUNK 男鞋 AF1 AJ1 復古 黑白 多款(IR7011-121&),https://www.momoshop.com.tw/goods/GoodsDetail.jsp?i_code=15155029&Area=search&mdiv=403&oid=1_18&cid=index&kw=Dunk,2299,momo 即時搜尋資料（已保存）（已保存）（已保存）（已保存）（已保存）（已保存）（已保存）（已保存）（已保存）（已保存）（已保存）（已保存）（已保存）（已保存）（已保存）（已保存）（已保存）（已保存）（已保存）（已保存）（已保存）（已保存）（已保存）（已保存）（已保存）
2026-05-21,Jordan 1,男鞋,momo購物網,【NIKE 耐吉】運動鞋 籃球鞋 JORDAN TATUM 4 PF 男鞋 喬丹 NBA 氣墊 實戰 塔圖姆 多款(HQ4613-001&),https://www.momoshop.com.tw/goods/GoodsDetail.jsp?i_code=14863031&Area=search&mdiv=403&oid=1_1&cid=index&kw=Jordan,2199,momo 即時搜尋資料（已保存）
2026-05-21,Jordan 1,男鞋,momo購物網,【NIKE 耐吉】運動鞋 籃球鞋 男鞋 AIR JORDAN 1 LOW SE 喬丹 AJ1 麂皮 耐穿 藍 (IO7448400),https://www.momoshop.com.tw/goods/GoodsDetail.jsp?i_code=15006492&Area=search&mdiv=403&oid=1_12&cid=index&kw=Jordan%2B1,2436,momo 即時搜尋資料
2026-05-21,Jordan 1,男鞋,momo購物網,【NIKE 耐吉】休閒鞋 男鞋 運動鞋 喬丹 AIR JORDAN 1 LOW 紅黑 553558-606,https://www.momoshop.com.tw/goods/GoodsDetail.jsp?i_code=14794536&Area=search&mdiv=403&oid=1_8&cid=index&kw=Jordan%2B1,2279,momo 即時搜尋資料
2026-05-21,Jordan 1,男鞋,momo購物網,【NIKE 耐吉】休閒鞋 男鞋 運動鞋 喬丹 AIR JORDAN 1 LOW 紅黑 553558-606,https://www.momoshop.com.tw/goods/GoodsDetail.jsp?i_code=14794536&Area=search&mdiv=403&oid=1_20&cid=index&kw=Jordan1,2279,momo 即時搜尋資料（已保存）（已保存）（已保存）（已保存）（已保存）（已保存）（已保存）（已保存）（已保存）（已保存）（已保存）（已保存）（已保存）（已保存）（已保存）（已保存）（已保存）
2026-05-21,Jordan 1,男鞋,momo購物網,【NIKE 耐吉】休閒鞋 Air Jordan 1 Low 男鞋 米白 藍 AJ1 低筒 膠底(553558-146),https://www.momoshop.com.tw/goods/GoodsDetail.jsp?i_code=13876894&Area=search&mdiv=403&oid=1_20&cid=index&kw=Jordan%2B1,3021,momo 即時搜尋資料
2026-05-21,Jordan 1,男鞋,momo購物網,【NIKE 耐吉】運動鞋 休閒鞋 女鞋 男鞋 AIR JORDAN 1 LOW Wolf Grey White 灰白 AJ1 小Dior(DC0774105),https://www.momoshop.com.tw/goods/GoodsDetail.jsp?i_code=13372937&Area=search&mdiv=403&oid=1_5&cid=index&kw=Jordan1,2422,momo 即時搜尋資料（已保存）（已保存）（已保存）（已保存）（已保存）（已保存）（已保存）（已保存）（已保存）（已保存）（已保存）（已保存）（已保存）（已保存）（已保存）（已保存）（已保存）
2026-05-21,Jordan 1,男鞋,momo購物網,【NIKE 耐吉】AIR JORDAN 1 RETRO LOW OG 男鞋 休閒鞋 運動鞋 小閃電 皇家藍(CZ0790140),https://www.momoshop.com.tw/goods/GoodsDetail.jsp?i_code=14284795&Area=search&mdiv=403&oid=1_6&cid=index&kw=Jordan%2B1,2421,momo 即時搜尋資料
2026-05-21,Jordan 1,男鞋,momo購物網,【NIKE 耐吉】AIR JORDAN 1 RETRO LOW OG 男鞋 休閒鞋 運動鞋 小閃電 皇家藍(CZ0790140),https://www.momoshop.com.tw/goods/GoodsDetail.jsp?i_code=14284795&Area=search&mdiv=403&oid=1_23&cid=index&kw=Jordan,2421,momo 即時搜尋資料（已保存）
2026-05-21,Jordan 1,男鞋,momo購物網,【NIKE 耐吉】AIR JORDAN 1 RETRO LOW OG 男鞋 休閒鞋 運動鞋 小閃電 皇家藍(CZ0790140),https://www.momoshop.com.tw/goods/GoodsDetail.jsp?i_code=14284795&Area=search&mdiv=403&oid=1_16&cid=index&kw=Jordan1,2421,momo 即時搜尋資料（已保存）（已保存）（已保存）（已保存）（已保存）（已保存）（已保存）（已保存）（已保存）（已保存）（已保存）（已保存）（已保存）（已保存）（已保存）（已保存）（已保存）
2026-05-21,Jordan 1,男鞋,momo購物網,【NIKE 耐吉】JORDAN LUKA .77 PF 男鞋 籃球鞋 運動鞋 喬丹 紫(HF0819500),https://www.momoshop.com.tw/goods/GoodsDetail.jsp?i_code=14572146&Area=search&mdiv=403&oid=1_10&cid=index&kw=Jordan,1836,momo 即時搜尋資料（已保存）
2026-05-21,Jordan 1,男鞋,momo購物網,【NIKE 耐吉】Air Jordan 1 Low 深灰白 男鞋 553558-044 皮革 影子 灰勾, https://www.momoshop.com.tw/TP/TP0003634/goodsDetail/TP00036340001216,2980,momo 即時搜尋資料
2026-05-21,Jordan 1,男鞋,momo購物網,【NIKE 耐吉】Air Jordan 1 AJ1 Low 休閒鞋 553558-400 冰川藍 淺藍 男款 復古鞋, https://www.momoshop.com.tw/TP/TP0003634/goodsDetail/TP00036340001308,3030,momo 即時搜尋資料
2026-05-21,Jordan 1,男鞋,momo購物網,【NIKE 耐吉】籃球鞋 Air Jordan 39 XXXIX PF 男鞋 No Alteration 米白 氣墊(FQ0214-104),https://www.momoshop.com.tw/goods/GoodsDetail.jsp?i_code=14431223&Area=search&mdiv=403&oid=1_24&cid=index&kw=Jordan,3312,momo 即時搜尋資料（已保存）
2026-05-21,Jordan 1,男鞋,momo購物網,【NIKE 耐吉】Air Jordan 1 Low Orca 男鞋 休閒鞋 AJ1 熊貓 黑白(553558043),https://www.momoshop.com.tw/goods/GoodsDetail.jsp?i_code=13736339&Area=search&mdiv=403&oid=1_18&cid=index&kw=Jordan%2B1,1985,momo 即時搜尋資料
2026-05-21,Jordan 1,男鞋,momo購物網,【NIKE 耐吉】AIR JORDAN 1 RETRO HIGH OG 男鞋 休閒鞋 運動鞋 喬丹 AJ1 皇家藍 白(DZ5485100),https://www.momoshop.com.tw/goods/GoodsDetail.jsp?i_code=15174675&Area=search&mdiv=403&oid=1_23&cid=index&kw=Jordan%2B1,3114,momo 即時搜尋資料
2026-05-21,Jordan 1,男鞋,momo購物網,【NIKE 耐吉】運動鞋 籃球鞋 JORDAN LUKA 5 PF 男鞋 喬丹 NBA 氣墊 實戰 多款(HV8087-002&),https://www.momoshop.com.tw/goods/GoodsDetail.jsp?i_code=15033176&Area=search&mdiv=403&oid=1_7&cid=index&kw=Jordan,2699,momo 即時搜尋資料（已保存）
2026-05-21,Jordan 1,男鞋,momo購物網,【NIKE 耐吉】運動鞋 籃球鞋 男鞋 AIR JORDAN 1 LOW 喬丹 緩震 氣墊 抓地 經典 AJ1 藍白 (553558400),https://www.momoshop.com.tw/goods/GoodsDetail.jsp?i_code=14960710&Area=search&mdiv=403&oid=1_17&cid=index&kw=Jordan1,2359,momo 即時搜尋資料（已保存）（已保存）（已保存）（已保存）（已保存）（已保存）（已保存）（已保存）（已保存）（已保存）（已保存）（已保存）（已保存）（已保存）（已保存）（已保存）（已保存）
2026-05-21,Jordan 1,男鞋,momo購物網,【NIKE 耐吉】運動鞋 籃球鞋 男鞋 AIR JORDAN 1 LOW 喬丹 緩震 氣墊 抓地 經典 AJ1 藍白 (553558400),https://www.momoshop.com.tw/goods/GoodsDetail.jsp?i_code=14960710&Area=search&mdiv=403&oid=1_22&cid=index&kw=Jordan%2B1,2359,momo 即時搜尋資料
2026-05-21,Jordan 1,男鞋,momo購物網,【NIKE 耐吉】運動鞋 籃球鞋 男鞋 JORDAN TATUM 4 PF 氣墊 緩震 白色 (HQ4613102),https://www.momoshop.com.tw/goods/GoodsDetail.jsp?i_code=15144845&Area=search&mdiv=403&oid=1_5&cid=index&kw=Jordan,2565,momo 即時搜尋資料（已保存）
2026-05-21,Jordan 1,男鞋,momo購物網,【NIKE 耐吉】運動鞋 籃球鞋 男鞋 AIR JORDAN 1 MID 喬丹 AJ1 紅頭 白紅色(DQ8426105),https://www.momoshop.com.tw/goods/GoodsDetail.jsp?i_code=14681315&Area=search&mdiv=403&oid=1_7&cid=index&kw=Jordan%2B1,2788,momo 即時搜尋資料
2026-05-21,Jordan 1,男鞋,momo購物網,【NIKE 耐吉】運動鞋 籃球鞋 男鞋 AIR JORDAN 1 MID 喬丹 AJ1 紅頭 白紅色(DQ8426105),https://www.momoshop.com.tw/goods/GoodsDetail.jsp?i_code=14681315&Area=search&mdiv=403&oid=1_13&cid=index&kw=Jordan,2788,momo 即時搜尋資料（已保存）
2026-05-21,Jordan 1,男鞋,momo購物網,【NIKE 耐吉】運動鞋 籃球鞋 男鞋 AIR JORDAN 1 MID 喬丹 AJ1 紅頭 白紅色(DQ8426105),https://www.momoshop.com.tw/goods/GoodsDetail.jsp?i_code=14681315&Area=search&mdiv=403&oid=1_8&cid=index&kw=Jordan1,2788,momo 即時搜尋資料（已保存）（已保存）（已保存）（已保存）（已保存）（已保存）（已保存）（已保存）（已保存）（已保存）（已保存）（已保存）（已保存）（已保存）（已保存）（已保存）（已保存）
2026-05-21,Jordan 1,男鞋,momo購物網,【NIKE 耐吉】AIR JORDAN 3 RETRO OG 男鞋 籃球鞋 運動鞋 喬丹 AJ3 麂皮 黑藍(IB8967004),https://www.momoshop.com.tw/goods/GoodsDetail.jsp?i_code=14921196&Area=search&mdiv=403&oid=1_11&cid=index&kw=Jordan,3420,momo 即時搜尋資料（已保存）
2026-05-21,Jordan 1,男鞋,momo購物網,【NIKE 耐吉】運動鞋 籃球鞋 男鞋 AIR JORDAN 9 RETRO 喬丹 高筒 抓地力 復刻 灰(HV4794100),https://www.momoshop.com.tw/goods/GoodsDetail.jsp?i_code=14930204&Area=search&mdiv=403&oid=1_3&cid=index&kw=Jordan,3974,momo 即時搜尋資料（已保存）
2026-05-21,Jordan 1,男鞋,momo購物網,【NIKE 耐吉】Nike Air Jordan 1 Retro Low OG 芝加哥 復古 運動鞋 男鞋 HQ6998-600, https://www.momoshop.com.tw/TP/TP0000668/goodsDetail/TP00006680001850,4780,momo 即時搜尋資料
2026-05-21,Jordan 1,男鞋,momo購物網,【NIKE 耐吉】休閒鞋 Air Jordan 11 Retro Low 男鞋 北卡藍 AJ11 FV5104-100,https://www.momoshop.com.tw/goods/GoodsDetail.jsp?i_code=15204170&Area=search&mdiv=403&oid=1_22&cid=index&kw=Jordan,4921,momo 即時搜尋資料（已保存）
2026-05-21,Jordan 1,男鞋,momo購物網,【NIKE 耐吉】Air Jordan 13 Retro 2026 OG 白紅黑 黑豹 芝加哥 運動鞋 男鞋 414571-102,https://www.momoshop.com.tw/goods/GoodsDetail.jsp?i_code=15030926&Area=search&mdiv=403&oid=1_18&cid=index&kw=Jordan,5685,momo 即時搜尋資料（已保存）
2026-05-21,Jordan 1,男鞋,momo購物網,【NIKE 耐吉】Air Jordan 13 Retro 2026 OG 白紅黑 黑豹 芝加哥 運動鞋 男鞋 414571-102, https://www.momoshop.com.tw/TP/TP0000668/goodsDetail/TP00006680001887,5599,momo 即時搜尋資料（已保存）
2026-05-21,Jordan 1,男鞋,momo購物網,【NIKE 耐吉】AIR JORDAN 11 RETRO RA 男鞋 籃球鞋 運動鞋 AJ11 喬丹 米藍(IH0296400),https://www.momoshop.com.tw/goods/GoodsDetail.jsp?i_code=14583949&Area=search&mdiv=403&oid=1_15&cid=index&kw=Jordan,4788,momo 即時搜尋資料（已保存）
2026-05-21,Jordan 1,男鞋,momo購物網,【NIKE 耐吉】休閒鞋 Air Jordan 1 Low Bred 男鞋 黑 紅 AJ1 低筒 一代(553558-067),https://www.momoshop.com.tw/goods/GoodsDetail.jsp?i_code=13619083&Area=search&mdiv=403&oid=1_14&cid=index&kw=Jordan%2B1,2166,momo 即時搜尋資料
2026-05-21,Jordan 1,男鞋,PChome,籃球鞋 Jordan One Take 5 PF 男鞋 黑 白 忍者龜 氣墊 XDR大底 FD2336-101,https://24h.pchome.com.tw/prod/DXAX7S-A900J8DKP,1960,PChome 即時資料（已保存）
2026-05-21,Jordan 1,男鞋,PChome,休閒鞋 Air Jordan 1 Low Bred 男鞋 黑 紅 AJ1 低筒 一代 553558-067,https://24h.pchome.com.tw/prod/DXAX69-A900I9HKC,1960,PChome 即時資料
2026-05-21,Jordan 1,男鞋,PChome,籃球鞋 Jordan Zion 4 PF 男鞋 Mud to Marble 黑 綠 胖虎 錫安 FD0591-007,https://24h.pchome.com.tw/prod/DXAX7S-A900ICULQ,1960,PChome 即時資料（已保存）
2026-05-21,Jordan 1,男鞋,PChome,AIR JORDAN 1 LOW SE 男鞋 籃球鞋 白藍-FN5214141,https://24h.pchome.com.tw/prod/DXBY2L-A900HGWFU,1987,PChome 即時資料
2026-05-21,Jordan 1,男鞋,PChome,籃球鞋 Jordan Tatum 3 PF 男鞋 Cloud 0 藍 暈染 氣墊 FZ6601-400,https://24h.pchome.com.tw/prod/DXAX7S-A900J0L25,2046,PChome 即時資料（已保存）
2026-05-21,Jordan 1,男鞋,PChome,休閒鞋 Air Jordan 1 Low 男鞋 黑 橘 扣碎 AJ1 一代 553558-081,https://24h.pchome.com.tw/prod/DXAX69-A900J1CT3,2046,PChome 即時資料
2026-05-21,Jordan 1,男鞋,PChome,休閒鞋 Air Jordan 1 Low SE 男鞋 藍 紅 Motion AJ1 低筒  HM3711-144,https://24h.pchome.com.tw/prod/DXAX69-A900JA0RW,2218,PChome 即時資料
2026-05-21,Jordan 1,男鞋,PChome,休閒鞋 Air Jordan 1 Low OG 男鞋 深藍 紅 AJ1 一代 低筒 HQ2993-100,https://24h.pchome.com.tw/prod/DXAX69-A900I1SRO,2218,PChome 即時資料
2026-05-21,Jordan 1,男鞋,PChome,JORDAN FLIGHT COURT 男鞋 籃球鞋 米白色-IB8858141,https://24h.pchome.com.tw/prod/DXAX7S-A900J0I9M,2246,PChome 即時資料（已保存）
2026-05-21,Jordan 1,男鞋,PChome,Air Jordan 1 Low SE 漆皮 藍灰 低筒 灰調 休閒鞋 男鞋 HF3148-011,https://24h.pchome.com.tw/prod/DXAX69-A900I97CD,2261,PChome 即時資料
2026-05-21,Jordan 1,男鞋,PChome,休閒鞋 Air Jordan 1 Low SE 男鞋 黑綠 Black Cat Mascot AJ1 HM3690-001,https://24h.pchome.com.tw/prod/DXAX69-A900IW24H,2304,PChome 即時資料
2026-05-21,Jordan 1,男鞋,momo購物網,【NIKE 耐吉】Air Jordan 1 Mid Se 男鞋 黑白棕色 AJ1 皮革 透氣 喬丹 休閒鞋 HF3216-102,https://www.momoshop.com.tw/goods/GoodsDetail.jsp?i_code=13675299&Area=search&mdiv=403&oid=1_21&cid=index&kw=Jordan%2B1,2261,momo 即時搜尋資料
2026-05-21,Jordan 1,男鞋,PChome,籃球鞋 Jordan Luka 3 TB PF 男鞋 白 Team Bank D77 緩衝 運動鞋 FQ7455-106,https://24h.pchome.com.tw/prod/DXAX7S-A900IVAPU,2390,PChome 即時資料（已保存）
2026-05-21,Jordan 1,男鞋,PChome,休閒鞋 W Air Jordan 4 RM 男鞋 女鞋 白 銀 喬丹 AJ4  HQ3441-111,https://24h.pchome.com.tw/prod/DXAX69-A900IXYAY,2476,PChome 即時資料（已保存）
2026-05-21,Jordan 1,男鞋,PChome,休閒鞋 Air Jordan 1 Low SE 男鞋 Black Toe 黑 紅 AJ1 IB8971-106,https://24h.pchome.com.tw/prod/DXAX69-A900IOXR8,2562,PChome 即時資料
2026-05-21,Jordan 1,男鞋,PChome,休閒鞋 Air Jordan 23 Retro 男鞋 白 銀 Mid-Autumn Festival FV3621-140,https://24h.pchome.com.tw/prod/DXAX69-A900J9WXJ,2734,PChome 即時資料（已保存）
2026-05-21,Jordan 1,男鞋,PChome,Nike Air Jordan 1 Low SE Glacier Blue 冰川藍 果凍底 休閒鞋 男鞋 HJ5999-400,https://24h.pchome.com.tw/prod/DXAX69-A900IVEGE,2989,PChome 即時資料
2026-05-21,Jordan 1,男鞋,PChome,AIR JORDAN 1 LOW SE 男鞋 籃球鞋 白 冰川藍-HJ5999400,https://24h.pchome.com.tw/prod/DXAX7S-A900J0I85,2996,PChome 即時資料
2026-05-21,Jordan 1,男鞋,PChome,AIR JORDAN 1 LOW 男鞋 籃球鞋 白黑 奶茶-553558153,https://24h.pchome.com.tw/prod/DXAX7S-A900J0I16,2996,PChome 即時資料
2026-05-21,Jordan 1,男鞋,PChome,籃球鞋 Air Jordan 39 XXXIX PF 男鞋 Noir 黑豹 黑 果凍底 HF0371-001,https://24h.pchome.com.tw/prod/DXAX7S-A900J873L,3488,PChome 即時資料（已保存）
2026-05-21,Jordan 1,男鞋,PChome,休閒鞋 Air Jordan 4 RM 男鞋 鐵灰 黑 麂皮 復古 AJ4 FQ7939-002,https://24h.pchome.com.tw/prod/DXAX69-A900IHSG2,3580,PChome 即時資料（已保存）
2026-05-21,Jordan 1,男鞋,PChome,休閒鞋 Air Jordan 1 High OG 男鞋 UNC Reimagined 藍 AJ1 DZ5485-402,https://24h.pchome.com.tw/prod/DXAX69-A900J0L0M,3580,PChome 即時資料
2026-05-21,Jordan 1,男鞋,momo購物網,【NIKE 耐吉】穆勒鞋 Air Jordan 1 Mule Golf 男鞋 女鞋 限量 經典 高爾夫 FJ1214-004 FJ1214-101,https://www.momoshop.com.tw/goods/GoodsDetail.jsp?i_code=15242858&Area=search&mdiv=403&oid=1_11&cid=index&kw=Jordan1,3511,momo 即時搜尋資料（已保存）（已保存）（已保存）（已保存）（已保存）（已保存）（已保存）（已保存）（已保存）（已保存）（已保存）（已保存）（已保存）（已保存）（已保存）（已保存）（已保存）
2026-05-21,Jordan 1,男鞋,momo購物網,【NIKE 耐吉】穆勒鞋 Air Jordan 1 Mule Golf 男鞋 女鞋 限量 經典 高爾夫 FJ1214-004 FJ1214-101,https://www.momoshop.com.tw/goods/GoodsDetail.jsp?i_code=15242858&Area=search&mdiv=403&oid=1_14&cid=index&kw=Jordan,3511,momo 即時搜尋資料（已保存）
2026-05-21,Jordan 1,男鞋,momo購物網,【NIKE 耐吉】穆勒鞋 Air Jordan 1 Mule Golf 男鞋 女鞋 限量 經典 高爾夫 FJ1214-004 FJ1214-101,https://www.momoshop.com.tw/goods/GoodsDetail.jsp?i_code=15242858&Area=search&mdiv=403&oid=1_4&cid=index&kw=Jordan%2B1,3511,momo 即時搜尋資料
2026-05-21,Jordan 1,男鞋,PChome,休閒鞋 Wmns Air Jordan 11 Retro Low 女鞋 男鞋 Igloo 蒂芬妮綠 AH7860-103,https://24h.pchome.com.tw/prod/DXAX69-A900IXE2T,3680,PChome 即時資料（已保存）
2026-05-21,Jordan 1,男鞋,PChome,AIR JORDAN 4 RM 男鞋 籃球鞋 米白色-IB8857141,https://24h.pchome.com.tw/prod/DXAX7S-A900J0I9J,3776,PChome 即時資料（已保存）
2026-05-21,Jordan 1,男鞋,PChome,Jordan 1 Retro High OG UNC Reimagined 北卡藍 高筒 男鞋 DZ5485-402,https://24h.pchome.com.tw/prod/DXAX69-A900ISDJ6,4021,PChome 即時資料
2026-05-21,Jordan 1,男鞋,PChome,Air Jordan XXXVIII Low PF 籃球鞋 白黑紅 緩震 低筒 環保 運動鞋 男鞋 FD2325-101,https://24h.pchome.com.tw/prod/DXAX7S-A900I9YNX,4233,PChome 即時資料（已保存）
2026-05-21,Jordan 1,男鞋,PChome,Awake Ny × Jordan Air Ship SP Game Royal 皇家藍 聯名 休閒鞋 男鞋 FN8675-104,https://24h.pchome.com.tw/prod/DXAX69-A900I86JP,4233,PChome 即時資料（已保存）
2026-05-21,Jordan 1,男鞋,PChome,休閒鞋 Air Jordan 1 Retro High OG 男鞋 橘 黑 喬丹 灌碎 扣碎 AJ1 DZ5485-008,https://24h.pchome.com.tw/prod/DXAX69-A900J2RRN,4280,PChome 即時資料
2026-05-21,Jordan 1,男鞋,PChome,高爾夫球鞋 Air Jordan 1 High Golf 男鞋 防水 黃 黑 Pollen 休閒鞋 DQ0660-700,https://24h.pchome.com.tw/prod/DXAX2B-A900J1R65,4410,PChome 即時資料
2026-05-21,Jordan 1,男鞋,PChome,Air Jordan 1 Mid SE GC 喜慶 紅白黑 金勾 AJ1 黑白 中國風 休閒鞋 男鞋 DV0576-176,https://24h.pchome.com.tw/prod/DXAX69-A900I9YH2,4682,PChome 即時資料
2026-05-21,Jordan 1,男鞋,momo購物網,【NIKE 耐吉】Air Jordan 11 Low University Blue 北卡藍 白藍 復古籃球鞋 男鞋 FV5104-100,https://www.momoshop.com.tw/goods/GoodsDetail.jsp?i_code=15252365&Area=search&mdiv=403&oid=1_16&cid=index&kw=Jordan,4619,momo 即時搜尋資料（已保存）
2026-05-21,Jordan 1,男鞋,PChome,AIR JORDAN 1 RETRO HIGH OG 男鞋 籃球鞋 北卡藍 白藍色-DZ5485402,https://24h.pchome.com.tw/prod/DXAX7S-A900IUZI0,4890,PChome 即時資料
2026-05-21,Jordan 1,男鞋,momo購物網,【NIKE 耐吉】Nike Air Jordan 8 Retro 白紅 兔巴哥 緩震 運動鞋 男鞋 305381-100, https://www.momoshop.com.tw/TP/TP0000668/goodsDetail/TP00006680001868,5580,momo 即時搜尋資料（已保存）
2026-05-21,Jordan 1,男鞋,PChome,Wmns Air Jordan 1 Retro Low OG 'UNC' 女鞋 男鞋 藍 黑 白 AJ1 低筒 休閒鞋 CZ0775-104,https://24h.pchome.com.tw/prod/DXAX2B-A900IWVUU,5499,PChome 即時資料
2026-05-21,Jordan 1,男鞋,PChome,Air Jordan 3 Retro Rare Air 黑藍 稀有Air 麂皮 休閒 男鞋 IB8967-004,https://24h.pchome.com.tw/prod/DXAX69-A900IKMZ6,5930,PChome 即時資料（已保存）
2026-05-21,Jordan 1,男鞋,PChome,A Ma Maniére X Air Jordan 3 OG Diffused Blue 漫射藍 AJ3 皮革 麂皮 男鞋 HV8571-100,https://24h.pchome.com.tw/prod/DXAX69-A900IKMO4,5920,PChome 即時資料（已保存）
2026-05-21,Jordan 1,男鞋,PChome,Jordan 1 OG Dark Marina Blue 男鞋 黑色 藍色 AJ1 經典 高筒 休閒鞋 555088-404,https://24h.pchome.com.tw/prod/DXAX2E-A900F2VE7,6380,PChome 即時資料
2026-05-21,Jordan 1,男鞋,PChome,Air Jordan 1 Retro Low OG Year of the Dragon 龍年限定 青龍 休閒鞋 男鞋 FN3727-100,https://24h.pchome.com.tw/prod/DXAX2I-A900H2YM5,6374,PChome 即時資料
2026-05-21,Jordan 1,男鞋,PChome,Air Jordan 1 男鞋 AJ1 黑色 白色 紅色 經典 高筒 籃球鞋 休閒鞋 555088-161,https://24h.pchome.com.tw/prod/DXAX2E-A900F2VEN,6480,PChome 即時資料
2026-05-21,Jordan 1,男鞋,PChome,Air Jordan XXXIX GUO PF 籃球鞋 白湖水綠 緩震 舒適 運動鞋 男鞋 HF0369-103,https://24h.pchome.com.tw/prod/DXAX7S-A900I1B97,6596,PChome 即時資料（已保存）
2026-05-21,Jordan 1,男鞋,PChome,Air Jordan 5 Retro OG Grape 白葡萄 經典復刻 休閒鞋 運動鞋 男鞋 HQ7978-100,https://24h.pchome.com.tw/prod/DXAX69-A900IYIO3,6582,PChome 即時資料（已保存）
2026-05-21,Jordan 1,男鞋,PChome,Nike Air Jordan 11 Retro Low Bred 黑紅 亮面 低筒 休閒鞋 男鞋 528895-012,https://24h.pchome.com.tw/prod/DXAX69-A900IUWYD,6846,PChome 即時資料（已保存）
2026-05-21,Jordan 1,男鞋,PChome,Nike Air Jordan 40 Dusty Rose 玫瑰粉 男鞋 HM9932-600,https://24h.pchome.com.tw/prod/DXAXC4-A900JA03G,7056,PChome 即時資料（已保存）
2026-05-21,Jordan 1,男鞋,PChome,"Air Jordan 1 Low Wmns ""Wolf Grey"" 女鞋 男鞋 小Dior 小迪奧 灰 白 休閒鞋DC0774-105",https://24h.pchome.com.tw/prod/DXAX2B-A900IWVW6,7380,PChome 即時資料
2026-05-21,Jordan 1,男鞋,momo購物網,【NIKE 耐吉】Fragment x Union x Air Jordan 1 AJ1 High OG 三方聯名 黑白紅藍 男鞋 IO7847-002,https://www.momoshop.com.tw/goods/GoodsDetail.jsp?i_code=15018253&Area=search&mdiv=403&oid=1_19&cid=index&kw=Jordan%2B1,11776,momo 即時搜尋資料
2026-05-21,Jordan 1,男鞋,PChome,"Air Jordan 4 ""White Cement"" 白水泥 白 灰 黑 四代 喬丹 復刻 休閒鞋 籃球鞋 AJ4 FV5029-100",https://24h.pchome.com.tw/prod/DXAX69-A900IZHKQ,7999,PChome 即時資料（已保存）
2026-05-21,Jordan 1,男鞋,momo購物網,【NIKE 耐吉】Nike Air Jordan 1 Low OG Banned 黑紅 禁穿 男鞋 IW6276-001, https://www.momoshop.com.tw/TP/TP0000668/goodsDetail/TP00006680001921,4280,momo 即時搜尋資料
2026-05-21,Jordan 1,男鞋,PChome,Nike Jordan 4 Retro SB Navy 海軍藍 聯名款 滑板鞋 休閒鞋 男鞋 DR5415-100,https://24h.pchome.com.tw/prod/DXAX69-A900IK67Y,9520,PChome 即時資料（已保存）
2026-05-21,Jordan 1,男鞋,momo購物網,【Jordan】CT8013-117 Jordan Air Jordan 12 Retro Taxi 舒適 回彈 高幫 復古籃球鞋 男款 白黑, https://www.momoshop.com.tw/TP/TP0009562/goodsDetail/TP00095620010080,6750,momo 即時搜尋資料（已保存）
2026-05-21,Jordan,女鞋,PChome,WMNS AIR JORDAN 1 LOW 女鞋 籃球鞋 黑色 奶茶色-DC0774003,https://24h.pchome.com.tw/prod/DXAX7S-A900IUWJ2,2426,PChome 即時資料
2026-05-21,Jordan,女鞋,PChome,休閒鞋 W Air Jordan 4 RM 男鞋 女鞋 白 銀 喬丹 AJ4  HQ3441-111,https://24h.pchome.com.tw/prod/DXAX69-A900IXYAY,2476,PChome 即時資料
2026-05-21,Jordan,女鞋,PChome,Air Jordan 1 Low 灰白 煙灰 小DIOR 男女款 百搭 女鞋 休閒鞋 DC0774-105,https://24h.pchome.com.tw/prod/DXAX2J-A900GI4NJ,2545,PChome 即時資料
2026-05-21,Jordan,女鞋,PChome,休閒鞋 Wmns Air Jordan 1 Low 1代 女鞋 小Dior 喬丹 AJ1 果凍底 白 灰 DC0774-105,https://24h.pchome.com.tw/prod/DXAX69-A900HIAUP,2579,PChome 即時資料
2026-05-21,Jordan,女鞋,PChome,WMNS AIR JORDAN 1 LOW 女鞋 籃球鞋 喬丹 黑白 熊貓-DC0774101,https://24h.pchome.com.tw/prod/DXAX7S-A900I5DP1,2742,PChome 即時資料
2026-05-21,Jordan,女鞋,PChome,休閒鞋 W Air Jordan 6 Retro 男女鞋 Pearl 灰 金 喬丹 AJ6 巴黎奧運 DQ4914-074,https://24h.pchome.com.tw/prod/DXAX69-A900JB1K1,2820,PChome 即時資料
2026-05-21,Jordan,女鞋,PChome,W Nike Jordan 4 Retro 薄荷綠 AJ4 喬丹 休閒鞋 女鞋 HV0823-003,https://24h.pchome.com.tw/prod/DIEL09-A900IGT6A,3558,PChome 即時資料
2026-05-21,Jordan,女鞋,PChome,休閒鞋 Wmns Air Jordan 11 Retro Low 女鞋 男鞋 Igloo 蒂芬妮綠 AH7860-103,https://24h.pchome.com.tw/prod/DXAX69-A900IXE2T,3680,PChome 即時資料
2026-05-21,Jordan,女鞋,PChome,WMNS AIR JORDAN 1 RETRO HI OG 女鞋 籃球鞋 白黑紅-FD2596602,https://24h.pchome.com.tw/prod/DXAX7S-A900J0I40,4890,PChome 即時資料
2026-05-21,Jordan,女鞋,PChome,WMNS AIR JORDAN 5 RETRO CNY 女 籃球鞋 米白-HF3183001,https://24h.pchome.com.tw/prod/DXAX7S-A900ICTZT,5224,PChome 即時資料
2026-05-21,Jordan,女鞋,PChome,W Nike Air Jordan 4 Aluminum 紫白 皮革 休閒鞋 女鞋 HV0823-100,https://24h.pchome.com.tw/prod/DXAX69-A900IR113,5471,PChome 即時資料
2026-05-21,Jordan,女鞋,PChome,休閒鞋 女鞋 喬丹 Air Jordan 12 whit Maniere 白 酒紅(DV6989-100),https://24h.pchome.com.tw/prod/DXAX69-A900IQROV,5760,PChome 即時資料
2026-05-21,Jordan,女鞋,momo購物網,【NIKE 耐吉】穆勒鞋 Air Jordan 1 Mule Golf 男鞋 女鞋 限量 經典 高爾夫 FJ1214-004 FJ1214-101,https://www.momoshop.com.tw/goods/GoodsDetail.jsp?i_code=15242858&Area=search&mdiv=403&oid=1_14&cid=index&kw=Jordan,3511,momo 即時搜尋資料
2026-05-21,Jordan,童鞋,PChome,Nike Air Jordan 12 Retro Winter Triple Black PS 黑色 高筒 喬丹 休閒鞋 運動鞋 中童鞋 BQ6850-001,https://24h.pchome.com.tw/prod/DXAX69-A900IUX3C,2228,PChome 即時資料
2026-05-21,Jordan,童鞋,PChome,Air Jordan 1 High OG Midnight Navy GS 午夜藍 休閒鞋 大童鞋 FD1437-401,https://24h.pchome.com.tw/prod/DXAX2C-A900HTITL,2556,PChome 即時資料
2026-05-21,Jordan,童鞋,PChome,Travis Scott x Jordan Jumpman Jack TR Bright Cactus TD 亮色仙人掌	聯名款 倒鉤 小童鞋 FJ2852-102,https://24h.pchome.com.tw/prod/DXAX69-A900IP172,2642,PChome 即時資料
2026-05-21,Jordan,童鞋,PChome,Air Jordan 11 Low Bred 2025 黑白紅 GS 復刻 經典 低筒 女鞋 大童鞋 FV5121-006,https://24h.pchome.com.tw/prod/DXAX69-A900IOKCR,2837,PChome 即時資料
2026-05-21,Jordan,童鞋,PChome,Air Jordan 1 Retro High OG Self Expression 刮刮樂 全黑 大童鞋 GS FD1437-002,https://24h.pchome.com.tw/prod/DXAX69-A900J4KZU,2934,PChome 即時資料
2026-05-21,Jordan,童鞋,PChome,Air Jordan 5 Retro OG Grape 白葡萄 GS 經典復刻 休閒鞋 運動鞋 大童鞋 HQ7980-100,https://24h.pchome.com.tw/prod/DXAX69-A900IYIOP,3671,PChome 即時資料
2026-05-21,Jordan,童鞋,PChome,AIR JORDAN 11 RETRO LOW (GS) 中大童鞋 籃球鞋 黑紅-FV5121006,https://24h.pchome.com.tw/prod/DXAX7S-A900J0I5N,3776,PChome 即時資料
2026-05-21,Jordan,童鞋,PChome,AIR JORDAN 13 RETRO GS 童鞋 大童 女鞋 籃球鞋 白綠色 喬丹 13代-HQ0780103,https://24h.pchome.com.tw/prod/DXAX7S-A900IK5OT,3776,PChome 即時資料
2026-05-21,Jordan,童鞋,PChome,Nike Air Jordan 4 Retro White Cement GS 白水泥 2025經典回歸 女鞋 休閒鞋 大童鞋 IB4171-100,https://24h.pchome.com.tw/prod/DXAX69-A900IUHWH,3852,PChome 即時資料
2026-05-21,Jordan,童鞋,PChome,Air Jordan 11 Retro Legend Blue 傳奇藍 GS 緩震 籃球鞋 運動鞋 大童鞋 378038-104,https://24h.pchome.com.tw/prod/DXAX7S-A900I6A3C,4118,PChome 即時資料
2026-05-21,Jordan,童鞋,momo購物網,【NIKE 耐吉】休閒鞋 慢跑鞋 運動鞋 JORDAN COURT CONNECT LOW GS 男女/大童 A-IQ6016100 精選五款,https://www.momoshop.com.tw/goods/GoodsDetail.jsp?i_code=15158368&Area=search&mdiv=403&oid=1_8&cid=index&kw=Jordan,1315,momo 即時搜尋資料
2026-05-21,Jordan,全部,PChome,籃球鞋 Jordan One Take 5 PF 男鞋 黑 白 忍者龜 氣墊 XDR大底 FD2336-101,https://24h.pchome.com.tw/prod/DXAX7S-A900J8DKP,1960,PChome 即時資料
2026-05-21,Jordan,全部,PChome,籃球鞋 Jordan Zion 4 PF 男鞋 Mud to Marble 黑 綠 胖虎 錫安 FD0591-007,https://24h.pchome.com.tw/prod/DXAX7S-A900ICULQ,1960,PChome 即時資料
2026-05-21,Jordan,全部,PChome,休閒鞋 Air Jordan 1 Low Bred 男鞋 黑 紅 AJ1 低筒 一代 553558-067,https://24h.pchome.com.tw/prod/DXAX69-A900I9HKC,1960,PChome 即時資料
2026-05-21,Jordan,全部,PChome,AIR JORDAN 1 LOW 男女 運動休閒鞋,https://24h.pchome.com.tw/prod/DXBY2L-A900IX4G2,2015,PChome 即時資料
2026-05-21,Jordan,全部,PChome,籃球鞋 Jordan Tatum 3 PF 男鞋 Cloud 0 藍 暈染 氣墊 FZ6601-400,https://24h.pchome.com.tw/prod/DXAX7S-A900J0L25,2046,PChome 即時資料
2026-05-21,Jordan,全部,PChome,休閒鞋 Air Jordan 1 Low OG 男鞋 深藍 紅 AJ1 一代 低筒 HQ2993-100,https://24h.pchome.com.tw/prod/DXAX69-A900I1SRO,2218,PChome 即時資料
2026-05-21,Jordan,全部,PChome,Nike Air Jordan 12 Retro Winter Triple Black PS 黑色 高筒 喬丹 休閒鞋 運動鞋 中童鞋 BQ6850-001,https://24h.pchome.com.tw/prod/DXAX69-A900IUX3C,2228,PChome 即時資料
2026-05-21,Jordan,全部,PChome,JORDAN FLIGHT COURT 男鞋 籃球鞋 米白色-IB8858141,https://24h.pchome.com.tw/prod/DXAX7S-A900J0I9M,2246,PChome 即時資料
2026-05-21,Jordan,全部,PChome,休閒鞋 Air Jordan 1 Low SE 男鞋 黑綠 Black Cat Mascot AJ1 HM3690-001,https://24h.pchome.com.tw/prod/DXAX69-A900IW24H,2304,PChome 即時資料
2026-05-21,Jordan,全部,PChome,籃球鞋 Jordan Luka 3 TB PF 男鞋 白 Team Bank D77 緩衝 運動鞋 FQ7455-106,https://24h.pchome.com.tw/prod/DXAX7S-A900IVAPU,2390,PChome 即時資料
2026-05-21,Jordan,全部,PChome,AIR JORDAN 1 LOW 男鞋 籃球鞋 白黑 奶茶-553558153,https://24h.pchome.com.tw/prod/DXAX7S-A900J0I16,2426,PChome 即時資料
2026-05-21,Jordan,全部,PChome,AIR JORDAN 1 LOW SE 男 籃球鞋 灰藍-HF3148011,https://24h.pchome.com.tw/prod/DXAX7S-A900ID4WH,2426,PChome 即時資料
2026-05-21,Jordan,全部,PChome,WMNS AIR JORDAN 1 LOW 女鞋 籃球鞋 黑色 奶茶色-DC0774003,https://24h.pchome.com.tw/prod/DXAX7S-A900IUWJ2,2426,PChome 即時資料
2026-05-21,Jordan,全部,PChome,休閒鞋 W Air Jordan 4 RM 男鞋 女鞋 白 銀 喬丹 AJ4  HQ3441-111,https://24h.pchome.com.tw/prod/DXAX69-A900IXYAY,2476,PChome 即時資料
2026-05-21,Jordan,全部,PChome,JORDAN TATUM 3 PF 男 籃球鞋 塔圖姆 綠黑-HV5912300,https://24h.pchome.com.tw/prod/DXAX7S-A900ID4ZG,2517,PChome 即時資料
2026-05-21,Jordan,全部,PChome,Air Jordan 1 Low 灰白 煙灰 小DIOR 男女款 百搭 女鞋 休閒鞋 DC0774-105,https://24h.pchome.com.tw/prod/DXAX2J-A900GI4NJ,2545,PChome 即時資料
2026-05-21,Jordan,全部,PChome,Air Jordan 1 High OG Midnight Navy GS 午夜藍 休閒鞋 大童鞋 FD1437-401,https://24h.pchome.com.tw/prod/DXAX2C-A900HTITL,2556,PChome 即時資料
2026-05-21,Jordan,全部,PChome,休閒鞋 Wmns Air Jordan 1 Low 1代 女鞋 小Dior 喬丹 AJ1 果凍底 白 灰 DC0774-105,https://24h.pchome.com.tw/prod/DXAX69-A900HIAUP,2579,PChome 即時資料
2026-05-21,Jordan,全部,PChome,Travis Scott x Jordan Jumpman Jack TR Bright Cactus TD 亮色仙人掌	聯名款 倒鉤 小童鞋 FJ2852-102,https://24h.pchome.com.tw/prod/DXAX69-A900IP172,2642,PChome 即時資料
2026-05-21,Jordan,全部,PChome,休閒鞋 Air Jordan 23 Retro 男鞋 白 銀 Mid-Autumn Festival FV3621-140,https://24h.pchome.com.tw/prod/DXAX69-A900J9WXJ,2734,PChome 即時資料
2026-05-21,Jordan,全部,PChome,WMNS AIR JORDAN 1 LOW 女鞋 籃球鞋 喬丹 黑白 熊貓-DC0774101,https://24h.pchome.com.tw/prod/DXAX7S-A900I5DP1,2742,PChome 即時資料
2026-05-21,Jordan,全部,PChome,休閒鞋 W Air Jordan 6 Retro 男女鞋 Pearl 灰 金 喬丹 AJ6 巴黎奧運 DQ4914-074,https://24h.pchome.com.tw/prod/DXAX69-A900JB1K1,2820,PChome 即時資料
2026-05-21,Jordan,全部,PChome,Air Jordan 11 Low Bred 2025 黑白紅 GS 復刻 經典 低筒 女鞋 大童鞋 FV5121-006,https://24h.pchome.com.tw/prod/DXAX69-A900IOKCR,2837,PChome 即時資料
2026-05-21,Jordan,全部,PChome,Air Jordan 1 Retro High OG Self Expression 刮刮樂 全黑 大童鞋 GS FD1437-002,https://24h.pchome.com.tw/prod/DXAX69-A900J4KZU,2934,PChome 即時資料
2026-05-21,Jordan,全部,PChome,籃球鞋 Air Jordan 39 XXXIX PF 男鞋 Noir 黑豹 黑 果凍底 HF0371-001,https://24h.pchome.com.tw/prod/DXAX7S-A900J873L,3488,PChome 即時資料
2026-05-21,Jordan,全部,PChome,AIR JORDAN 1 MID SE 男 籃球鞋 黑 白 棕紅-HF3216102,https://24h.pchome.com.tw/prod/DXAX7S-A900ID4YM,3553,PChome 即時資料
2026-05-21,Jordan,全部,PChome,W Nike Jordan 4 Retro 薄荷綠 AJ4 喬丹 休閒鞋 女鞋 HV0823-003,https://24h.pchome.com.tw/prod/DIEL09-A900IGT6A,3558,PChome 即時資料
2026-05-21,Jordan,全部,PChome,休閒鞋 Air Jordan 1 High OG 男鞋 UNC Reimagined 藍 AJ1 DZ5485-402,https://24h.pchome.com.tw/prod/DXAX69-A900J0L0M,3580,PChome 即時資料
2026-05-21,Jordan,全部,PChome,休閒鞋 Air Jordan 4 RM 男鞋 鐵灰 黑 麂皮 復古 AJ4 FQ7939-002,https://24h.pchome.com.tw/prod/DXAX69-A900IHSG2,3580,PChome 即時資料
2026-05-21,Jordan,全部,PChome,AIR JORDAN LEGACY 312 LOW 男 籃球鞋 白灰紫-CD7069108,https://24h.pchome.com.tw/prod/DXAX7S-A900IHX3G,3642,PChome 即時資料
2026-05-21,Jordan,全部,PChome,Air Jordan 5 Retro OG Grape 白葡萄 GS 經典復刻 休閒鞋 運動鞋 大童鞋 HQ7980-100,https://24h.pchome.com.tw/prod/DXAX69-A900IYIOP,3671,PChome 即時資料
2026-05-21,Jordan,全部,PChome,休閒鞋 Wmns Air Jordan 11 Retro Low 女鞋 男鞋 Igloo 蒂芬妮綠 AH7860-103,https://24h.pchome.com.tw/prod/DXAX69-A900IXE2T,3680,PChome 即時資料
2026-05-21,Jordan,全部,PChome,AIR JORDAN 4 RM 男 籃球鞋 BRUCE LEE 黃黑-FQ7939007,https://24h.pchome.com.tw/prod/DXAX7S-A900ID4VN,3776,PChome 即時資料
2026-05-21,Jordan,全部,PChome,JORDAN ZION 4 PF 男 籃球鞋 黑白色-FD0591100,https://24h.pchome.com.tw/prod/DXAX7S-A900IHX4P,3776,PChome 即時資料
2026-05-21,Jordan,全部,PChome,AIR JORDAN 4 RM 男鞋 籃球鞋 米白色-IB8857141,https://24h.pchome.com.tw/prod/DXAX7S-A900J0I9J,3776,PChome 即時資料
2026-05-21,Jordan,全部,PChome,AIR JORDAN 4 RM PRM 男 籃球鞋 黑灰色-HV5184010,https://24h.pchome.com.tw/prod/DXAX7S-A900IHXA6,3776,PChome 即時資料
2026-05-21,Jordan,全部,PChome,AIR JORDAN 11 RETRO LOW (GS) 中大童鞋 籃球鞋 黑紅-FV5121006,https://24h.pchome.com.tw/prod/DXAX7S-A900J0I5N,3776,PChome 即時資料
2026-05-21,Jordan,全部,PChome,JORDAN ZION 4 PF 男 籃球鞋 黑 藍綠-FD0591007,https://24h.pchome.com.tw/prod/DXAX7S-A900IHX4G,3776,PChome 即時資料
2026-05-21,Jordan,全部,PChome,AIR JORDAN 13 RETRO GS 童鞋 大童 女鞋 籃球鞋 白綠色 喬丹 13代-HQ0780103,https://24h.pchome.com.tw/prod/DXAX7S-A900IK5OT,3776,PChome 即時資料
2026-05-21,Jordan,全部,PChome,AIR JORDAN 4 RM 男 籃球鞋 FQ7939061,https://24h.pchome.com.tw/prod/DXAX7S-A900J5RBB,3776,PChome 即時資料
2026-05-21,Jordan,全部,PChome,Nike Air Jordan 4 Retro White Cement GS 白水泥 2025經典回歸 女鞋 休閒鞋 大童鞋 IB4171-100,https://24h.pchome.com.tw/prod/DXAX69-A900IUHWH,3852,PChome 即時資料
2026-05-21,Jordan,全部,PChome,Jordan 1 Retro High OG UNC Reimagined 北卡藍 高筒 男鞋 DZ5485-402,https://24h.pchome.com.tw/prod/DXAX69-A900ISDJ6,4021,PChome 即時資料
2026-05-21,Jordan,全部,PChome,Air Jordan 11 Retro Legend Blue 傳奇藍 GS 緩震 籃球鞋 運動鞋 大童鞋 378038-104,https://24h.pchome.com.tw/prod/DXAX7S-A900I6A3C,4118,PChome 即時資料
2026-05-21,Jordan,全部,PChome,JORDAN SPIZIKE LOW SE 男 籃球鞋 IM7425004,https://24h.pchome.com.tw/prod/DXAX7S-A900J54HA,4211,PChome 即時資料
2026-05-21,Jordan,全部,PChome,AIR JORDAN 1 RETRO LOW NS 男 籃球鞋 848775005,https://24h.pchome.com.tw/prod/DXAX7S-A900J559Y,4222,PChome 即時資料
2026-05-21,Jordan,全部,PChome,Air Jordan XXXVIII Low PF 籃球鞋 白黑紅 緩震 低筒 環保 運動鞋 男鞋 FD2325-101,https://24h.pchome.com.tw/prod/DXAX7S-A900I9YNX,4233,PChome 即時資料
2026-05-21,Jordan,全部,PChome,Awake Ny × Jordan Air Ship SP Game Royal 皇家藍 聯名 休閒鞋 男鞋 FN8675-104,https://24h.pchome.com.tw/prod/DXAX69-A900I86JP,4233,PChome 即時資料
2026-05-21,Jordan,全部,PChome,休閒鞋 Air Jordan 1 Retro High OG 男鞋 橘 黑 喬丹 灌碎 扣碎 AJ1 DZ5485-008,https://24h.pchome.com.tw/prod/DXAX69-A900J2RRN,4280,PChome 即時資料
2026-05-21,Jordan,全部,PChome,高爾夫球鞋 Air Jordan 1 High Golf 男鞋 防水 黃 黑 Pollen 休閒鞋 DQ0660-700,https://24h.pchome.com.tw/prod/DXAX2B-A900J1R65,4410,PChome 即時資料
2026-05-21,Jordan,全部,PChome,Air Jordan 1 Retro High OG Heirloom 傳家寶 高筒 休閒鞋 555088-202,https://24h.pchome.com.tw/prod/DXAX2I-A900FXRX2,4444,PChome 即時資料
2026-05-21,Jordan,全部,PChome,AIR JORDAN 1 RETRO HIGH OG 男鞋 籃球鞋 北卡藍 白藍色-DZ5485402,https://24h.pchome.com.tw/prod/DXAX7S-A900IUZI0,4890,PChome 即時資料
2026-05-21,Jordan,全部,PChome,AIR JORDAN 1 RETRO HIGH OG 男 籃球鞋 DZ5485002,https://24h.pchome.com.tw/prod/DXAX7S-A900J5MVH,4890,PChome 即時資料
2026-05-21,Jordan,全部,PChome,WMNS AIR JORDAN 1 RETRO HI OG 女鞋 籃球鞋 白黑紅-FD2596602,https://24h.pchome.com.tw/prod/DXAX7S-A900J0I40,4890,PChome 即時資料
2026-05-21,Jordan,全部,PChome,WMNS AIR JORDAN 5 RETRO CNY 女 籃球鞋 米白-HF3183001,https://24h.pchome.com.tw/prod/DXAX7S-A900ICTZT,5224,PChome 即時資料
2026-05-21,Jordan,全部,PChome,W Nike Air Jordan 4 Aluminum 紫白 皮革 休閒鞋 女鞋 HV0823-100,https://24h.pchome.com.tw/prod/DXAX69-A900IR113,5471,PChome 即時資料
2026-05-21,Jordan,全部,PChome,休閒鞋 女鞋 喬丹 Air Jordan 12 whit Maniere 白 酒紅(DV6989-100),https://24h.pchome.com.tw/prod/DXAX69-A900IQROV,5760,PChome 即時資料
2026-05-21,Jordan,全部,PChome,A Ma Maniére X Air Jordan 3 OG Diffused Blue 漫射藍 AJ3 皮革 麂皮 男鞋 HV8571-100,https://24h.pchome.com.tw/prod/DXAX69-A900IKMO4,5920,PChome 即時資料
2026-05-21,Jordan,全部,PChome,Air Jordan 3 Retro Rare Air 黑藍 稀有Air 麂皮 休閒 男鞋 IB8967-004,https://24h.pchome.com.tw/prod/DXAX69-A900IKMZ6,5930,PChome 即時資料
2026-05-21,Jordan,全部,PChome,"Air Jordan 11 Low ""Bred"" 黑 紅 喬丹 低筒 11代 休閒鞋 籃球鞋 FV5104-006",https://24h.pchome.com.tw/prod/DXAX69-A900J0ZN1,5999,PChome 即時資料
2026-05-21,Jordan,全部,PChome,Air Jordan 5 Retro OG Grape 白葡萄 經典復刻 休閒鞋 運動鞋 男鞋 HQ7978-100,https://24h.pchome.com.tw/prod/DXAX69-A900IYIO3,6582,PChome 即時資料
2026-05-21,Jordan,全部,PChome,Air Jordan XXXIX GUO PF 籃球鞋 白湖水綠 緩震 舒適 運動鞋 男鞋 HF0369-103,https://24h.pchome.com.tw/prod/DXAX7S-A900I1B97,6596,PChome 即時資料
2026-05-21,Jordan,全部,PChome,Nike Air Jordan 11 Retro Low Bred 黑紅 亮面 低筒 休閒鞋 男鞋 528895-012,https://24h.pchome.com.tw/prod/DXAX69-A900IUWYD,6846,PChome 即時資料
2026-05-21,Jordan,全部,PChome,Nike Air Jordan 40 Dusty Rose 玫瑰粉 男鞋 HM9932-600,https://24h.pchome.com.tw/prod/DXAXC4-A900JA03G,7056,PChome 即時資料
2026-05-21,Jordan,全部,PChome,Air Jordan 8 Retro 2025 Aqua 藍紫黑 籃球鞋 復刻 305381-006,https://24h.pchome.com.tw/prod/DXAX69-A900J1BYN,7605,PChome 即時資料
2026-05-21,Jordan,全部,PChome,Air Jordan 2 Retro Chicago 男 白 OG 芝加哥 運動 休閒鞋 DX2454-106,https://24h.pchome.com.tw/prod/DXAX2A-A900GAAH2,7880,PChome 即時資料
2026-05-21,Jordan,全部,PChome,"Air Jordan 4 ""White Cement"" 白水泥 白 灰 黑 四代 喬丹 復刻 休閒鞋 籃球鞋 AJ4 FV5029-100",https://24h.pchome.com.tw/prod/DXAX69-A900IZHKQ,7999,PChome 即時資料
2026-05-21,Jordan,全部,PChome,Nike Jordan 4 Retro SB Navy 海軍藍 聯名款 滑板鞋 休閒鞋 男鞋 DR5415-100,https://24h.pchome.com.tw/prod/DXAX69-A900IK67Y,9520,PChome 即時資料
2026-05-21,Jordan,全部,PChome,Jordan 1 Retro High 85 男 黑白 熊貓 喬丹 復刻 休閒鞋 BQ4422-001,https://24h.pchome.com.tw/prod/DXAX2B-A900GJ4EQ,9800,PChome 即時資料
2026-05-21,Jordan,全部,PChome,Air Jordan 4 x Undefeated Retro OG SP Deep Green 2025 墨綠色 籃球鞋 IB1519-200,https://24h.pchome.com.tw/prod/DXAX69-A900J47NL,11705,PChome 即時資料
2026-05-21,Jordan,全部,momo購物網,【NIKE 耐吉】運動鞋 Slipper 拖鞋 涼鞋 男鞋 JORDAN FRANCHISE SLIDE SH 喬丹 防水 抓地力 黑(HQ2163001),https://www.momoshop.com.tw/goods/GoodsDetail.jsp?i_code=14312550&Area=search&mdiv=403&oid=1_12&cid=index&kw=Jordan,715,momo 即時搜尋資料
2026-05-21,Jordan,全部,momo購物網,【NIKE 耐吉】休閒鞋 慢跑鞋 運動鞋 JORDAN COURT CONNECT LOW GS 男女/大童 A-IQ6016100 精選五款,https://www.momoshop.com.tw/goods/GoodsDetail.jsp?i_code=15158368&Area=search&mdiv=403&oid=1_8&cid=index&kw=Jordan,1315,momo 即時搜尋資料
2026-05-21,Jordan,全部,momo購物網,【NIKE 耐吉】運動鞋 籃球鞋 男鞋 JORDAN TRUNNER FLOW 緩震 舒適 耐穿 黑 (IO2091004),https://www.momoshop.com.tw/goods/GoodsDetail.jsp?i_code=15051099&Area=search&mdiv=403&oid=1_21&cid=index&kw=Jordan,1652,momo 即時搜尋資料
2026-05-21,Jordan,全部,momo購物網,【NIKE 耐吉】籃球鞋 運動鞋_男_JORDAN ONE TAKE 5 PF_白色(FD2336104),https://www.momoshop.com.tw/goods/GoodsDetail.jsp?i_code=14685369&Area=search&mdiv=403&oid=1_20&cid=index&kw=Jordan,1812,momo 即時搜尋資料
2026-05-21,Jordan,全部,momo購物網,【NIKE 耐吉】籃球鞋 運動鞋_男_JORDAN LUKA 3 PF_藍色 (FQ1285400),https://www.momoshop.com.tw/goods/GoodsDetail.jsp?i_code=14995283&Area=search&mdiv=403&oid=1_17&cid=index&kw=Jordan,1824,momo 即時搜尋資料
2026-05-21,Jordan,全部,momo購物網,【NIKE 耐吉】JORDAN LUKA .77 PF 男鞋 籃球鞋 運動鞋 喬丹 紫(HF0819500),https://www.momoshop.com.tw/goods/GoodsDetail.jsp?i_code=14572146&Area=search&mdiv=403&oid=1_10&cid=index&kw=Jordan,1836,momo 即時搜尋資料
2026-05-21,Jordan,全部,momo購物網,【NIKE 耐吉】籃球鞋 運動鞋 AIR JORDAN 1 LOW 男款 黑(553558040),https://www.momoshop.com.tw/goods/GoodsDetail.jsp?i_code=11242241&Area=search&mdiv=403&oid=1_9&cid=index&kw=Jordan,1999,momo 即時搜尋資料
2026-05-21,Jordan,全部,momo購物網,【NIKE 耐吉】運動鞋 籃球鞋 JORDAN LUKA 77 PF 男鞋 抓地力 室內鞋 多色 多款(IF1611-001&),https://www.momoshop.com.tw/goods/GoodsDetail.jsp?i_code=15155034&Area=search&mdiv=403&oid=1_4&cid=index&kw=Jordan,1999,momo 即時搜尋資料
2026-05-21,Jordan,全部,momo購物網,【NIKE 耐吉】運動鞋 休閒鞋 喬丹 低筒 AIR JORDAN 1 LOW 男鞋 藍白黑紅 AJ1 低 多款(553558-040&),https://www.momoshop.com.tw/goods/GoodsDetail.jsp?i_code=13831720&Area=search&mdiv=403&oid=1_2&cid=index&kw=Jordan,2099,momo 即時搜尋資料
2026-05-21,Jordan,全部,momo購物網,【NIKE 耐吉】運動鞋 休閒鞋 喬丹 低筒 AIR JORDAN 1 LOW 男鞋 藍白黑紅 AJ1 低筒 多款(FN5214-141&),https://www.momoshop.com.tw/goods/GoodsDetail.jsp?i_code=11984036&Area=search&mdiv=403&oid=1_6&cid=index&kw=Jordan,2099,momo 即時搜尋資料
2026-05-21,Jordan,全部,momo購物網,【NIKE 耐吉】運動鞋 籃球鞋 JORDAN TATUM 4 PF 男鞋 喬丹 NBA 氣墊 實戰 塔圖姆 多款(HQ4613-001&),https://www.momoshop.com.tw/goods/GoodsDetail.jsp?i_code=14863031&Area=search&mdiv=403&oid=1_1&cid=index&kw=Jordan,2199,momo 即時搜尋資料
2026-05-21,Jordan,全部,momo購物網,【NIKE 耐吉】運動鞋 休閒鞋 情侶鞋 AIR FORCE 1/JORDAN 1/DUNK 男鞋 AF1 AJ1 復古 黑白 多款(IR7011-121&),https://www.momoshop.com.tw/goods/GoodsDetail.jsp?i_code=15155029&Area=search&mdiv=403&oid=1_19&cid=index&kw=Jordan,2299,momo 即時搜尋資料
2026-05-21,Jordan,全部,momo購物網,【NIKE 耐吉】AIR JORDAN 1 RETRO LOW OG 男鞋 休閒鞋 運動鞋 小閃電 皇家藍(CZ0790140),https://www.momoshop.com.tw/goods/GoodsDetail.jsp?i_code=14284795&Area=search&mdiv=403&oid=1_23&cid=index&kw=Jordan,2421,momo 即時搜尋資料
2026-05-21,Jordan,全部,momo購物網,【NIKE 耐吉】運動鞋 籃球鞋 男鞋 JORDAN TATUM 4 PF 氣墊 緩震 白色 (HQ4613102),https://www.momoshop.com.tw/goods/GoodsDetail.jsp?i_code=15144845&Area=search&mdiv=403&oid=1_5&cid=index&kw=Jordan,2565,momo 即時搜尋資料
2026-05-21,Jordan,全部,momo購物網,【NIKE 耐吉】運動鞋 籃球鞋 JORDAN LUKA 5 PF 男鞋 喬丹 NBA 氣墊 實戰 多款(HV8087-002&),https://www.momoshop.com.tw/goods/GoodsDetail.jsp?i_code=15033176&Area=search&mdiv=403&oid=1_7&cid=index&kw=Jordan,2699,momo 即時搜尋資料
2026-05-21,Jordan,全部,momo購物網,【NIKE 耐吉】運動鞋 籃球鞋 男鞋 AIR JORDAN 1 MID 喬丹 AJ1 紅頭 白紅色(DQ8426105),https://www.momoshop.com.tw/goods/GoodsDetail.jsp?i_code=14681315&Area=search&mdiv=403&oid=1_13&cid=index&kw=Jordan,2788,momo 即時搜尋資料
2026-05-21,Jordan,全部,momo購物網,【NIKE 耐吉】籃球鞋 Air Jordan 39 XXXIX PF 男鞋 No Alteration 米白 氣墊(FQ0214-104),https://www.momoshop.com.tw/goods/GoodsDetail.jsp?i_code=14431223&Area=search&mdiv=403&oid=1_24&cid=index&kw=Jordan,3312,momo 即時搜尋資料
2026-05-21,Jordan,全部,momo購物網,【NIKE 耐吉】AIR JORDAN 3 RETRO OG 男鞋 籃球鞋 運動鞋 喬丹 AJ3 麂皮 黑藍(IB8967004),https://www.momoshop.com.tw/goods/GoodsDetail.jsp?i_code=14921196&Area=search&mdiv=403&oid=1_11&cid=index&kw=Jordan,3420,momo 即時搜尋資料
2026-05-21,Jordan,全部,momo購物網,【NIKE 耐吉】穆勒鞋 Air Jordan 1 Mule Golf 男鞋 女鞋 限量 經典 高爾夫 FJ1214-004 FJ1214-101,https://www.momoshop.com.tw/goods/GoodsDetail.jsp?i_code=15242858&Area=search&mdiv=403&oid=1_14&cid=index&kw=Jordan,3511,momo 即時搜尋資料
2026-05-21,Jordan,全部,momo購物網,【NIKE 耐吉】運動鞋 籃球鞋 男鞋 AIR JORDAN 9 RETRO 喬丹 高筒 抓地力 復刻 灰(HV4794100),https://www.momoshop.com.tw/goods/GoodsDetail.jsp?i_code=14930204&Area=search&mdiv=403&oid=1_3&cid=index&kw=Jordan,3974,momo 即時搜尋資料
2026-05-21,Jordan,全部,momo購物網,【NIKE 耐吉】Nike Air Jordan 1 Low OG Banned 黑紅 禁穿 男鞋 IW6276-001, https://www.momoshop.com.tw/TP/TP0000668/goodsDetail/TP00006680001921,4280,momo 即時搜尋資料
2026-05-21,Jordan,全部,momo購物網,"【NIKE 耐吉】Air Jordan 1 Low OG ""Banned"" Black"" 休閒鞋 黑紅 IW6276-001 禁穿", https://www.momoshop.com.tw/TP/TP0003634/goodsDetail/TP00036340001445,4449,momo 即時搜尋資料
2026-05-21,Jordan,全部,momo購物網,【Jordan】HQ6998-600 Jordan Air Jordan 1 RETRO LOW OG Chicago 舒適百搭 低幫 復古籃球鞋 男女同款 紅白黑, https://www.momoshop.com.tw/TP/TP0009562/goodsDetail/TP00095620009140,4600,momo 即時搜尋資料
2026-05-21,Jordan,全部,momo購物網,【NIKE 耐吉】Air Jordan 11 Low University Blue 北卡藍 白藍 復古籃球鞋 男鞋 FV5104-100,https://www.momoshop.com.tw/goods/GoodsDetail.jsp?i_code=15252365&Area=search&mdiv=403&oid=1_16&cid=index&kw=Jordan,4619,momo 即時搜尋資料
2026-05-21,Jordan,全部,momo購物網,【NIKE 耐吉】AIR JORDAN 11 RETRO RA 男鞋 籃球鞋 運動鞋 AJ11 喬丹 米藍(IH0296400),https://www.momoshop.com.tw/goods/GoodsDetail.jsp?i_code=14583949&Area=search&mdiv=403&oid=1_15&cid=index&kw=Jordan,4788,momo 即時搜尋資料
2026-05-21,Jordan,全部,momo購物網,【NIKE 耐吉】休閒鞋 Air Jordan 11 Retro Low 男鞋 北卡藍 AJ11 FV5104-100,https://www.momoshop.com.tw/goods/GoodsDetail.jsp?i_code=15204170&Area=search&mdiv=403&oid=1_22&cid=index&kw=Jordan,4921,momo 即時搜尋資料
2026-05-21,Jordan,全部,momo購物網,【NIKE 耐吉】Nike Air Jordan 8 Retro 白紅 兔巴哥 緩震 運動鞋 男鞋 305381-100, https://www.momoshop.com.tw/TP/TP0000668/goodsDetail/TP00006680001868,5580,momo 即時搜尋資料
2026-05-21,Jordan,全部,momo購物網,【NIKE 耐吉】Air Jordan 13 Retro 2026 OG 白紅黑 黑豹 芝加哥 運動鞋 男鞋 414571-102, https://www.momoshop.com.tw/TP/TP0000668/goodsDetail/TP00006680001887,5599,momo 即時搜尋資料
2026-05-21,Jordan,全部,momo購物網,【NIKE 耐吉】Air Jordan 13 Retro 2026 OG 白紅黑 黑豹 芝加哥 運動鞋 男鞋 414571-102,https://www.momoshop.com.tw/goods/GoodsDetail.jsp?i_code=15030926&Area=search&mdiv=403&oid=1_18&cid=index&kw=Jordan,5685,momo 即時搜尋資料
2026-05-21,Jordan,全部,momo購物網,【Jordan】CT8013-117 Jordan Air Jordan 12 Retro Taxi 舒適 回彈 高幫 復古籃球鞋 男款 白黑, https://www.momoshop.com.tw/TP/TP0009562/goodsDetail/TP00095620010080,6750,momo 即時搜尋資料
2026-05-21,Kobe,男鞋,PChome,籃球鞋 Crazy 1 男鞋 灰 黑 Kobe Bryant 復古 運動鞋 IE6570,https://24h.pchome.com.tw/prod/DXAX7S-A900JNVEP,1874,PChome 即時資料
2026-05-21,Kobe,男鞋,PChome,籃球鞋 Crazy 2 男鞋 白 黃 KOBE All-Star 全明星賽 愛迪達 JI0337,https://24h.pchome.com.tw/prod/DXAX7S-A900J8Y5I,4280,PChome 即時資料
2026-05-21,Kobe,男鞋,PChome,Kobe x Nike Air Force 1 Low Protro 金藍 皮革鞋面 緩震氣墊 休閒鞋 運動鞋 男鞋 IH1018-200,https://24h.pchome.com.tw/prod/DXAX6U-A900JFJPZ,4362,PChome 即時資料
2026-05-21,Kobe,男鞋,PChome,Kobe 3 Protro 聖誕節 透氣 緩震 休閒鞋 運動鞋 男鞋 IQ5338-400,https://24h.pchome.com.tw/prod/DXAX6U-A900JKGW6,4947,PChome 即時資料
2026-05-21,Kobe,男鞋,PChome,籃球鞋 Kobe III Protro 男鞋 Royal Pulse 藍 柯比 聖誕節 IQ5338-400,https://24h.pchome.com.tw/prod/DXAX7S-A900JM04T,5180,PChome 即時資料
2026-05-21,Kobe,男鞋,PChome,Kobe 9 EM Low Protro 綠白 緩震 透氣 抓地力 休閒鞋 運動鞋 男鞋 IH1401-003,https://24h.pchome.com.tw/prod/DXAX29-A900JWSLT,5183,PChome 即時資料
2026-05-21,Kobe,男鞋,PChome,籃球鞋 Kobe IX Elite EM Protro 男鞋 WNBA30週年 IM6119-800,https://24h.pchome.com.tw/prod/DXAX7S-A900K1293,5480,PChome 即時資料
2026-05-21,Kobe,男鞋,PChome,Nike Kobe III Protro Royal Pulse 男鞋 藍色 柯比 聖誕節 籃球鞋 IQ5338-400,https://24h.pchome.com.tw/prod/DXAX7S-A900JTTD0,5580,PChome 即時資料
2026-05-21,Kobe,男鞋,PChome,籃球鞋 Kobe IX Elite EM Protro 男鞋 薄荷綠 曼巴 IH1401-003,https://24h.pchome.com.tw/prod/DXAX7S-A900JWKKC,5580,PChome 即時資料
2026-05-21,Kobe,男鞋,PChome,籃球鞋 Kobe IX Elite EM Protro 男鞋 雷霆藍 曼巴 IH1401-401,https://24h.pchome.com.tw/prod/DXAX7S-A900JWKKE,5580,PChome 即時資料
2026-05-21,Kobe,男鞋,PChome,Kobe 9 EM Low Protro 黑金 休閒鞋 運動鞋 男鞋 IH1401-002,https://24h.pchome.com.tw/prod/DXAX68-A900JFPTA,5732,PChome 即時資料
2026-05-21,Kobe,男鞋,PChome,Kobe 9 EM Low Protro TB 黑紫 透氣 回彈 休閒鞋 運動鞋 男鞋 IH1401-500,https://24h.pchome.com.tw/prod/DXAXCD-A900JMUDN,5766,PChome 即時資料
2026-05-21,Kobe,男鞋,PChome,籃球鞋 Kobe IX Elite EM Protro 男鞋 黑 紫 黑曼巴 IH1401-500,https://24h.pchome.com.tw/prod/DXAX7S-A900JWKJY,5780,PChome 即時資料
2026-05-21,Kobe,男鞋,PChome,Nike Kobe 9 EM Low Protro TB 男鞋 黑紫色 透氣 回彈 運動 休閒鞋 IH1401-500,https://24h.pchome.com.tw/prod/DXAX69-A900JTTHC,5880,PChome 即時資料
2026-05-21,Kobe,男鞋,PChome,籃球鞋 Kobe 9 IX Elite Low EM Protro 男鞋 藍 IH1401-402,https://24h.pchome.com.tw/prod/DXAX7S-A900JWRK3,5980,PChome 即時資料
2026-05-21,Kobe,男鞋,PChome,Kobe 9 EM Low 冰川藍 透氣 回彈 緩震 運動鞋 男鞋 IH1401-402,https://24h.pchome.com.tw/prod/DXAX2F-A900JS6HB,6008,PChome 即時資料
2026-05-21,Kobe,男鞋,PChome,Kobe 9 EM Low 紫橘 黑曼巴 抓地 透氣 運動鞋 男鞋 IH1401-401,https://24h.pchome.com.tw/prod/DXAXCD-A900JS6QE,6155,PChome 即時資料
2026-05-21,Kobe,男鞋,PChome,Kobe 9 Elite Low EM Protro WNBA 亮橘色 回彈 抓地力 休閒鞋 運動鞋 男鞋 IM6119-800,https://24h.pchome.com.tw/prod/DXAX29-A900K0TVY,6155,PChome 即時資料
2026-05-21,Kobe,男鞋,PChome,Kobe 1 Protro 81pt Game 白紫 黑曼巴 籃球鞋 男鞋 IM0542-100,https://24h.pchome.com.tw/prod/DXAXFC-A900JOWYN,6545,PChome 即時資料
2026-05-21,Kobe,男鞋,PChome,Kobe 9 EM Low 中國紅 網布 緩震 休閒鞋 運動鞋 男鞋 IH1400-600,https://24h.pchome.com.tw/prod/DXAX68-A900JHU9P,6603,PChome 即時資料
2026-05-21,Kobe,男鞋,PChome,Nike Kobe 1 Protro 81 Points 男鞋 白紫黑色 黑曼巴 經典 籃球鞋 IM0542-100,https://24h.pchome.com.tw/prod/DXAX7S-A900JTTDG,6880,PChome 即時資料
2026-05-21,Kobe,男鞋,PChome,Kobe 3 Low Protro 紫粉 回彈 透氣 抓地力 休閒鞋 運動鞋 男鞋 IF2497-500,https://24h.pchome.com.tw/prod/DXAX2W-A900JXOZF,7090,PChome 即時資料
2026-05-21,Kobe,男鞋,PChome,Kobe 8 Protro 馬年限定 紅藍  回彈 抓地力 運動鞋 男鞋 IM0594-600,https://24h.pchome.com.tw/prod/DXAXCD-A900JPSCS,8681,PChome 即時資料
2026-05-21,Kobe,男鞋,PChome,籃球鞋 Kobe 11 EM Protro 男鞋 黑金 冰底 Mamba Day IU4902900,https://24h.pchome.com.tw/prod/DXAX7S-A900JXCJX,9180,PChome 即時資料
2026-05-21,Kobe,男鞋,PChome,Kobe V Protro Year of the Mamba 曼巴之年 蛇年限定 金屬紫金 籃球鞋 運動鞋 男鞋 IB4481-500,https://24h.pchome.com.tw/prod/DXAX7S-A900I8K86,9406,PChome 即時資料
2026-05-21,Kobe,男鞋,PChome,Kobe 9 Elite Low Protro 月球漫步者 休閒鞋 運動鞋 男鞋 IM0465-500,https://24h.pchome.com.tw/prod/DXAX8V-A900JFJQG,9758,PChome 即時資料
2026-05-21,Kobe,男鞋,PChome,Kobe 8 EXT Protro 巴洛克棕 永遠的兄弟 馬毛 馬蹄鐵 休閒鞋 運動鞋 男鞋 IM1820-100,https://24h.pchome.com.tw/prod/DXAX29-A900JZZYY,10086,PChome 即時資料
2026-05-21,Kobe,男鞋,PChome,Kobe 5 Protro Year of the Mamba 蛇年限定 大學紅 曼巴之年 紅金 籃球鞋 運動鞋 男鞋 HF5182-600,https://24h.pchome.com.tw/prod/DXAX7S-A900I9B2K,10759,PChome 即時資料
2026-05-21,Kobe,男鞋,PChome,Nike Kobe VI Protro ASG Hollywood 3D 男鞋 紫黑色 籃球鞋 IQ3902-002,https://24h.pchome.com.tw/prod/DXAX7S-A900JTSWO,10800,PChome 即時資料
2026-05-21,Kobe,男鞋,PChome,Kobe 5 Protro 紅銀 曼巴 實戰 籃球鞋 運動鞋 男鞋 IM0557-001,https://24h.pchome.com.tw/prod/DXAX29-A900JV6BY,11241,PChome 即時資料
2026-05-21,Kobe,男鞋,PChome,Kobe 6 全明星 好萊塢 3D 2026 深灰紅藍 蛇皮壓紋 回彈 3D眼鏡 男鞋 IQ3902-002,https://24h.pchome.com.tw/prod/DXAXFC-A900JT1O2,12253,PChome 即時資料
2026-05-21,Kobe,男鞋,PChome,"Kobe 5 Protro ""Year of the Mamba"" 曼巴之年 蛇年限定 籃球鞋 紫 黑 金 男鞋 女鞋 運動鞋 IB4481-500",https://24h.pchome.com.tw/prod/DXAX7S-A900JFOU1,12280,PChome 即時資料
2026-05-21,Kobe,男鞋,PChome,"Kobe 8 Protro ""Halo"" 白 全白 籃球鞋 復刻 運動鞋 籃球鞋 男鞋 FJ9364-100",https://24h.pchome.com.tw/prod/DXAX7S-A900JFOXE,13000,PChome 即時資料
2026-05-21,Kobe,男鞋,PChome,籃球鞋 Kobe 11 Elite Protro 男鞋 黑 金勾 IM4260-001,https://24h.pchome.com.tw/prod/DXAX7S-A900JYLZS,14800,PChome 即時資料
2026-05-21,Kobe,男鞋,momo購物網,【NIKE 耐吉】Kobe III Protro Royal Pulse 男鞋 藍色 柯比 聖誕節 籃球鞋 IQ5338-400,https://www.momoshop.com.tw/goods/GoodsDetail.jsp?i_code=14893278&Area=search&mdiv=403&oid=1_18&cid=index&kw=Kobe,4462,momo 即時搜尋資料
2026-05-21,Kobe,男鞋,momo購物網,【NIKE 耐吉】Kobe 9 EM Low Protro 綠白 緩震 透氣 抓地力 休閒鞋 運動鞋 男鞋 IH1401-003,https://www.momoshop.com.tw/goods/GoodsDetail.jsp?i_code=15132725&Area=search&mdiv=403&oid=1_8&cid=index&kw=Kobe,4731,momo 即時搜尋資料
2026-05-21,Kobe,男鞋,momo購物網,【NIKE 耐吉】Kobe 9 EM Low Protro TB 黑紫 透氣 回彈 休閒鞋 運動鞋 男鞋 IH1401-500,https://www.momoshop.com.tw/goods/GoodsDetail.jsp?i_code=14869658&Area=search&mdiv=403&oid=1_20&cid=index&kw=Kobe,4765,momo 即時搜尋資料
2026-05-21,Kobe,男鞋,momo購物網,【NIKE 耐吉】Nike Zoom Kobe 1 Protro 81 Points 白紫黑 2026 男鞋 籃球鞋 IM0542-100,https://www.momoshop.com.tw/goods/GoodsDetail.jsp?i_code=14970065&Area=search&mdiv=403&oid=1_16&cid=index&kw=Kobe,4879,momo 即時搜尋資料
2026-05-21,Kobe,男鞋,momo購物網,【NIKE 耐吉】Kobe 9 Elite Low EM Protro WNBA 亮橘色 回彈 抓地力 休閒鞋 運動鞋 男鞋 IM6119-800,https://www.momoshop.com.tw/goods/GoodsDetail.jsp?i_code=15262105&Area=search&mdiv=403&oid=1_15&cid=index&kw=Kobe,5206,momo 即時搜尋資料
2026-05-21,Kobe,男鞋,momo購物網,【NIKE 耐吉】籃球鞋 Kobe IX Elite EM Protro 男鞋 雷霆藍 曼巴 IH1401-401,https://www.momoshop.com.tw/goods/GoodsDetail.jsp?i_code=15133369&Area=search&mdiv=403&oid=1_13&cid=index&kw=Kobe,5301,momo 即時搜尋資料
2026-05-21,Kobe,男鞋,momo購物網,【NIKE 耐吉】Kobe 3 Low Protro 紫粉 回彈 透氣 抓地力 休閒鞋 運動鞋 男鞋 IF2497-500,https://www.momoshop.com.tw/goods/GoodsDetail.jsp?i_code=15169714&Area=search&mdiv=403&oid=1_17&cid=index&kw=Kobe,5869,momo 即時搜尋資料
2026-05-21,Kobe,男鞋,momo購物網,【NIKE 耐吉】IU4902-900 Nike Kobe 11 Protro 時尚潮流 抓地 低幫 籃球鞋 男款 黑金, https://www.momoshop.com.tw/TP/TP0009562/goodsDetail/TP00095620009123,6450,momo 即時搜尋資料
2026-05-21,Kobe,男鞋,momo購物網,【NIKE 耐吉】Nike Kobe 8 Protro 馬年限定 紅藍 回彈 男鞋 IM0594-600, https://www.momoshop.com.tw/TP/TP0000668/goodsDetail/TP00006680001883,7080,momo 即時搜尋資料
2026-05-21,Kobe,男鞋,momo購物網,【NIKE 耐吉】Kobe 11 EM Protro Mamba Day 曼巴 黑金 冰底 男鞋 IU4902-900, https://www.momoshop.com.tw/TP/TP0000668/goodsDetail/TP00006680001902,8080,momo 即時搜尋資料
2026-05-21,Kobe,男鞋,momo購物網,【NIKE 耐吉】籃球鞋 Kobe 11 EM Protro 男鞋 黑金 冰底 Mamba Day IU4902-900,https://www.momoshop.com.tw/goods/GoodsDetail.jsp?i_code=15152828&Area=search&mdiv=403&oid=1_14&cid=index&kw=Kobe,8262,momo 即時搜尋資料
2026-05-21,Kobe,男鞋,momo購物網,【NIKE 耐吉】籃球鞋 Nike Kobe 8 Protro Lakers Home 湖人隊主場 白紫鉤 男鞋 HF9550-100,https://www.momoshop.com.tw/goods/GoodsDetail.jsp?i_code=13638904&Area=search&mdiv=403&oid=1_19&cid=index&kw=Kobe,8550,momo 即時搜尋資料
2026-05-21,Kobe,男鞋,momo購物網,【NIKE 耐吉】籃球鞋 Nike KOBE Protro JA3 男款 實戰 緩震 限量 黑曼巴(3/4/5/6/8/9/11代),https://www.momoshop.com.tw/goods/GoodsDetail.jsp?i_code=14503813&Area=search&mdiv=403&oid=1_2&cid=index&kw=Kobe,8729,momo 即時搜尋資料
2026-05-21,Kobe,男鞋,momo購物網,【NIKE 耐吉】籃球鞋 Nike Zoom Kobe 4 Protro CHBL 黃金蟒 曼巴 籃球鞋 男款 IH0587-700,https://www.momoshop.com.tw/goods/GoodsDetail.jsp?i_code=14078548&Area=search&mdiv=403&oid=1_5&cid=index&kw=Kobe,9891,momo 即時搜尋資料
2026-05-21,Kobe,男鞋,momo購物網,【NIKE 耐吉】Kobe 5 Protro 紅銀 曼巴 實戰 籃球鞋 運動鞋 男鞋 IM0557-001,https://www.momoshop.com.tw/goods/GoodsDetail.jsp?i_code=15080987&Area=search&mdiv=403&oid=1_7&cid=index&kw=Kobe,9936,momo 即時搜尋資料
2026-05-21,Kobe,男鞋,momo購物網,【NIKE 耐吉】Kobe VI Protro ASG Hollywood 3D 男鞋 深灰紅藍色 籃球鞋 IQ3902-002,https://www.momoshop.com.tw/goods/GoodsDetail.jsp?i_code=15015147&Area=search&mdiv=403&oid=1_9&cid=index&kw=Kobe,9936,momo 即時搜尋資料
2026-05-21,Kobe,男鞋,momo購物網,【NIKE 耐吉】籃球鞋 Nike Kobe 11 Elite Protro Fade To Black 黑色 金勾 男款 IM4260-001,https://www.momoshop.com.tw/goods/GoodsDetail.jsp?i_code=15212820&Area=search&mdiv=403&oid=1_11&cid=index&kw=Kobe,11210,momo 即時搜尋資料
2026-05-21,Kobe,男鞋,momo購物網,【NIKE 耐吉】籃球鞋 Kobe 11 Elite Protro 男鞋 黑 金勾 IM4260-001,https://www.momoshop.com.tw/goods/GoodsDetail.jsp?i_code=15152826&Area=search&mdiv=403&oid=1_12&cid=index&kw=Kobe,14800,momo 即時搜尋資料
2026-05-21,Kobe,男鞋,momo購物網,【NIKE 耐吉】IQ5774-300 Jalen Brunson × Nike Zoom Kobe 6 Protro Statue of Liberty PE 百搭舒適 低幫 籃球鞋 男款 綠色, https://www.momoshop.com.tw/TP/TP0009562/goodsDetail/TP00095620009099,25900,momo 即時搜尋資料
2026-05-21,Kobe,女鞋,PChome,"Kobe 5 Protro ""Year of the Mamba"" 曼巴之年 蛇年限定 籃球鞋 紫 黑 金 男鞋 女鞋 運動鞋 IB4481-500",https://24h.pchome.com.tw/prod/DXAX7S-A900JFOU1,12280,PChome 即時資料
2026-05-21,Kobe,童鞋,PChome,籃球鞋 Kobe III GS 大童 女鞋 HALO 白 曼巴 高筒 HQ2304-100,https://24h.pchome.com.tw/prod/DXAX7T-A900JAA8L,2132,PChome 即時資料
2026-05-21,Kobe,童鞋,PChome,籃球鞋 Kobe IX Elite Protro GS 大童 女鞋 Masterpiece 大師 HJ9446-001,https://24h.pchome.com.tw/prod/DXAX7T-A900ID4BQ,2218,PChome 即時資料
2026-05-21,Kobe,童鞋,PChome,籃球鞋 Kobe 9 IX Elite High Protro GS 大童 女鞋 白 橘 HJ9446-100,https://24h.pchome.com.tw/prod/DXAX7T-A900IV09C,2304,PChome 即時資料
2026-05-21,Kobe,童鞋,PChome,Kobe 9 Elite Protro Christmas 紅 聖誕節 高筒 GS 休閒鞋 大童鞋 HJ9446-600,https://24h.pchome.com.tw/prod/DXAX69-A900I86IM,2359,PChome 即時資料
2026-05-21,Kobe,童鞋,PChome,Kobe 3 Protro Halo 白色 曼巴 籃球鞋 GS 大童鞋 HQ2304-100,https://24h.pchome.com.tw/prod/DXAXFH-A900J727W,2359,PChome 即時資料
2026-05-21,Kobe,童鞋,PChome,Nike Kobe 9 EM Low TB University Red 大學紅 GS 大童鞋 FV3607-600,https://24h.pchome.com.tw/prod/DXAXFH-A900J7SIY,2463,PChome 即時資料
2026-05-21,Kobe,童鞋,PChome,Kobe 8 Protro Court Purple 白紫 PS 中童 休閒鞋 FN0267-101,https://24h.pchome.com.tw/prod/DXAX2C-A900H8PT4,2556,PChome 即時資料
2026-05-21,Kobe,童鞋,PChome,KOBE IX LOW EM (GS) 中大童 籃球鞋 IM6642400,https://24h.pchome.com.tw/prod/DXAX7T-A900JYNLF,2565,PChome 即時資料
2026-05-21,Kobe,童鞋,PChome,KOBE IX LOW EM (GS) 中大童 籃球鞋 IM6641400,https://24h.pchome.com.tw/prod/DXAX7T-A900JU38V,2565,PChome 即時資料
2026-05-21,Kobe,童鞋,PChome,Kobe 9 EM Low 紫橘 GS 黑曼巴 抓地 透氣 運動鞋 大童鞋 IM6641-400,https://24h.pchome.com.tw/prod/DXAX29-A900JS6R8,2628,PChome 即時資料
2026-05-21,Kobe,童鞋,PChome,Kobe IX Low EM 白綠 GS 緩震 舒適 籃球鞋 運動鞋 大童鞋 IM6642-003,https://24h.pchome.com.tw/prod/DXAX29-A900JV6GM,2635,PChome 即時資料
2026-05-21,Kobe,童鞋,PChome,KOBE IX LOW EM (GS) 中大童 籃球鞋 FV3607600,https://24h.pchome.com.tw/prod/DXAX7T-A900J79Z5,2638,PChome 即時資料
2026-05-21,Kobe,童鞋,PChome,KOBE IX LOW EM (GS) 中大童 籃球鞋 IM6642500,https://24h.pchome.com.tw/prod/DXAX7T-A900JNNLU,2638,PChome 即時資料
2026-05-21,Kobe,童鞋,PChome,KOBE IX ELITE (GS) 中大童鞋 籃球鞋 白橘色-HJ9446100,https://24h.pchome.com.tw/prod/DXAX7S-A900J0I8J,2698,PChome 即時資料
2026-05-21,Kobe,童鞋,PChome,籃球鞋 Kobe IX Low EM GS 大童 女鞋 藍 白 曼巴 運動鞋 FV3607-400,https://24h.pchome.com.tw/prod/DXAX7T-A900J5G99,2734,PChome 即時資料
2026-05-21,Kobe,童鞋,PChome,Kobe 9 Elite Protro Masterpiece 籃球鞋 黑曼巴 GS 大師之路 運動鞋 大童鞋 HJ9446-001,https://24h.pchome.com.tw/prod/DXAX7S-A900IDU33,2739,PChome 即時資料
2026-05-21,Kobe,童鞋,PChome,NIKE 籃球鞋 KOBE IX 9 GS 紅色 曼巴 大童 女 FV3607-600,https://24h.pchome.com.tw/prod/DXAX69-A900JZ3GF,2803,PChome 即時資料
2026-05-21,Kobe,童鞋,PChome,籃球鞋 Kobe IX Low EM GS 大童 女鞋 紫 黃 曼巴 9代 IM6641-400,https://24h.pchome.com.tw/prod/DXAX7T-A900JV0K9,2820,PChome 即時資料
2026-05-21,Kobe,童鞋,PChome,籃球鞋 Kobe IX Low EM GS 大童 女鞋 灰 白 曼巴 緩震 IM6642-003,https://24h.pchome.com.tw/prod/DXAX7T-A900JY488,2820,PChome 即時資料
2026-05-21,Kobe,童鞋,PChome,Nike Kobe 9 Elite Protro What The 2025 White GS 白橙綠 高筒 籃球鞋 大童鞋 HJ9446-100,https://24h.pchome.com.tw/prod/DXAX7S-A900IVPU2,2837,PChome 即時資料
2026-05-21,Kobe,童鞋,PChome,Kobe 9 EM Low TB Game Royal 皇家藍 休閒鞋 GS FV3607-400,https://24h.pchome.com.tw/prod/DXAX69-A900J3S2P,2837,PChome 即時資料
2026-05-21,Kobe,童鞋,PChome,籃球鞋 Kobe IX Low Em GS 大童 女鞋 冰川藍 曼巴 IM6642-400,https://24h.pchome.com.tw/prod/DXAX7T-A900JWVVV,2906,PChome 即時資料
2026-05-21,Kobe,童鞋,PChome,籃球鞋 Kobe IX Low EM GS 大童 女鞋 紫 黑 黑曼巴 IM6642-500,https://24h.pchome.com.tw/prod/DXAX7T-A900JWRFL,2992,PChome 即時資料
2026-05-21,Kobe,童鞋,PChome,Kobe 9 EM Low China 中國紅 GS 抓地 回彈 運動鞋 大童鞋 IM9569-600,https://24h.pchome.com.tw/prod/DXAX6U-A900JLSH9,3540,PChome 即時資料
2026-05-21,Kobe,童鞋,PChome,Kobe 9 EM Low TB 冰川藍 GS 透氣 舒適 支撐力 運動鞋 大童鞋 IM6642-400,https://24h.pchome.com.tw/prod/DXAX8R-A900JS6X1,3635,PChome 即時資料
2026-05-21,Kobe,童鞋,PChome,Kobe 9 EM Low TB 黑紫 GS 緩震 透氣 休閒鞋 運動鞋 大童鞋 IM6642-500,https://24h.pchome.com.tw/prod/DXAX29-A900JM6SJ,3653,PChome 即時資料
2026-05-21,Kobe,童鞋,PChome,Nike Kobe 9 EM Low TB 大童 黑紫 GS 緩震 透氣 休閒鞋 IM6642-500,https://24h.pchome.com.tw/prod/DXAX69-A900JTTDV,3780,PChome 即時資料
2026-05-21,Kobe,童鞋,PChome,籃球鞋 Kobe V GS 大童 女鞋 紅 銀 曼巴 高中配色 緩震 HM9522-001,https://24h.pchome.com.tw/prod/DXAX7T-A900JVVX7,3880,PChome 即時資料
2026-05-21,Kobe,童鞋,PChome,Kobe 3 Christmas 聖誕節 GS 反光 氣墊 休閒鞋 運動鞋 大童鞋 HQ2304-400,https://24h.pchome.com.tw/prod/DXAX6U-A900JKIQK,3912,PChome 即時資料
2026-05-21,Kobe,童鞋,PChome,Kobe 5 Protro Year Of The Mamba 蛇年限定 金屬紫金 GS 低筒 緩震 休閒鞋 大童鞋 HM3753-500,https://24h.pchome.com.tw/prod/DXAX69-A900I9MJB,4014,PChome 即時資料
2026-05-21,Kobe,童鞋,PChome,籃球鞋 Kobe 8 VIII GS 大童 女鞋 馬年 紅 曼巴 CNY IM6639-600,https://24h.pchome.com.tw/prod/DXAX7T-A900JWRFJ,4080,PChome 即時資料
2026-05-21,Kobe,童鞋,PChome,Kobe 8 Protro Court Purple 中童 白紫 柯比 KOBE 籃球鞋 FN0267-101,https://24h.pchome.com.tw/prod/DXAX2A-A900HFE81,4500,PChome 即時資料
2026-05-21,Kobe,童鞋,PChome,Kobe 8 2026 Year of the Horse 馬年限定 GS 輕量 緩震 舒適 運動鞋 大童鞋 IM6639-600,https://24h.pchome.com.tw/prod/DXAX6T-A900JOVYZ,4626,PChome 即時資料
2026-05-21,Kobe,童鞋,PChome,Kobe 5 2026 銀紅 GS 氣墊 支撐 運動鞋 大童鞋 HM9522-001,https://24h.pchome.com.tw/prod/DXAX29-A900JV5ZI,4666,PChome 即時資料
2026-05-21,Kobe,童鞋,PChome,Kobe 6 全明星 好萊塢 3D 2026 深灰紅藍 GS 蛇皮壓紋 回彈 立體 運動鞋 大童鞋 HM4824-002,https://24h.pchome.com.tw/prod/DXAX29-A900JRMUI,5226,PChome 即時資料
2026-05-21,Kobe,童鞋,PChome,Kobe 5 Protro Year of the Mamba 蛇年限定 大學紅 GS 低筒 緩震 籃球鞋 運動鞋 大童鞋 HM3753-600,https://24h.pchome.com.tw/prod/DXAX7S-A900IANI6,5376,PChome 即時資料
2026-05-21,Kobe,童鞋,PChome,"Kobe 5 Protro GS ""Year of the Mamba"" 曼巴之年 大童 女鞋 紫 黑 金 籃球鞋 運動鞋 童鞋 HM3753-500",https://24h.pchome.com.tw/prod/DXAX7S-A900JFOU3,5480,PChome 即時資料
2026-05-21,Kobe,童鞋,momo購物網,【NIKE 耐吉】Kobe 8 2026 Year of the Horse 馬年限定 GS 輕量 緩震 舒適 運動鞋 大童鞋 IM6639-600,https://www.momoshop.com.tw/goods/GoodsDetail.jsp?i_code=14932839&Area=search&mdiv=403&oid=1_4&cid=index&kw=Kobe,3781,momo 即時搜尋資料
2026-05-21,Kobe,童鞋,momo購物網,【NIKE 耐吉】籃球鞋 Nike Kobe 8 Protro Black University Gold GS 大學金 黑金 大童 女鞋 FN0266-002,https://www.momoshop.com.tw/goods/GoodsDetail.jsp?i_code=13644954&Area=search&mdiv=403&oid=1_10&cid=index&kw=Kobe,4351,momo 即時搜尋資料
2026-05-21,Kobe,童鞋,momo購物網,【NIKE 耐吉】Nike Kobe 6 全明星 好萊塢 3D 2026 深灰紅藍 GS 蛇皮壓紋 運動鞋 大童鞋 HM4824-002,https://www.momoshop.com.tw/goods/GoodsDetail.jsp?i_code=14979586&Area=search&mdiv=403&oid=1_6&cid=index&kw=Kobe,4731,momo 即時搜尋資料
2026-05-21,Kobe,童鞋,momo購物網,【NIKE 耐吉】Kobe 6 全明星 好萊塢 3D 2026 深灰紅藍 GS 蛇皮壓紋 運動鞋 大童鞋 HM4824-002, https://www.momoshop.com.tw/TP/TP0004485/goodsDetail/TP00044850003562,4932,momo 即時搜尋資料
2026-05-21,Kobe,童鞋,momo購物網,【NIKE 耐吉】籃球鞋 Nike Kobe 6 Protro All-Star 2.0 GS 曼巴 全明星2.0 籃球鞋 白 女鞋 大童 FV9676-100,https://www.momoshop.com.tw/goods/GoodsDetail.jsp?i_code=13747262&Area=search&mdiv=403&oid=1_3&cid=index&kw=Kobe,5681,momo 即時搜尋資料
2026-05-21,Kobe,童鞋,momo購物網,【NIKE 耐吉】籃球鞋 Nike Kobe 6 Protro All-Star 2.0 GS 曼巴 全明星2.0 籃球鞋 白 女鞋 大童 FV9676-100,https://www.momoshop.com.tw/goods/GoodsDetail.jsp?i_code=13747263&Area=search&mdiv=403&oid=1_1&cid=index&kw=Kobe,6631,momo 即時搜尋資料
2026-05-21,Kobe,童鞋,momo購物網,【NIKE 耐吉】FV9676-100 NikeZoom Kobe 6 Protro 舒適百搭GS 低幫 籃球鞋 白色 男女同款, https://www.momoshop.com.tw/TP/TP0009562/goodsDetail/TP00095620010026,6900,momo 即時搜尋資料
2026-05-21,Kobe,全部,PChome,籃球鞋 Crazy 1 男鞋 灰 黑 Kobe Bryant 復古 運動鞋 IE6570,https://24h.pchome.com.tw/prod/DXAX7S-A900JNVEP,1874,PChome 即時資料
2026-05-21,Kobe,全部,PChome,籃球鞋 Kobe III GS 大童 女鞋 HALO 白 曼巴 高筒 HQ2304-100,https://24h.pchome.com.tw/prod/DXAX7T-A900JAA8L,2132,PChome 即時資料
2026-05-21,Kobe,全部,PChome,籃球鞋 Kobe IX Elite Protro GS 大童 女鞋 Masterpiece 大師 HJ9446-001,https://24h.pchome.com.tw/prod/DXAX7T-A900ID4BQ,2218,PChome 即時資料
2026-05-21,Kobe,全部,PChome,籃球鞋 Kobe 9 IX Elite High Protro GS 大童 女鞋 白 橘 HJ9446-100,https://24h.pchome.com.tw/prod/DXAX7T-A900IV09C,2304,PChome 即時資料
2026-05-21,Kobe,全部,PChome,Kobe 9 Elite Protro Christmas 紅 聖誕節 高筒 GS 休閒鞋 大童鞋 HJ9446-600,https://24h.pchome.com.tw/prod/DXAX69-A900I86IM,2359,PChome 即時資料
2026-05-21,Kobe,全部,PChome,Kobe 3 Protro Halo 白色 曼巴 籃球鞋 GS 大童鞋 HQ2304-100,https://24h.pchome.com.tw/prod/DXAXFH-A900J727W,2359,PChome 即時資料
2026-05-21,Kobe,全部,PChome,Nike Kobe 9 EM Low TB University Red 大學紅 GS 大童鞋 FV3607-600,https://24h.pchome.com.tw/prod/DXAXFH-A900J7SIY,2463,PChome 即時資料
2026-05-21,Kobe,全部,PChome,Kobe 8 Protro Court Purple 白紫 PS 中童 休閒鞋 FN0267-101,https://24h.pchome.com.tw/prod/DXAX2C-A900H8PT4,2556,PChome 即時資料
2026-05-21,Kobe,全部,PChome,KOBE IX LOW EM (GS) 中大童 籃球鞋 IM6642400,https://24h.pchome.com.tw/prod/DXAX7T-A900JYNLF,2565,PChome 即時資料
2026-05-21,Kobe,全部,PChome,KOBE IX LOW EM (GS) 中大童 籃球鞋 IM6641400,https://24h.pchome.com.tw/prod/DXAX7T-A900JU38V,2565,PChome 即時資料
2026-05-21,Kobe,全部,PChome,Kobe 9 EM Low 紫橘 GS 黑曼巴 抓地 透氣 運動鞋 大童鞋 IM6641-400,https://24h.pchome.com.tw/prod/DXAX29-A900JS6R8,2628,PChome 即時資料
2026-05-21,Kobe,全部,PChome,Kobe IX Low EM 白綠 GS 緩震 舒適 籃球鞋 運動鞋 大童鞋 IM6642-003,https://24h.pchome.com.tw/prod/DXAX29-A900JV6GM,2635,PChome 即時資料
2026-05-21,Kobe,全部,PChome,KOBE IX LOW EM (GS) 中大童 籃球鞋 FV3607600,https://24h.pchome.com.tw/prod/DXAX7T-A900J79Z5,2638,PChome 即時資料
2026-05-21,Kobe,全部,PChome,KOBE IX LOW EM (GS) 中大童 籃球鞋 IM6642500,https://24h.pchome.com.tw/prod/DXAX7T-A900JNNLU,2638,PChome 即時資料
2026-05-21,Kobe,全部,PChome,KOBE IX ELITE (GS) 中大童鞋 籃球鞋 白橘色-HJ9446100,https://24h.pchome.com.tw/prod/DXAX7S-A900J0I8J,2698,PChome 即時資料
2026-05-21,Kobe,全部,PChome,籃球鞋 Kobe IX Low EM GS 大童 女鞋 藍 白 曼巴 運動鞋 FV3607-400,https://24h.pchome.com.tw/prod/DXAX7T-A900J5G99,2734,PChome 即時資料
2026-05-21,Kobe,全部,PChome,Kobe 9 Elite Protro Masterpiece 籃球鞋 黑曼巴 GS 大師之路 運動鞋 大童鞋 HJ9446-001,https://24h.pchome.com.tw/prod/DXAX7S-A900IDU33,2739,PChome 即時資料
2026-05-21,Kobe,全部,PChome,NIKE 籃球鞋 KOBE IX 9 GS 紅色 曼巴 大童 女 FV3607-600,https://24h.pchome.com.tw/prod/DXAX69-A900JZ3GF,2803,PChome 即時資料
2026-05-21,Kobe,全部,PChome,籃球鞋 Kobe IX Low EM GS 大童 女鞋 紫 黃 曼巴 9代 IM6641-400,https://24h.pchome.com.tw/prod/DXAX7T-A900JV0K9,2820,PChome 即時資料
2026-05-21,Kobe,全部,PChome,籃球鞋 Kobe IX Low EM GS 大童 女鞋 灰 白 曼巴 緩震 IM6642-003,https://24h.pchome.com.tw/prod/DXAX7T-A900JY488,2820,PChome 即時資料
2026-05-21,Kobe,全部,PChome,Nike Kobe 9 Elite Protro What The 2025 White GS 白橙綠 高筒 籃球鞋 大童鞋 HJ9446-100,https://24h.pchome.com.tw/prod/DXAX7S-A900IVPU2,2837,PChome 即時資料
2026-05-21,Kobe,全部,PChome,Kobe 9 EM Low TB Game Royal 皇家藍 休閒鞋 GS FV3607-400,https://24h.pchome.com.tw/prod/DXAX69-A900J3S2P,2837,PChome 即時資料
2026-05-21,Kobe,全部,PChome,籃球鞋 Kobe IX Low Em GS 大童 女鞋 冰川藍 曼巴 IM6642-400,https://24h.pchome.com.tw/prod/DXAX7T-A900JWVVV,2906,PChome 即時資料
2026-05-21,Kobe,全部,PChome,籃球鞋 Kobe IX Low EM GS 大童 女鞋 紫 黑 黑曼巴 IM6642-500,https://24h.pchome.com.tw/prod/DXAX7T-A900JWRFL,2992,PChome 即時資料
2026-05-21,Kobe,全部,PChome,Kobe 9 EM Low China 中國紅 GS 抓地 回彈 運動鞋 大童鞋 IM9569-600,https://24h.pchome.com.tw/prod/DXAX6U-A900JLSH9,3540,PChome 即時資料
2026-05-21,Kobe,全部,PChome,Kobe 9 EM Low TB 冰川藍 GS 透氣 舒適 支撐力 運動鞋 大童鞋 IM6642-400,https://24h.pchome.com.tw/prod/DXAX8R-A900JS6X1,3635,PChome 即時資料
2026-05-21,Kobe,全部,PChome,Kobe 9 EM Low TB 黑紫 GS 緩震 透氣 休閒鞋 運動鞋 大童鞋 IM6642-500,https://24h.pchome.com.tw/prod/DXAX29-A900JM6SJ,3653,PChome 即時資料
2026-05-21,Kobe,全部,PChome,Nike Kobe 9 EM Low TB 大童 黑紫 GS 緩震 透氣 休閒鞋 IM6642-500,https://24h.pchome.com.tw/prod/DXAX69-A900JTTDV,3780,PChome 即時資料
2026-05-21,Kobe,全部,PChome,籃球鞋 Kobe V GS 大童 女鞋 紅 銀 曼巴 高中配色 緩震 HM9522-001,https://24h.pchome.com.tw/prod/DXAX7T-A900JVVX7,3880,PChome 即時資料
2026-05-21,Kobe,全部,PChome,Kobe 3 Christmas 聖誕節 GS 反光 氣墊 休閒鞋 運動鞋 大童鞋 HQ2304-400,https://24h.pchome.com.tw/prod/DXAX6U-A900JKIQK,3912,PChome 即時資料
2026-05-21,Kobe,全部,PChome,Kobe 5 Protro Year Of The Mamba 蛇年限定 金屬紫金 GS 低筒 緩震 休閒鞋 大童鞋 HM3753-500,https://24h.pchome.com.tw/prod/DXAX69-A900I9MJB,4014,PChome 即時資料
2026-05-21,Kobe,全部,PChome,籃球鞋 Kobe 8 VIII GS 大童 女鞋 馬年 紅 曼巴 CNY IM6639-600,https://24h.pchome.com.tw/prod/DXAX7T-A900JWRFJ,4080,PChome 即時資料
2026-05-21,Kobe,全部,PChome,籃球鞋 Crazy 2 男鞋 白 黃 KOBE All-Star 全明星賽 愛迪達 JI0337,https://24h.pchome.com.tw/prod/DXAX7S-A900J8Y5I,4280,PChome 即時資料
2026-05-21,Kobe,全部,PChome,Kobe x Nike Air Force 1 Low Protro 金藍 皮革鞋面 緩震氣墊 休閒鞋 運動鞋 男鞋 IH1018-200,https://24h.pchome.com.tw/prod/DXAX6U-A900JFJPZ,4362,PChome 即時資料
2026-05-21,Kobe,全部,PChome,Adidas Crazy 2 JH9679 男 籃球鞋 復古 Kobe 抗扭 緩震 穩定 支撐 金屬銀,https://24h.pchome.com.tw/prod/DXAX7S-A900IXDHI,4495,PChome 即時資料
2026-05-21,Kobe,全部,PChome,Kobe 8 Protro Court Purple 中童 白紫 柯比 KOBE 籃球鞋 FN0267-101,https://24h.pchome.com.tw/prod/DXAX2A-A900HFE81,4500,PChome 即時資料
2026-05-21,Kobe,全部,PChome,Kobe 8 2026 Year of the Horse 馬年限定 GS 輕量 緩震 舒適 運動鞋 大童鞋 IM6639-600,https://24h.pchome.com.tw/prod/DXAX6T-A900JOVYZ,4626,PChome 即時資料
2026-05-21,Kobe,全部,PChome,Kobe 5 2026 銀紅 GS 氣墊 支撐 運動鞋 大童鞋 HM9522-001,https://24h.pchome.com.tw/prod/DXAX29-A900JV5ZI,4666,PChome 即時資料
2026-05-21,Kobe,全部,PChome,Adidas Crazy 1 [IG3734] 男 籃球鞋 運動 復古 球鞋 Kobe TT 柯比 復刻 雲白 大膽藍,https://24h.pchome.com.tw/prod/DXAX7S-A900JLP8V,4890,PChome 即時資料
2026-05-21,Kobe,全部,PChome,Adidas Crazy 1 [IE6570] 男 籃球鞋 運動 復古 球鞋 Kobe TT 柯比 復刻 灰黑,https://24h.pchome.com.tw/prod/DXAX7S-A900JLP63,4890,PChome 即時資料
2026-05-21,Kobe,全部,PChome,Adidas Crazy 8 Low IG2032 男 籃球鞋 運動鞋 低筒 Kobe Bryant 白黑,https://24h.pchome.com.tw/prod/DXAX7S-A900I757Z,4890,PChome 即時資料
2026-05-21,Kobe,全部,PChome,Kobe 3 Protro 聖誕節 透氣 緩震 休閒鞋 運動鞋 男鞋 IQ5338-400,https://24h.pchome.com.tw/prod/DXAX6U-A900JKGW6,4947,PChome 即時資料
2026-05-21,Kobe,全部,PChome,籃球鞋 Kobe III Protro 男鞋 Royal Pulse 藍 柯比 聖誕節 IQ5338-400,https://24h.pchome.com.tw/prod/DXAX7S-A900JM04T,5180,PChome 即時資料
2026-05-21,Kobe,全部,PChome,Kobe 9 EM Low Protro 綠白 緩震 透氣 抓地力 休閒鞋 運動鞋 男鞋 IH1401-003,https://24h.pchome.com.tw/prod/DXAX29-A900JWSLT,5183,PChome 即時資料
2026-05-21,Kobe,全部,PChome,Kobe 6 全明星 好萊塢 3D 2026 深灰紅藍 GS 蛇皮壓紋 回彈 立體 運動鞋 大童鞋 HM4824-002,https://24h.pchome.com.tw/prod/DXAX29-A900JRMUI,5226,PChome 即時資料
2026-05-21,Kobe,全部,PChome,Adidas Crazy 8 [IG3904] 男 籃球鞋 運動 球鞋 高筒 緩衝 Kobe 麂皮 愛迪達 橄欖綠 米白,https://24h.pchome.com.tw/prod/DXAX7S-A900JGVK6,5290,PChome 即時資料
2026-05-21,Kobe,全部,PChome,Kobe 5 Protro Year of the Mamba 蛇年限定 大學紅 GS 低筒 緩震 籃球鞋 運動鞋 大童鞋 HM3753-600,https://24h.pchome.com.tw/prod/DXAX7S-A900IANI6,5376,PChome 即時資料
2026-05-21,Kobe,全部,PChome,"Kobe 5 Protro GS ""Year of the Mamba"" 曼巴之年 大童 女鞋 紫 黑 金 籃球鞋 運動鞋 童鞋 HM3753-500",https://24h.pchome.com.tw/prod/DXAX7S-A900JFOU3,5480,PChome 即時資料
2026-05-21,Kobe,全部,PChome,籃球鞋 Kobe IX Elite EM Protro 男鞋 WNBA30週年 IM6119-800,https://24h.pchome.com.tw/prod/DXAX7S-A900K1293,5480,PChome 即時資料
2026-05-21,Kobe,全部,PChome,Nike Kobe III Protro Royal Pulse 男鞋 藍色 柯比 聖誕節 籃球鞋 IQ5338-400,https://24h.pchome.com.tw/prod/DXAX7S-A900JTTD0,5580,PChome 即時資料
2026-05-21,Kobe,全部,PChome,籃球鞋 Kobe IX Elite EM Protro 男鞋 薄荷綠 曼巴 IH1401-003,https://24h.pchome.com.tw/prod/DXAX7S-A900JWKKC,5580,PChome 即時資料
2026-05-21,Kobe,全部,PChome,籃球鞋 Kobe IX Elite EM Protro 男鞋 雷霆藍 曼巴 IH1401-401,https://24h.pchome.com.tw/prod/DXAX7S-A900JWKKE,5580,PChome 即時資料
2026-05-21,Kobe,全部,PChome,Kobe 9 EM Low Protro 黑金 休閒鞋 運動鞋 男鞋 IH1401-002,https://24h.pchome.com.tw/prod/DXAX68-A900JFPTA,5732,PChome 即時資料
2026-05-21,Kobe,全部,PChome,Kobe 9 EM Low Protro TB 黑紫 透氣 回彈 休閒鞋 運動鞋 男鞋 IH1401-500,https://24h.pchome.com.tw/prod/DXAXCD-A900JMUDN,5766,PChome 即時資料
2026-05-21,Kobe,全部,PChome,籃球鞋 Kobe IX Elite EM Protro 男鞋 黑 紫 黑曼巴 IH1401-500,https://24h.pchome.com.tw/prod/DXAX7S-A900JWKJY,5780,PChome 即時資料
2026-05-21,Kobe,全部,PChome,Nike Kobe 9 EM Low Protro TB 男鞋 黑紫色 透氣 回彈 運動 休閒鞋 IH1401-500,https://24h.pchome.com.tw/prod/DXAX69-A900JTTHC,5880,PChome 即時資料
2026-05-21,Kobe,全部,PChome,籃球鞋 Kobe 9 IX Elite Low EM Protro 男鞋 藍 IH1401-402,https://24h.pchome.com.tw/prod/DXAX7S-A900JWRK3,5980,PChome 即時資料
2026-05-21,Kobe,全部,PChome,Kobe 9 EM Low 冰川藍 透氣 回彈 緩震 運動鞋 男鞋 IH1401-402,https://24h.pchome.com.tw/prod/DXAX2F-A900JS6HB,6008,PChome 即時資料
2026-05-21,Kobe,全部,PChome,Kobe 9 EM Low 紫橘 黑曼巴 抓地 透氣 運動鞋 男鞋 IH1401-401,https://24h.pchome.com.tw/prod/DXAXCD-A900JS6QE,6155,PChome 即時資料
2026-05-21,Kobe,全部,PChome,Kobe 9 Elite Low EM Protro WNBA 亮橘色 回彈 抓地力 休閒鞋 運動鞋 男鞋 IM6119-800,https://24h.pchome.com.tw/prod/DXAX29-A900K0TVY,6155,PChome 即時資料
2026-05-21,Kobe,全部,PChome,Kobe 1 Protro 81pt Game 白紫 黑曼巴 籃球鞋 男鞋 IM0542-100,https://24h.pchome.com.tw/prod/DXAXFC-A900JOWYN,6545,PChome 即時資料
2026-05-21,Kobe,全部,PChome,Kobe 9 EM Low 中國紅 網布 緩震 休閒鞋 運動鞋 男鞋 IH1400-600,https://24h.pchome.com.tw/prod/DXAX68-A900JHU9P,6603,PChome 即時資料
2026-05-21,Kobe,全部,PChome,Nike Kobe 1 Protro 81 Points 男鞋 白紫黑色 黑曼巴 經典 籃球鞋 IM0542-100,https://24h.pchome.com.tw/prod/DXAX7S-A900JTTDG,6880,PChome 即時資料
2026-05-21,Kobe,全部,PChome,Kobe 3 Low Protro 紫粉 回彈 透氣 抓地力 休閒鞋 運動鞋 男鞋 IF2497-500,https://24h.pchome.com.tw/prod/DXAX2W-A900JXOZF,7090,PChome 即時資料
2026-05-21,Kobe,全部,PChome,Kobe 8 Protro 馬年限定 紅藍  回彈 抓地力 運動鞋 男鞋 IM0594-600,https://24h.pchome.com.tw/prod/DXAXCD-A900JPSCS,8681,PChome 即時資料
2026-05-21,Kobe,全部,PChome,籃球鞋 Kobe 11 EM Protro 男鞋 黑金 冰底 Mamba Day IU4902900,https://24h.pchome.com.tw/prod/DXAX7S-A900JXCJX,9180,PChome 即時資料
2026-05-21,Kobe,全部,PChome,Kobe V Protro Year of the Mamba 曼巴之年 蛇年限定 金屬紫金 籃球鞋 運動鞋 男鞋 IB4481-500,https://24h.pchome.com.tw/prod/DXAX7S-A900I8K86,9406,PChome 即時資料
2026-05-21,Kobe,全部,PChome,Kobe 9 Elite Low Protro 月球漫步者 休閒鞋 運動鞋 男鞋 IM0465-500,https://24h.pchome.com.tw/prod/DXAX8V-A900JFJQG,9758,PChome 即時資料
2026-05-21,Kobe,全部,PChome,Kobe 8 EXT Protro 巴洛克棕 永遠的兄弟 馬毛 馬蹄鐵 休閒鞋 運動鞋 男鞋 IM1820-100,https://24h.pchome.com.tw/prod/DXAX29-A900JZZYY,10086,PChome 即時資料
2026-05-21,Kobe,全部,PChome,Kobe 5 Protro Year of the Mamba 蛇年限定 大學紅 曼巴之年 紅金 籃球鞋 運動鞋 男鞋 HF5182-600,https://24h.pchome.com.tw/prod/DXAX7S-A900I9B2K,10759,PChome 即時資料
2026-05-21,Kobe,全部,PChome,Nike Kobe VI Protro ASG Hollywood 3D 男鞋 紫黑色 籃球鞋 IQ3902-002,https://24h.pchome.com.tw/prod/DXAX7S-A900JTSWO,10800,PChome 即時資料
2026-05-21,Kobe,全部,PChome,Kobe 5 Protro 紅銀 曼巴 實戰 籃球鞋 運動鞋 男鞋 IM0557-001,https://24h.pchome.com.tw/prod/DXAX29-A900JV6BY,11241,PChome 即時資料
2026-05-21,Kobe,全部,PChome,Kobe 6 全明星 好萊塢 3D 2026 深灰紅藍 蛇皮壓紋 回彈 3D眼鏡 男鞋 IQ3902-002,https://24h.pchome.com.tw/prod/DXAXFC-A900JT1O2,12253,PChome 即時資料
2026-05-21,Kobe,全部,PChome,"Kobe 5 Protro ""Year of the Mamba"" 曼巴之年 蛇年限定 籃球鞋 紫 黑 金 男鞋 女鞋 運動鞋 IB4481-500",https://24h.pchome.com.tw/prod/DXAX7S-A900JFOU1,12280,PChome 即時資料
2026-05-21,Kobe,全部,PChome,"Kobe 8 Protro ""Halo"" 白 全白 籃球鞋 復刻 運動鞋 籃球鞋 男鞋 FJ9364-100",https://24h.pchome.com.tw/prod/DXAX7S-A900JFOXE,13000,PChome 即時資料
2026-05-21,Kobe,全部,PChome,籃球鞋 Kobe 11 Elite Protro 男鞋 黑 金勾 IM4260-001,https://24h.pchome.com.tw/prod/DXAX7S-A900JYLZS,14800,PChome 即時資料
2026-05-21,Kobe,全部,momo購物網,【NIKE 耐吉】Kobe 8 2026 Year of the Horse 馬年限定 GS 輕量 緩震 舒適 運動鞋 大童鞋 IM6639-600,https://www.momoshop.com.tw/goods/GoodsDetail.jsp?i_code=14932839&Area=search&mdiv=403&oid=1_4&cid=index&kw=Kobe,3781,momo 即時搜尋資料
2026-05-21,Kobe,全部,momo購物網,【NIKE 耐吉】籃球鞋 Nike Kobe 8 Protro Black University Gold GS 大學金 黑金 大童 女鞋 FN0266-002,https://www.momoshop.com.tw/goods/GoodsDetail.jsp?i_code=13644954&Area=search&mdiv=403&oid=1_10&cid=index&kw=Kobe,4351,momo 即時搜尋資料
2026-05-21,Kobe,全部,momo購物網,【NIKE 耐吉】Kobe III Protro Royal Pulse 男鞋 藍色 柯比 聖誕節 籃球鞋 IQ5338-400,https://www.momoshop.com.tw/goods/GoodsDetail.jsp?i_code=14893278&Area=search&mdiv=403&oid=1_18&cid=index&kw=Kobe,4462,momo 即時搜尋資料
2026-05-21,Kobe,全部,momo購物網,【NIKE 耐吉】Kobe 9 EM Low Protro 綠白 緩震 透氣 抓地力 休閒鞋 運動鞋 男鞋 IH1401-003,https://www.momoshop.com.tw/goods/GoodsDetail.jsp?i_code=15132725&Area=search&mdiv=403&oid=1_8&cid=index&kw=Kobe,4731,momo 即時搜尋資料
2026-05-21,Kobe,全部,momo購物網,【NIKE 耐吉】Nike Kobe 6 全明星 好萊塢 3D 2026 深灰紅藍 GS 蛇皮壓紋 運動鞋 大童鞋 HM4824-002,https://www.momoshop.com.tw/goods/GoodsDetail.jsp?i_code=14979586&Area=search&mdiv=403&oid=1_6&cid=index&kw=Kobe,4731,momo 即時搜尋資料
2026-05-21,Kobe,全部,momo購物網,【NIKE 耐吉】Kobe 9 EM Low Protro TB 黑紫 透氣 回彈 休閒鞋 運動鞋 男鞋 IH1401-500,https://www.momoshop.com.tw/goods/GoodsDetail.jsp?i_code=14869658&Area=search&mdiv=403&oid=1_20&cid=index&kw=Kobe,4765,momo 即時搜尋資料
2026-05-21,Kobe,全部,momo購物網,【NIKE 耐吉】Nike Zoom Kobe 1 Protro 81 Points 白紫黑 2026 男鞋 籃球鞋 IM0542-100,https://www.momoshop.com.tw/goods/GoodsDetail.jsp?i_code=14970065&Area=search&mdiv=403&oid=1_16&cid=index&kw=Kobe,4879,momo 即時搜尋資料
2026-05-21,Kobe,全部,momo購物網,【NIKE 耐吉】Kobe 6 全明星 好萊塢 3D 2026 深灰紅藍 GS 蛇皮壓紋 運動鞋 大童鞋 HM4824-002, https://www.momoshop.com.tw/TP/TP0004485/goodsDetail/TP00044850003562,4932,momo 即時搜尋資料
2026-05-21,Kobe,全部,momo購物網,【NIKE 耐吉】FQ3544-001 Nike Zoom Kobe 4 Protro Black Mamba 黑曼巴 低幫 籃球鞋 男女同款 黑色, https://www.momoshop.com.tw/TP/TP0009562/goodsDetail/TP00095620009089,5100,momo 即時搜尋資料
2026-05-21,Kobe,全部,momo購物網,【NIKE 耐吉】Kobe 9 Elite Low EM Protro WNBA 亮橘色 回彈 抓地力 休閒鞋 運動鞋 男鞋 IM6119-800,https://www.momoshop.com.tw/goods/GoodsDetail.jsp?i_code=15262105&Area=search&mdiv=403&oid=1_15&cid=index&kw=Kobe,5206,momo 即時搜尋資料
2026-05-21,Kobe,全部,momo購物網,【NIKE 耐吉】籃球鞋 Kobe IX Elite EM Protro 男鞋 雷霆藍 曼巴 IH1401-401,https://www.momoshop.com.tw/goods/GoodsDetail.jsp?i_code=15133369&Area=search&mdiv=403&oid=1_13&cid=index&kw=Kobe,5301,momo 即時搜尋資料
2026-05-21,Kobe,全部,momo購物網,【NIKE 耐吉】籃球鞋 Nike Kobe 6 Protro All-Star 2.0 GS 曼巴 全明星2.0 籃球鞋 白 女鞋 大童 FV9676-100,https://www.momoshop.com.tw/goods/GoodsDetail.jsp?i_code=13747262&Area=search&mdiv=403&oid=1_3&cid=index&kw=Kobe,5681,momo 即時搜尋資料
2026-05-21,Kobe,全部,momo購物網,【NIKE 耐吉】Kobe 3 Low Protro 紫粉 回彈 透氣 抓地力 休閒鞋 運動鞋 男鞋 IF2497-500,https://www.momoshop.com.tw/goods/GoodsDetail.jsp?i_code=15169714&Area=search&mdiv=403&oid=1_17&cid=index&kw=Kobe,5869,momo 即時搜尋資料
2026-05-21,Kobe,全部,momo購物網,【NIKE 耐吉】FQ3545-300 Nike Zoom Kobe 4 PROTRO GIRL DAD 中幫 籃球鞋 男女同款 綠色, https://www.momoshop.com.tw/TP/TP0009562/goodsDetail/TP00095620009088,6050,momo 即時搜尋資料
2026-05-21,Kobe,全部,momo購物網,【NIKE 耐吉】IU4902-900 Nike Kobe 11 Protro 時尚潮流 抓地 低幫 籃球鞋 男款 黑金, https://www.momoshop.com.tw/TP/TP0009562/goodsDetail/TP00095620009123,6450,momo 即時搜尋資料
2026-05-21,Kobe,全部,momo購物網,【NIKE 耐吉】籃球鞋 Nike Kobe 6 Protro All-Star 2.0 GS 曼巴 全明星2.0 籃球鞋 白 女鞋 大童 FV9676-100,https://www.momoshop.com.tw/goods/GoodsDetail.jsp?i_code=13747263&Area=search&mdiv=403&oid=1_1&cid=index&kw=Kobe,6631,momo 即時搜尋資料
2026-05-21,Kobe,全部,momo購物網,【NIKE 耐吉】FV9676-100 NikeZoom Kobe 6 Protro 舒適百搭GS 低幫 籃球鞋 白色 男女同款, https://www.momoshop.com.tw/TP/TP0009562/goodsDetail/TP00095620010026,6900,momo 即時搜尋資料
2026-05-21,Kobe,全部,momo購物網,【NIKE 耐吉】Nike Kobe 8 Protro 馬年限定 紅藍 回彈 男鞋 IM0594-600, https://www.momoshop.com.tw/TP/TP0000668/goodsDetail/TP00006680001883,7080,momo 即時搜尋資料
2026-05-21,Kobe,全部,momo購物網,【NIKE 耐吉】HJ4303-400 Nike Zoom Kobe 5 Protro X-Ray 時尚百搭 低幫 籃球鞋 男女同款 藍色, https://www.momoshop.com.tw/TP/TP0009562/goodsDetail/TP00095620009092,7200,momo 即時搜尋資料
2026-05-21,Kobe,全部,momo購物網,【NIKE 耐吉】Kobe 11 EM Protro Mamba Day 曼巴 黑金 冰底 男鞋 IU4902-900, https://www.momoshop.com.tw/TP/TP0000668/goodsDetail/TP00006680001902,8080,momo 即時搜尋資料
2026-05-21,Kobe,全部,momo購物網,【NIKE 耐吉】籃球鞋 Kobe 11 EM Protro 男鞋 黑金 冰底 Mamba Day IU4902-900,https://www.momoshop.com.tw/goods/GoodsDetail.jsp?i_code=15152828&Area=search&mdiv=403&oid=1_14&cid=index&kw=Kobe,8262,momo 即時搜尋資料
2026-05-21,Kobe,全部,momo購物網,【NIKE 耐吉】籃球鞋 Nike Kobe 8 Protro Lakers Home 湖人隊主場 白紫鉤 男鞋 HF9550-100,https://www.momoshop.com.tw/goods/GoodsDetail.jsp?i_code=13638904&Area=search&mdiv=403&oid=1_19&cid=index&kw=Kobe,8550,momo 即時搜尋資料
2026-05-21,Kobe,全部,momo購物網,【NIKE 耐吉】籃球鞋 Nike KOBE Protro JA3 男款 實戰 緩震 限量 黑曼巴(3/4/5/6/8/9/11代),https://www.momoshop.com.tw/goods/GoodsDetail.jsp?i_code=14503813&Area=search&mdiv=403&oid=1_2&cid=index&kw=Kobe,8729,momo 即時搜尋資料
2026-05-21,Kobe,全部,momo購物網,【NIKE 耐吉】籃球鞋 Nike Zoom Kobe 4 Protro CHBL 黃金蟒 曼巴 籃球鞋 男款 IH0587-700,https://www.momoshop.com.tw/goods/GoodsDetail.jsp?i_code=14078548&Area=search&mdiv=403&oid=1_5&cid=index&kw=Kobe,9891,momo 即時搜尋資料
2026-05-21,Kobe,全部,momo購物網,【NIKE 耐吉】Kobe 5 Protro 紅銀 曼巴 實戰 籃球鞋 運動鞋 男鞋 IM0557-001,https://www.momoshop.com.tw/goods/GoodsDetail.jsp?i_code=15080987&Area=search&mdiv=403&oid=1_7&cid=index&kw=Kobe,9936,momo 即時搜尋資料
2026-05-21,Kobe,全部,momo購物網,【NIKE 耐吉】Kobe VI Protro ASG Hollywood 3D 男鞋 深灰紅藍色 籃球鞋 IQ3902-002,https://www.momoshop.com.tw/goods/GoodsDetail.jsp?i_code=15015147&Area=search&mdiv=403&oid=1_9&cid=index&kw=Kobe,9936,momo 即時搜尋資料
2026-05-21,Kobe,全部,momo購物網,【NIKE 耐吉】籃球鞋 Nike Kobe 11 Elite Protro Fade To Black 黑色 金勾 男款 IM4260-001,https://www.momoshop.com.tw/goods/GoodsDetail.jsp?i_code=15212820&Area=search&mdiv=403&oid=1_11&cid=index&kw=Kobe,11210,momo 即時搜尋資料
2026-05-21,Kobe,全部,momo購物網,【NIKE 耐吉】FV4921-600 Nike Zoom Kobe 6 Protro Reverse 反轉青蜂俠 低幫 籃球鞋 男女同款 紅色, https://www.momoshop.com.tw/TP/TP0009562/goodsDetail/TP00095620009101,11500,momo 即時搜尋資料
2026-05-21,Kobe,全部,momo購物網,【NIKE 耐吉】籃球鞋 Kobe 11 Elite Protro 男鞋 黑 金勾 IM4260-001,https://www.momoshop.com.tw/goods/GoodsDetail.jsp?i_code=15152826&Area=search&mdiv=403&oid=1_12&cid=index&kw=Kobe,14800,momo 即時搜尋資料
2026-05-21,Kobe,全部,momo購物網,【NIKE 耐吉】IQ5774-300 Jalen Brunson × Nike Zoom Kobe 6 Protro Statue of Liberty PE 百搭舒適 低幫 籃球鞋 男款 綠色, https://www.momoshop.com.tw/TP/TP0009562/goodsDetail/TP00095620009099,25900,momo 即時搜尋資料
2026-05-21,Dunk,男鞋,PChome,Dunk Low Retro PRM Cacao Wow 摩卡可可棕 休閒鞋 運動鞋 低筒 男鞋 HV1794-211,https://24h.pchome.com.tw/prod/DXAX69-A900IXU3K,1606,PChome 即時資料
2026-05-21,Dunk,男鞋,PChome,休閒鞋 Dunk Low Retro QS 萬聖節 男鞋 爆裂紋 骷髏頭 牛油果綠 黑 HV6103-300,https://24h.pchome.com.tw/prod/DXAX69-A900I2UJ6,1960,PChome 即時資料
2026-05-21,Dunk,男鞋,PChome,DUNK LOW RETRO 男鞋 休閒鞋,https://24h.pchome.com.tw/prod/DXAX69-A900J198Z,1999,PChome 即時資料
2026-05-21,Dunk,男鞋,PChome,休閒鞋 Dunk Low 男鞋 女鞋 深藍 午夜藍 白 復古 低筒 HF5441-107,https://24h.pchome.com.tw/prod/DXAX69-A900IAMF8,2280,PChome 即時資料
2026-05-21,Dunk,男鞋,PChome,Nike Dunk Low Mustard Yellow 芥末黃 低筒 休閒鞋 男鞋 HF5441-109,https://24h.pchome.com.tw/prod/DXAX69-A900IQEKO,2305,PChome 即時資料
2026-05-21,Dunk,男鞋,PChome,滑板鞋 SB Dunk Low Pro PRM 男鞋 綠 灰 麂皮 撞色 休閒鞋 HQ1626-300,https://24h.pchome.com.tw/prod/DXAX69-A900J5DY1,2380,PChome 即時資料
2026-05-21,Dunk,男鞋,PChome,Dunk Low Retro LT Photo Blue 藍色 低筒 復古 休閒鞋 男鞋 HF5441-002,https://24h.pchome.com.tw/prod/DXAX69-A900IQEKC,2433,PChome 即時資料
2026-05-21,Dunk,男鞋,PChome,Nike 男鞋 Dunk/Force系列 休閒鞋 FJ4146112 HQ2037100 HF5441104 HF5441111 HJ4465700 HF5441102,https://24h.pchome.com.tw/prod/DXAX69-A900ITLPV,2480,PChome 即時資料
2026-05-21,Dunk,男鞋,PChome,休閒鞋 Dunk Low Retro SE 男鞋 灰 綠 麂皮 復古 經典 IB6399-002,https://24h.pchome.com.tw/prod/DXAX69-A900J24D2,2480,PChome 即時資料
2026-05-21,Dunk,男鞋,PChome,DUNK LOW RETRO 男鞋 休閒鞋 白色 芥末黃-HF5441109,https://24h.pchome.com.tw/prod/DXAX69-A900IUX5B,2561,PChome 即時資料
2026-05-21,Dunk,男鞋,PChome,DUNK LOW RETRO 男鞋 休閒鞋 白色 藍紅-HF5441601,https://24h.pchome.com.tw/prod/DXAX69-A900IUX6E,2561,PChome 即時資料
2026-05-21,Dunk,男鞋,PChome,SB DUNK LOW PRO WC 男鞋 滑板鞋 酪梨綠-FQ7585200,https://24h.pchome.com.tw/prod/DXBY2L-A900HYZ5A,2561,PChome 即時資料
2026-05-21,Dunk,男鞋,PChome,DUNK LOW RETRO 男鞋 休閒鞋 黃黑色-HF5441700,https://24h.pchome.com.tw/prod/DXAX69-A900IUX61,2561,PChome 即時資料
2026-05-21,Dunk,男鞋,PChome,休閒鞋 Dunk Low Retro SE 男鞋 熊貓 毛絨 麂皮 黑 米白 IB2990-100,https://24h.pchome.com.tw/prod/DXAX69-A900J54VY,2580,PChome 即時資料
2026-05-21,Dunk,男鞋,PChome,Dunk Low Light Smoke Grey 灰白 舒適 百搭 低筒 撞色 休閒鞋 男鞋 HF5441-105,https://24h.pchome.com.tw/prod/DXAX69-A900I90OK,2776,PChome 即時資料
2026-05-21,Dunk,男鞋,PChome,休閒鞋 Dunk Low Retro 男鞋 女鞋 黑 白 熊貓 經典 低筒 HF5441-100,https://24h.pchome.com.tw/prod/DXAX69-A900IAMFM,2788,PChome 即時資料
2026-05-21,Dunk,男鞋,PChome,休閒鞋 Dunk Low Retro 灰 淺灰 白 男鞋 百搭 低筒 HF5441-105,https://24h.pchome.com.tw/prod/DXAX69-A900I9HNU,2880,PChome 即時資料
2026-05-21,Dunk,男鞋,PChome,DUNK LOW QS 男鞋 休閒鞋 紅灰色-FQ6965600,https://24h.pchome.com.tw/prod/DXBY2L-A900HQAIZ,2882,PChome 即時資料
2026-05-21,Dunk,男鞋,PChome,Dunk Low Glacier Blue Pale Ivory 天空藍 經典 撞色 舒適 休閒鞋 男鞋 HF5441-103,https://24h.pchome.com.tw/prod/DXAX69-A900IC2G8,2891,PChome 即時資料
2026-05-21,Dunk,男鞋,PChome,DUNK LOW RETRO 男鞋 休閒鞋 白灰色-HF5441105,https://24h.pchome.com.tw/prod/DXAX69-A900IJY8A,3400,PChome 即時資料
2026-05-21,Dunk,男鞋,momo購物網,【NIKE 耐吉】運動鞋 休閒鞋 慢跑鞋 NIKE P-6000 DUNK 液態銀 經典男鞋 女鞋 灰銀復古 多款(IO3496-001&),https://www.momoshop.com.tw/goods/GoodsDetail.jsp?i_code=15231076&Area=search&mdiv=403&oid=1_5&cid=index&kw=Dunk,1804,momo 即時搜尋資料
2026-05-21,Dunk,男鞋,momo購物網,【NIKE 耐吉】運動鞋 休閒鞋 男鞋 女鞋 NIKE DUNK LOW RETRO Midnight Navy 午夜藍 深藍(HF5441107),https://www.momoshop.com.tw/goods/GoodsDetail.jsp?i_code=13674657&Area=search&mdiv=403&oid=1_7&cid=index&kw=Dunk,1880,momo 即時搜尋資料
2026-05-21,Dunk,男鞋,momo購物網,【NIKE 耐吉】Dunk Low Retro 男鞋 寶寶藍色 休閒 透氣 Dunk 皮革 低筒 運動 休閒鞋 HF5441-103,https://www.momoshop.com.tw/goods/GoodsDetail.jsp?i_code=13771288&Area=search&mdiv=403&oid=1_17&cid=index&kw=Dunk,1899,momo 即時搜尋資料
2026-05-21,Dunk,男鞋,momo購物網,【NIKE 耐吉】DUNK LOW RETRO 男鞋 休閒鞋 運動鞋 白藍(HF5441107),https://www.momoshop.com.tw/goods/GoodsDetail.jsp?i_code=13837108&Area=search&mdiv=403&oid=1_8&cid=index&kw=Dunk,1938,momo 即時搜尋資料
2026-05-21,Dunk,男鞋,momo購物網,【NIKE 耐吉】DUNK LOW RETRO 男鞋 墨綠 休閒鞋 穿搭 運動(HF5441-102),https://www.momoshop.com.tw/goods/GoodsDetail.jsp?i_code=13604324&Area=search&mdiv=403&oid=1_22&cid=index&kw=Dunk,1938,momo 即時搜尋資料
2026-05-21,Dunk,男鞋,momo購物網,【NIKE 耐吉】運動鞋 休閒鞋 板鞋 NIKE DUNK LOW RETRO 男鞋 熊貓 Dior灰 復古 多款(HF5441-107&),https://www.momoshop.com.tw/goods/GoodsDetail.jsp?i_code=14086690&Area=search&mdiv=403&oid=1_1&cid=index&kw=Dunk,2099,momo 即時搜尋資料
2026-05-21,Dunk,男鞋,momo購物網,【NIKE 耐吉】運動鞋 休閒鞋 板鞋 NIKE DUNK LOW RETRO 男鞋 漆皮 麂皮 經典 復古 多款(FQ8249-104&),https://www.momoshop.com.tw/goods/GoodsDetail.jsp?i_code=14693544&Area=search&mdiv=403&oid=1_4&cid=index&kw=Dunk,2099,momo 即時搜尋資料
2026-05-21,Dunk,男鞋,momo購物網,【NIKE 耐吉】運動鞋 休閒鞋 情侶鞋 AIR FORCE 1 07 / DUNK 男鞋 女鞋 AF1 麂皮 黑白綠 多款(FZ0627-010&),https://www.momoshop.com.tw/goods/GoodsDetail.jsp?i_code=13840658&Area=search&mdiv=403&oid=1_2&cid=index&kw=Dunk,2199,momo 即時搜尋資料
2026-05-21,Dunk,男鞋,momo購物網,【NIKE 耐吉】運動鞋 休閒鞋 NIKE SB DUNK LOW PRO 男鞋 女鞋 綠咖紅 多款(FV8493-401&),https://www.momoshop.com.tw/goods/GoodsDetail.jsp?i_code=13613660&Area=search&mdiv=403&oid=1_9&cid=index&kw=Dunk,2199,momo 即時搜尋資料
2026-05-21,Dunk,男鞋,momo購物網,【NIKE 耐吉】運動鞋 滑板鞋 男鞋 NIKE SB DUNK LOW PRO 緩震 經典 撞色 棕 藍(HQ1625200),https://www.momoshop.com.tw/goods/GoodsDetail.jsp?i_code=14910230&Area=search&mdiv=403&oid=1_13&cid=index&kw=Dunk,2280,momo 即時搜尋資料
2026-05-21,Dunk,男鞋,momo購物網,【NIKE 耐吉】運動鞋 休閒鞋 情侶鞋 AIR FORCE 1/JORDAN 1/DUNK 男鞋 AF1 AJ1 復古 黑白 多款(IR7011-121&),https://www.momoshop.com.tw/goods/GoodsDetail.jsp?i_code=15155029&Area=search&mdiv=403&oid=1_11&cid=index&kw=Dunk,2299,momo 即時搜尋資料
2026-05-21,Dunk,男鞋,momo購物網,【NIKE 耐吉】運動鞋 休閒鞋 男鞋 NIKE DUNK LOW RETRO SE 經典 板鞋 麂皮 (IB6752101),https://www.momoshop.com.tw/goods/GoodsDetail.jsp?i_code=15051103&Area=search&mdiv=403&oid=1_23&cid=index&kw=Dunk,2351,momo 即時搜尋資料
2026-05-21,Dunk,男鞋,momo購物網,【NIKE 耐吉】Dunk Low Retro 男鞋 灰白色 滑板 經典 Dunk 低筒 休閒 運動 休閒鞋 HF5441-105,https://www.momoshop.com.tw/goods/GoodsDetail.jsp?i_code=13658948&Area=search&mdiv=403&oid=1_20&cid=index&kw=Dunk,2380,momo 即時搜尋資料
2026-05-21,Dunk,男鞋,momo購物網,【NIKE 耐吉】休閒鞋 男鞋 運動鞋 DUNK LOW RETRO 灰白 HF5441-105,https://www.momoshop.com.tw/goods/GoodsDetail.jsp?i_code=13622795&Area=search&mdiv=403&oid=1_16&cid=index&kw=Dunk,2422,momo 即時搜尋資料
2026-05-21,Dunk,男鞋,momo購物網,【NIKE 耐吉】運動鞋 休閒鞋 男鞋 女鞋 DUNK LOW RETRO White Black Panda 2025 黑白 熊貓(HF5441100),https://www.momoshop.com.tw/goods/GoodsDetail.jsp?i_code=13674659&Area=search&mdiv=403&oid=1_15&cid=index&kw=Dunk,2454,momo 即時搜尋資料
2026-05-21,Dunk,男鞋,momo購物網,【NIKE 耐吉】休閒鞋 Nike Dunk Low Retro Grey Fog 灰白 板鞋 男鞋 HF5441-105,https://www.momoshop.com.tw/goods/GoodsDetail.jsp?i_code=11368288&Area=search&mdiv=403&oid=1_21&cid=index&kw=Dunk,2498,momo 即時搜尋資料
2026-05-21,Dunk,男鞋,momo購物網,【NIKE 耐吉】DUNK LOW RETRO 男鞋 休閒鞋 運動鞋 灰白(HF5441105),https://www.momoshop.com.tw/goods/GoodsDetail.jsp?i_code=13993143&Area=search&mdiv=403&oid=1_12&cid=index&kw=Dunk,2546,momo 即時搜尋資料
2026-05-21,Dunk,男鞋,momo購物網,【NIKE 耐吉】運動鞋 休閒鞋 AIR FORCE 1 DUNK LOW GTX 男鞋 AF1 GTX 多款(CK2630-004&),https://www.momoshop.com.tw/goods/GoodsDetail.jsp?i_code=14688251&Area=search&mdiv=403&oid=1_19&cid=index&kw=Dunk,2599,momo 即時搜尋資料
2026-05-21,Dunk,男鞋,momo購物網,【NIKE 耐吉】HQ2053-001 Nike Dunk Low Gore-Tex 時尚潮流 低幫 板鞋 男款 黑色, https://www.momoshop.com.tw/TP/TP0009562/goodsDetail/TP00095620009654,3200,momo 即時搜尋資料
2026-05-21,Dunk,男鞋,momo購物網,【NIKE 耐吉】Nike Dunk Low GTX 防水 休閒鞋 淺灰黑 HQ2053-100 男款 皮革 復古鞋 經典 運動鞋, https://www.momoshop.com.tw/TP/TP0003634/goodsDetail/TP00036340001378,3900,momo 即時搜尋資料
2026-05-21,Dunk,男鞋,momo購物網,【NIKE 耐吉】Dunk Low Gore-Tex 煙灰 防潑水 反光 休閒鞋 運動鞋 男鞋 HQ2053-100,https://www.momoshop.com.tw/goods/GoodsDetail.jsp?i_code=14937049&Area=search&mdiv=403&oid=1_25&cid=index&kw=Dunk,3937,momo 即時搜尋資料
2026-05-21,Dunk,男鞋,momo購物網,【NIKE 耐吉】休閒鞋 Dunk Low GTX 男鞋 白 灰 防水 皮革 經典 HQ2053-100,https://www.momoshop.com.tw/goods/GoodsDetail.jsp?i_code=14875866&Area=search&mdiv=403&oid=1_14&cid=index&kw=Dunk,4122,momo 即時搜尋資料
2026-05-21,Dunk,男鞋,momo購物網,【NIKE 耐吉】休閒鞋 Bluetile x Nike SB Dunk Low Pro 帝王斑蝶 深藍 黑色 男鞋 IQ1323-001,https://www.momoshop.com.tw/goods/GoodsDetail.jsp?i_code=15245911&Area=search&mdiv=403&oid=1_6&cid=index&kw=Dunk,4256,momo 即時搜尋資料
2026-05-21,Dunk,男鞋,momo購物網,【NIKE 耐吉】NIKE SB DUNK LOW PRO 休閒鞋 黑 HF3704-003 麂皮 運動鞋 男鞋, https://www.momoshop.com.tw/TP/TP0003634/goodsDetail/TP00036340001374,4330,momo 即時搜尋資料
2026-05-21,Dunk,男鞋,momo購物網,【NIKE 耐吉】休閒鞋 W Dunk Low 女鞋 男鞋 黑白浮雕 反轉熊貓 馬年 穿搭 潮流 限量 IF3944-001,https://www.momoshop.com.tw/goods/GoodsDetail.jsp?i_code=14988639&Area=search&mdiv=403&oid=1_10&cid=index&kw=Dunk,4417,momo 即時搜尋資料
2026-05-21,Dunk,女鞋,PChome,休閒鞋 Wmns Dunk Low 女鞋 泰迪熊棕 咖啡 藍 FZ2552-001,https://24h.pchome.com.tw/prod/DXAX69-A900I7CCX,1480,PChome 即時資料
2026-05-21,Dunk,女鞋,PChome,Dunk Low Next Nature Sesame 奶棕 環保 透氣 休閒鞋 女鞋 DD1873-201,https://24h.pchome.com.tw/prod/DXAX69-A900I979L,1684,PChome 即時資料
2026-05-21,Dunk,女鞋,PChome,W Nike Dunk Low Disrupt Ash Green 灰綠 解構 質感 絨布 休閒鞋 女鞋 DO5219-010,https://24h.pchome.com.tw/prod/DXAX69-A900IV5R9,1705,PChome 即時資料
2026-05-21,Dunk,女鞋,PChome,WMNS DUNK LOW 女鞋 休閒鞋 白棕色-HJ7673100,https://24h.pchome.com.tw/prod/DXBY2L-A900HRT4Y,1726,PChome 即時資料
2026-05-21,Dunk,女鞋,PChome,W DUNK LOW LX 女鞋 休閒鞋 奶茶金 卡其金-HM3695071,https://24h.pchome.com.tw/prod/DXBY2L-A900HN8O5,1742,PChome 即時資料
2026-05-21,Dunk,女鞋,PChome,Nike Jordan/Dunk 系列 男女鞋 運動 休閒鞋 553558007 DV4024002 DV0833600 DZ2794102,https://24h.pchome.com.tw/prod/DXAX69-A900I7ZPN,1879,PChome 即時資料
2026-05-21,Dunk,女鞋,PChome,休閒鞋 Wmns Dunk Low 女鞋 米白 紫 浮雕 麻繩 低筒 IH0639-011,https://24h.pchome.com.tw/prod/DXAX69-A900J031Q,1960,PChome 即時資料
2026-05-21,Dunk,女鞋,PChome,休閒鞋 Dunk Low 男鞋 女鞋 深藍 午夜藍 白 復古 低筒 HF5441-107,https://24h.pchome.com.tw/prod/DXAX69-A900IAMF8,2280,PChome 即時資料
2026-05-21,Dunk,女鞋,PChome,W DUNK LOW PRM 女鞋 休閒鞋 白藍綠-FB7910100,https://24h.pchome.com.tw/prod/DXBY2L-A900HT67T,2454,PChome 即時資料
2026-05-21,Dunk,女鞋,PChome,W DUNK LOW SE 女鞋 休閒鞋 米白 黑 麂皮-HQ3502100,https://24h.pchome.com.tw/prod/DXAX69-A900I5DIK,2454,PChome 即時資料
2026-05-21,Dunk,女鞋,PChome,Wmns Dunk Low Retro Black 黑 白 熊貓 女鞋 低筒 DD1503-101,https://24h.pchome.com.tw/prod/DXAX69-A900F60VY,2488,PChome 即時資料
2026-05-21,Dunk,女鞋,PChome,W DUNK LOW LX 女鞋 休閒鞋 棕色 丹寧藍-HQ3459212,https://24h.pchome.com.tw/prod/DXBY2L-A900I21VM,2561,PChome 即時資料
2026-05-21,Dunk,女鞋,PChome,WMNS DUNK LOW 女 休閒鞋 白灰綠-IB3484001,https://24h.pchome.com.tw/prod/DXAX69-A900ICTPP,2668,PChome 即時資料
2026-05-21,Dunk,女鞋,PChome,W DUNK LOW SE 女鞋 休閒鞋 灰白 黑 雙勾 麂皮-HV1800101,https://24h.pchome.com.tw/prod/DXAX69-A900I5DI8,2668,PChome 即時資料
2026-05-21,Dunk,女鞋,PChome,休閒鞋 Wmns Dunk Low Next Nature 女鞋 灰 白 百搭 低筒 DD1873-113,https://24h.pchome.com.tw/prod/DXAX69-A900IGTVI,2680,PChome 即時資料
2026-05-21,Dunk,女鞋,PChome,Dunk Low Photon Dust (W) 灰白 女款 休閒鞋 DD1503-103,https://24h.pchome.com.tw/prod/DXAX2J-A900FWI1N,2776,PChome 即時資料
2026-05-21,Dunk,女鞋,PChome,休閒鞋 Dunk Low Retro 男鞋 女鞋 黑 白 熊貓 經典 低筒 HF5441-100,https://24h.pchome.com.tw/prod/DXAX69-A900IAMFM,2788,PChome 即時資料
2026-05-21,Dunk,女鞋,PChome,休閒鞋 Wmns Dunk Low 女鞋 灰 白 Photon Dust 經典款 DD1503-103,https://24h.pchome.com.tw/prod/DXAX69-A900G7WWC,2880,PChome 即時資料
2026-05-21,Dunk,女鞋,PChome,NIKE SB DUNK LOW PRO 男女鞋 滑板鞋 粉 橘 綠-HJ4135600,https://24h.pchome.com.tw/prod/DXAX69-A900IUX2B,2989,PChome 即時資料
2026-05-21,Dunk,女鞋,PChome,W DUNK LOW LX 女鞋 休閒鞋 白色 酒紅 金 CNY 蛇年-HV5991171,https://24h.pchome.com.tw/prod/DXAX69-A900I7KR1,2989,PChome 即時資料
2026-05-21,Dunk,女鞋,momo購物網,【NIKE 耐吉】運動鞋 休閒鞋 慢跑鞋 NIKE P-6000 DUNK 液態銀 經典男鞋 女鞋 灰銀復古 多款(IO3496-001&),https://www.momoshop.com.tw/goods/GoodsDetail.jsp?i_code=15231076&Area=search&mdiv=403&oid=1_5&cid=index&kw=Dunk,1804,momo 即時搜尋資料
2026-05-21,Dunk,女鞋,momo購物網,【NIKE 耐吉】運動鞋 休閒鞋 男鞋 女鞋 NIKE DUNK LOW RETRO Midnight Navy 午夜藍 深藍(HF5441107),https://www.momoshop.com.tw/goods/GoodsDetail.jsp?i_code=13674657&Area=search&mdiv=403&oid=1_7&cid=index&kw=Dunk,1880,momo 即時搜尋資料
2026-05-21,Dunk,女鞋,momo購物網,【NIKE 耐吉】運動鞋 休閒鞋 女鞋 W NIKE DUNK LOW 緩震 抓地力 經典 低筒 灰白(DD1503103),https://www.momoshop.com.tw/goods/GoodsDetail.jsp?i_code=14283973&Area=search&mdiv=403&oid=1_18&cid=index&kw=Dunk,2089,momo 即時搜尋資料
2026-05-21,Dunk,女鞋,momo購物網,【NIKE 耐吉】運動鞋 休閒鞋 W NIKE DUNK LOW 女鞋 復古鞋 經典 熊貓 灰白 多色(DD1503-101&),https://www.momoshop.com.tw/goods/GoodsDetail.jsp?i_code=14581234&Area=search&mdiv=403&oid=1_3&cid=index&kw=Dunk,2099,momo 即時搜尋資料
2026-05-21,Dunk,女鞋,momo購物網,【NIKE 耐吉】運動鞋 休閒鞋 情侶鞋 AIR FORCE 1 07 / DUNK 男鞋 女鞋 AF1 麂皮 黑白綠 多款(FZ0627-010&),https://www.momoshop.com.tw/goods/GoodsDetail.jsp?i_code=13840658&Area=search&mdiv=403&oid=1_2&cid=index&kw=Dunk,2199,momo 即時搜尋資料
2026-05-21,Dunk,女鞋,momo購物網,【NIKE 耐吉】運動鞋 休閒鞋 NIKE SB DUNK LOW PRO 男鞋 女鞋 綠咖紅 多款(FV8493-401&),https://www.momoshop.com.tw/goods/GoodsDetail.jsp?i_code=13613660&Area=search&mdiv=403&oid=1_9&cid=index&kw=Dunk,2199,momo 即時搜尋資料
2026-05-21,Dunk,女鞋,momo購物網,【NIKE 耐吉】運動鞋 休閒鞋 男鞋 女鞋 DUNK LOW RETRO White Black Panda 2025 黑白 熊貓(HF5441100),https://www.momoshop.com.tw/goods/GoodsDetail.jsp?i_code=13674659&Area=search&mdiv=403&oid=1_15&cid=index&kw=Dunk,2454,momo 即時搜尋資料
2026-05-21,Dunk,女鞋,momo購物網,【NIKE 耐吉】休閒鞋 W Dunk Low 女鞋 男鞋 黑白浮雕 反轉熊貓 馬年 穿搭 潮流 限量 IF3944-001,https://www.momoshop.com.tw/goods/GoodsDetail.jsp?i_code=14988639&Area=search&mdiv=403&oid=1_10&cid=index&kw=Dunk,4417,momo 即時搜尋資料
2026-05-21,Dunk,童鞋,PChome,Nike Dunk Low Beach 海灘 GS 漸層 棕櫚樹 休閒鞋 大童鞋 IB8891-191,https://24h.pchome.com.tw/prod/DXAX69-A900IK63R,1501,PChome 即時資料
2026-05-21,Dunk,童鞋,PChome,DUNK LOW (TDE) 嬰幼 童鞋 休閒鞋 黑白 熊貓-CW1589100,https://24h.pchome.com.tw/prod/DXAX7T-A900IJWRG,1512,PChome 即時資料
2026-05-21,Dunk,童鞋,PChome,NIKE DUNK LOW BG 大童鞋 女鞋 休閒鞋 鐵灰 螢光綠-HQ3569068,https://24h.pchome.com.tw/prod/DXBY2O-A900I15ZA,1611,PChome 即時資料
2026-05-21,Dunk,童鞋,PChome,NIKE DUNK LOW GS 中大童 休閒鞋 白綠-FB9109114,https://24h.pchome.com.tw/prod/DXAX7T-A900IIFRI,1640,PChome 即時資料
2026-05-21,Dunk,童鞋,PChome,Dunk Low Dark Team Red 酒漬櫻桃 GS 深紅白 低筒 休閒鞋 大童鞋 FZ4352-600,https://24h.pchome.com.tw/prod/DXAX69-A900I8VJR,1684,PChome 即時資料
2026-05-21,Dunk,童鞋,PChome,Dunk Low WHITE BLACK 黑白 熊貓 大童 休閒鞋 CW1590-100,https://24h.pchome.com.tw/prod/DXAX2C-A900FY06G,1699,PChome 即時資料
2026-05-21,Dunk,童鞋,PChome,DUNK LOW (PS) 中大童 童鞋 女鞋 休閒鞋 黑白色-CW1588100,https://24h.pchome.com.tw/prod/DXBY2L-A900HRY5G,1782,PChome 即時資料
2026-05-21,Dunk,童鞋,PChome,Dunk Low GS Year of the Snake 蛇年限定 白綠 低筒 舒適 2025春節限定 休閒鞋 大童鞋 HV6001-101,https://24h.pchome.com.tw/prod/DIEL09-A900I8UW0,1784,PChome 即時資料
2026-05-21,Dunk,童鞋,PChome,休閒鞋 Dunk Low GS 女鞋 大童鞋 白 黑 熊貓 低筒 經典款  CW1590-100,https://24h.pchome.com.tw/prod/DXAX69-A900H1HJ0,1960,PChome 即時資料
2026-05-21,Dunk,童鞋,PChome,DUNK LOW (GS) 中大童 童鞋 女鞋 休閒鞋 黑白色-CW1590100,https://24h.pchome.com.tw/prod/DXBY2L-A900HRY6G,2700,PChome 即時資料
2026-05-21,Dunk,童鞋,PChome,DUNK LOW RETRO LTD HWN 男 休閒鞋 IB2267001,https://24h.pchome.com.tw/prod/DIBPGT-A900JAOJ8,2989,PChome 即時資料
2026-05-21,Dunk,童鞋,PChome,DUNK LOW RETRO LTD 男女鞋 休閒鞋 卡其棕 橘 迷彩-IB2260500,https://24h.pchome.com.tw/prod/DXAX69-A900IUXAT,2989,PChome 即時資料
2026-05-21,Dunk,童鞋,momo購物網,【NIKE 耐吉】休閒鞋 籃球鞋 童鞋 DUNK TATUM G.T. CUT 多款任選 (FB9109114&FD7033004&FZ4352600),https://www.momoshop.com.tw/goods/GoodsDetail.jsp?i_code=15006044&Area=search&mdiv=403&oid=1_24&cid=index&kw=Dunk,1190,momo 即時搜尋資料
2026-05-21,Dunk,全部,PChome,休閒鞋 Wmns Dunk Low 女鞋 泰迪熊棕 咖啡 藍 FZ2552-001,https://24h.pchome.com.tw/prod/DXAX69-A900I7CCX,1480,PChome 即時資料
2026-05-21,Dunk,全部,PChome,Nike Dunk Low Beach 海灘 GS 漸層 棕櫚樹 休閒鞋 大童鞋 IB8891-191,https://24h.pchome.com.tw/prod/DXAX69-A900IK63R,1501,PChome 即時資料
2026-05-21,Dunk,全部,PChome,Dunk Low Honeydew 男 哈密瓜 低筒 潮流 運動 休閒 休閒鞋 DV0831-105,https://24h.pchome.com.tw/prod/DXAX2B-A900H10AV,1512,PChome 即時資料
2026-05-21,Dunk,全部,PChome,DUNK LOW (TDE) 嬰幼 童鞋 休閒鞋 黑白 熊貓-CW1589100,https://24h.pchome.com.tw/prod/DXAX7T-A900IJWRG,1512,PChome 即時資料
2026-05-21,Dunk,全部,PChome,W  DUNK HIGH SE 休閒鞋 女 -FD0882400,https://24h.pchome.com.tw/prod/DXAX2W-A900FYAIB,1600,PChome 即時資料
2026-05-21,Dunk,全部,PChome,Dunk Low Retro PRM Cacao Wow 摩卡可可棕 休閒鞋 運動鞋 低筒 男鞋 HV1794-211,https://24h.pchome.com.tw/prod/DXAX69-A900IXU3K,1606,PChome 即時資料
2026-05-21,Dunk,全部,PChome,NIKE DUNK LOW BG 大童鞋 女鞋 休閒鞋 鐵灰 螢光綠-HQ3569068,https://24h.pchome.com.tw/prod/DXBY2O-A900I15ZA,1611,PChome 即時資料
2026-05-21,Dunk,全部,PChome,DUNK LOW 男女休閒鞋,https://24h.pchome.com.tw/prod/DXAX69-A900IX2Z5,1631,PChome 即時資料
2026-05-21,Dunk,全部,PChome,NIKE DUNK LOW GS 中大童 休閒鞋 白綠-FB9109114,https://24h.pchome.com.tw/prod/DXAX7T-A900IIFRI,1640,PChome 即時資料
2026-05-21,Dunk,全部,PChome,Dunk Low Next Nature Sesame 奶棕 環保 透氣 休閒鞋 女鞋 DD1873-201,https://24h.pchome.com.tw/prod/DXAX69-A900I979L,1684,PChome 即時資料
2026-05-21,Dunk,全部,PChome,Dunk Low Dark Team Red 酒漬櫻桃 GS 深紅白 低筒 休閒鞋 大童鞋 FZ4352-600,https://24h.pchome.com.tw/prod/DXAX69-A900I8VJR,1684,PChome 即時資料
2026-05-21,Dunk,全部,PChome,Dunk Low WHITE BLACK 黑白 熊貓 大童 休閒鞋 CW1590-100,https://24h.pchome.com.tw/prod/DXAX2C-A900FY06G,1699,PChome 即時資料
2026-05-21,Dunk,全部,PChome,W Nike Dunk Low Disrupt Ash Green 灰綠 解構 質感 絨布 休閒鞋 女鞋 DO5219-010,https://24h.pchome.com.tw/prod/DXAX69-A900IV5R9,1705,PChome 即時資料
2026-05-21,Dunk,全部,PChome,WMNS DUNK LOW 女鞋 休閒鞋 白棕色-HJ7673100,https://24h.pchome.com.tw/prod/DXBY2L-A900HRT4Y,1726,PChome 即時資料
2026-05-21,Dunk,全部,PChome,W DUNK LOW LX 女鞋 休閒鞋 奶茶金 卡其金-HM3695071,https://24h.pchome.com.tw/prod/DXBY2L-A900HN8O5,1742,PChome 即時資料
2026-05-21,Dunk,全部,PChome,DUNK LOW (PS) 中大童 童鞋 女鞋 休閒鞋 黑白色-CW1588100,https://24h.pchome.com.tw/prod/DXBY2L-A900HRY5G,1782,PChome 即時資料
2026-05-21,Dunk,全部,PChome,Dunk Low GS Year of the Snake 蛇年限定 白綠 低筒 舒適 2025春節限定 休閒鞋 大童鞋 HV6001-101,https://24h.pchome.com.tw/prod/DIEL09-A900I8UW0,1784,PChome 即時資料
2026-05-21,Dunk,全部,PChome,Nike Jordan/Dunk 系列 男女鞋 運動 休閒鞋 553558007 DV4024002 DV0833600 DZ2794102,https://24h.pchome.com.tw/prod/DXAX69-A900I7ZPN,1879,PChome 即時資料
2026-05-21,Dunk,全部,PChome,休閒鞋 Wmns Dunk Low 女鞋 米白 紫 浮雕 麻繩 低筒 IH0639-011,https://24h.pchome.com.tw/prod/DXAX69-A900J031Q,1960,PChome 即時資料
2026-05-21,Dunk,全部,PChome,休閒鞋 Dunk Low GS 女鞋 大童鞋 白 黑 熊貓 低筒 經典款  CW1590-100,https://24h.pchome.com.tw/prod/DXAX69-A900H1HJ0,1960,PChome 即時資料
2026-05-21,Dunk,全部,PChome,休閒鞋 Dunk Low Retro QS 萬聖節 男鞋 爆裂紋 骷髏頭 牛油果綠 黑 HV6103-300,https://24h.pchome.com.tw/prod/DXAX69-A900I2UJ6,1960,PChome 即時資料
2026-05-21,Dunk,全部,PChome,DUNK LOW RETRO 男鞋 休閒鞋,https://24h.pchome.com.tw/prod/DXAX69-A900J198Z,1999,PChome 即時資料
2026-05-21,Dunk,全部,PChome,Nike 男女 Jordan/Dunk/Force系列 休閒鞋,https://24h.pchome.com.tw/prod/DXAX69-A900IIP7C,2029,PChome 即時資料
2026-05-21,Dunk,全部,PChome,經典Dunk Low Next Nature 板鞋 休閒鞋 經典logo 戶外休閒 DD1873-402,https://24h.pchome.com.tw/prod/DXAX69-A900IV6B6,2090,PChome 即時資料
2026-05-21,Dunk,全部,PChome,休閒鞋 Dunk Low 男鞋 女鞋 深藍 午夜藍 白 復古 低筒 HF5441-107,https://24h.pchome.com.tw/prod/DXAX69-A900IAMF8,2280,PChome 即時資料
2026-05-21,Dunk,全部,PChome,Nike Dunk Low Mustard Yellow 芥末黃 低筒 休閒鞋 男鞋 HF5441-109,https://24h.pchome.com.tw/prod/DXAX69-A900IQEKO,2305,PChome 即時資料
2026-05-21,Dunk,全部,PChome,滑板鞋 SB Dunk Low Pro PRM 男鞋 綠 灰 麂皮 撞色 休閒鞋 HQ1626-300,https://24h.pchome.com.tw/prod/DXAX69-A900J5DY1,2380,PChome 即時資料
2026-05-21,Dunk,全部,PChome,Dunk Low Retro LT Photo Blue 藍色 低筒 復古 休閒鞋 男鞋 HF5441-002,https://24h.pchome.com.tw/prod/DXAX69-A900IQEKC,2433,PChome 即時資料
2026-05-21,Dunk,全部,PChome,Dunk Low Avocado 酪梨 牛油果綠 休閒鞋 DM7606-300,https://24h.pchome.com.tw/prod/DXAX2J-A900FRCXG,2433,PChome 即時資料
2026-05-21,Dunk,全部,PChome,DUNK LOW RETRO PRM 男 休閒鞋 棕色-FN5825100,https://24h.pchome.com.tw/prod/DXBY2L-A900HLJGM,2454,PChome 即時資料
2026-05-21,Dunk,全部,PChome,W DUNK LOW PRM 女鞋 休閒鞋 白藍綠-FB7910100,https://24h.pchome.com.tw/prod/DXBY2L-A900HT67T,2454,PChome 即時資料
2026-05-21,Dunk,全部,PChome,W DUNK LOW SE 女鞋 休閒鞋 米白 黑 麂皮-HQ3502100,https://24h.pchome.com.tw/prod/DXAX69-A900I5DIK,2454,PChome 即時資料
2026-05-21,Dunk,全部,PChome,Nike 男鞋 Dunk/Force系列 休閒鞋 FJ4146112 HQ2037100 HF5441104 HF5441111 HJ4465700 HF5441102,https://24h.pchome.com.tw/prod/DXAX69-A900ITLPV,2480,PChome 即時資料
2026-05-21,Dunk,全部,PChome,休閒鞋 Dunk Low Retro SE 男鞋 灰 綠 麂皮 復古 經典 IB6399-002,https://24h.pchome.com.tw/prod/DXAX69-A900J24D2,2480,PChome 即時資料
2026-05-21,Dunk,全部,PChome,Wmns Dunk Low Retro Black 黑 白 熊貓 女鞋 低筒 DD1503-101,https://24h.pchome.com.tw/prod/DXAX69-A900F60VY,2488,PChome 即時資料
2026-05-21,Dunk,全部,PChome,DUNK LOW RETRO 男鞋 休閒鞋 白色 芥末黃-HF5441109,https://24h.pchome.com.tw/prod/DXAX69-A900IUX5B,2561,PChome 即時資料
2026-05-21,Dunk,全部,PChome,DUNK LOW RETRO 男鞋 休閒鞋 白色 藍紅-HF5441601,https://24h.pchome.com.tw/prod/DXAX69-A900IUX6E,2561,PChome 即時資料
2026-05-21,Dunk,全部,PChome,W DUNK LOW LX 女鞋 休閒鞋 棕色 丹寧藍-HQ3459212,https://24h.pchome.com.tw/prod/DXBY2L-A900I21VM,2561,PChome 即時資料
2026-05-21,Dunk,全部,PChome,SB DUNK LOW PRO WC 男鞋 滑板鞋 酪梨綠-FQ7585200,https://24h.pchome.com.tw/prod/DXBY2L-A900HYZ5A,2561,PChome 即時資料
2026-05-21,Dunk,全部,PChome,DUNK LOW RETRO 男鞋 休閒鞋 黃黑色-HF5441700,https://24h.pchome.com.tw/prod/DXAX69-A900IUX61,2561,PChome 即時資料
2026-05-21,Dunk,全部,PChome,W DUNK LOW NEXT NATURE 女 休閒鞋 奶棕-DD1873201,https://24h.pchome.com.tw/prod/DXAX69-A900ICTJX,2561,PChome 即時資料
2026-05-21,Dunk,全部,PChome,W DUNK LOW NN 女 休閒鞋 紫 奶油白-FZ4349100,https://24h.pchome.com.tw/prod/DXAX69-A900ICTM2,2561,PChome 即時資料
2026-05-21,Dunk,全部,PChome,休閒鞋 Dunk Low Retro SE 男鞋 熊貓 毛絨 麂皮 黑 米白 IB2990-100,https://24h.pchome.com.tw/prod/DXAX69-A900J54VY,2580,PChome 即時資料
2026-05-21,Dunk,全部,PChome,Dunk Low WHITE BLACK 黑白 熊貓 休閒鞋 DD1503-101,https://24h.pchome.com.tw/prod/DXAX2J-A900FRID5,2649,PChome 即時資料
2026-05-21,Dunk,全部,PChome,WMNS DUNK LOW 女 休閒鞋 白灰綠-IB3484001,https://24h.pchome.com.tw/prod/DXAX69-A900ICTPP,2668,PChome 即時資料
2026-05-21,Dunk,全部,PChome,W DUNK LOW SE 女鞋 休閒鞋 灰白 黑 雙勾 麂皮-HV1800101,https://24h.pchome.com.tw/prod/DXAX69-A900I5DI8,2668,PChome 即時資料
2026-05-21,Dunk,全部,PChome,W DUNK LOW 女 休閒鞋 灰白紫-HF1985001,https://24h.pchome.com.tw/prod/DXAX69-A900ICTM5,2668,PChome 即時資料
2026-05-21,Dunk,全部,PChome,休閒鞋 Wmns Dunk Low Next Nature 女鞋 灰 白 百搭 低筒 DD1873-113,https://24h.pchome.com.tw/prod/DXAX69-A900IGTVI,2680,PChome 即時資料
2026-05-21,Dunk,全部,PChome,DUNK LOW (GS) 中大童 童鞋 女鞋 休閒鞋 黑白色-CW1590100,https://24h.pchome.com.tw/prod/DXBY2L-A900HRY6G,2700,PChome 即時資料
2026-05-21,Dunk,全部,PChome,Dunk Low Retro SE Panda 絨毛熊貓 休閒鞋 IB2990-100,https://24h.pchome.com.tw/prod/DXAX69-A900J4L19,2776,PChome 即時資料
2026-05-21,Dunk,全部,PChome,Dunk Low Photon Dust (W) 灰白 女款 休閒鞋 DD1503-103,https://24h.pchome.com.tw/prod/DXAX2J-A900FWI1N,2776,PChome 即時資料
2026-05-21,Dunk,全部,PChome,Dunk Low Light Smoke Grey 灰白 舒適 百搭 低筒 撞色 休閒鞋 男鞋 HF5441-105,https://24h.pchome.com.tw/prod/DXAX69-A900I90OK,2776,PChome 即時資料
2026-05-21,Dunk,全部,PChome,休閒鞋 Dunk Low Retro 男鞋 女鞋 黑 白 熊貓 經典 低筒 HF5441-100,https://24h.pchome.com.tw/prod/DXAX69-A900IAMFM,2788,PChome 即時資料
2026-05-21,Dunk,全部,PChome,DUNK LOW RETRO 男 休閒鞋 IH7333200,https://24h.pchome.com.tw/prod/DXAX69-A900J55QZ,2850,PChome 即時資料
2026-05-21,Dunk,全部,PChome,休閒鞋 Dunk Low Retro 灰 淺灰 白 男鞋 百搭 低筒 HF5441-105,https://24h.pchome.com.tw/prod/DXAX69-A900I9HNU,2880,PChome 即時資料
2026-05-21,Dunk,全部,PChome,休閒鞋 Wmns Dunk Low 女鞋 灰 白 Photon Dust 經典款 DD1503-103,https://24h.pchome.com.tw/prod/DXAX69-A900G7WWC,2880,PChome 即時資料
2026-05-21,Dunk,全部,PChome,DUNK LOW QS 男鞋 休閒鞋 紅灰色-FQ6965600,https://24h.pchome.com.tw/prod/DXBY2L-A900HQAIZ,2882,PChome 即時資料
2026-05-21,Dunk,全部,PChome,DUNK LOW SE 男 休閒鞋 蛇紋 灰紫褐-HV6932299,https://24h.pchome.com.tw/prod/DXAX69-A900ICZFY,2882,PChome 即時資料
2026-05-21,Dunk,全部,PChome,W NIKE DUNK LOW SE 女 休閒鞋 HQ7487700,https://24h.pchome.com.tw/prod/DXAX69-A900J5V4A,2882,PChome 即時資料
2026-05-21,Dunk,全部,PChome,DUNK LOW RETRO SE 男 休閒鞋 米綠色 紫-HV5750133,https://24h.pchome.com.tw/prod/DXAX69-A900IHP3G,2882,PChome 即時資料
2026-05-21,Dunk,全部,PChome,經典Dunk Low Next Nature 板鞋 休閒鞋 經典logo 戶外休閒 DD1873-113,https://24h.pchome.com.tw/prod/DXAX69-A900IV5Z8,2890,PChome 即時資料
2026-05-21,Dunk,全部,PChome,Dunk Low Glacier Blue Pale Ivory 天空藍 經典 撞色 舒適 休閒鞋 男鞋 HF5441-103,https://24h.pchome.com.tw/prod/DXAX69-A900IC2G8,2891,PChome 即時資料
2026-05-21,Dunk,全部,PChome,DUNK LOW RETRO LTD HWN 男 休閒鞋 IB2267001,https://24h.pchome.com.tw/prod/DIBPGT-A900JAOJ8,2989,PChome 即時資料
2026-05-21,Dunk,全部,PChome,DUNK LOW RETRO LTD 男女鞋 休閒鞋 卡其棕 橘 迷彩-IB2260500,https://24h.pchome.com.tw/prod/DXAX69-A900IUXAT,2989,PChome 即時資料
2026-05-21,Dunk,全部,PChome,SB DUNK LOW PRO B 男 滑板鞋 HJ0367301,https://24h.pchome.com.tw/prod/DXAX69-A900J4VQC,2989,PChome 即時資料
2026-05-21,Dunk,全部,PChome,NIKE SB DUNK LOW PRO 男女鞋 滑板鞋 粉 橘 綠-HJ4135600,https://24h.pchome.com.tw/prod/DXAX69-A900IUX2B,2989,PChome 即時資料
2026-05-21,Dunk,全部,PChome,W DUNK LOW LX 女鞋 休閒鞋 白色 酒紅 金 CNY 蛇年-HV5991171,https://24h.pchome.com.tw/prod/DXAX69-A900I7KR1,2989,PChome 即時資料
2026-05-21,Dunk,全部,PChome,SB DUNK LOW PRO 男 滑板鞋 HQ1625600,https://24h.pchome.com.tw/prod/DXAX69-A900J4UWM,2989,PChome 即時資料
2026-05-21,Dunk,全部,PChome,DUNK LOW RETRO 男 休閒鞋 黑白 熊貓-HF5441100,https://24h.pchome.com.tw/prod/DXAX69-A900ICZBD,3400,PChome 即時資料
2026-05-21,Dunk,全部,PChome,DUNK LOW RETRO 男 休閒鞋 白 深藍-HF5441107,https://24h.pchome.com.tw/prod/DXAX69-A900ICZD2,3400,PChome 即時資料
2026-05-21,Dunk,全部,PChome,DUNK LOW RETRO 男鞋 休閒鞋 白灰色-HF5441105,https://24h.pchome.com.tw/prod/DXAX69-A900IJY8A,3400,PChome 即時資料
2026-05-21,Dunk,全部,PChome,Dunk Low 變形蟲 白藍 天空藍 休閒鞋 DH4401-101,https://24h.pchome.com.tw/prod/DXAX2J-A900FSAA6,3724,PChome 即時資料
2026-05-21,Dunk,全部,momo購物網,【NIKE 耐吉】休閒鞋 籃球鞋 童鞋 DUNK TATUM G.T. CUT 多款任選 (FB9109114&FD7033004&FZ4352600),https://www.momoshop.com.tw/goods/GoodsDetail.jsp?i_code=15006044&Area=search&mdiv=403&oid=1_24&cid=index&kw=Dunk,1190,momo 即時搜尋資料
2026-05-21,Dunk,全部,momo購物網,【NIKE 耐吉】運動鞋 休閒鞋 慢跑鞋 NIKE P-6000 DUNK 液態銀 經典男鞋 女鞋 灰銀復古 多款(IO3496-001&),https://www.momoshop.com.tw/goods/GoodsDetail.jsp?i_code=15231076&Area=search&mdiv=403&oid=1_5&cid=index&kw=Dunk,1804,momo 即時搜尋資料
2026-05-21,Dunk,全部,momo購物網,【NIKE 耐吉】運動鞋 休閒鞋 男鞋 女鞋 NIKE DUNK LOW RETRO Midnight Navy 午夜藍 深藍(HF5441107),https://www.momoshop.com.tw/goods/GoodsDetail.jsp?i_code=13674657&Area=search&mdiv=403&oid=1_7&cid=index&kw=Dunk,1880,momo 即時搜尋資料
2026-05-21,Dunk,全部,momo購物網,【NIKE 耐吉】Dunk Low Retro 男鞋 寶寶藍色 休閒 透氣 Dunk 皮革 低筒 運動 休閒鞋 HF5441-103,https://www.momoshop.com.tw/goods/GoodsDetail.jsp?i_code=13771288&Area=search&mdiv=403&oid=1_17&cid=index&kw=Dunk,1899,momo 即時搜尋資料
2026-05-21,Dunk,全部,momo購物網,【NIKE 耐吉】DUNK LOW RETRO 男鞋 休閒鞋 運動鞋 白藍(HF5441107),https://www.momoshop.com.tw/goods/GoodsDetail.jsp?i_code=13837108&Area=search&mdiv=403&oid=1_8&cid=index&kw=Dunk,1938,momo 即時搜尋資料
2026-05-21,Dunk,全部,momo購物網,【NIKE 耐吉】DUNK LOW RETRO 男鞋 墨綠 休閒鞋 穿搭 運動(HF5441-102),https://www.momoshop.com.tw/goods/GoodsDetail.jsp?i_code=13604324&Area=search&mdiv=403&oid=1_22&cid=index&kw=Dunk,1938,momo 即時搜尋資料
2026-05-21,Dunk,全部,momo購物網,【NIKE 耐吉】運動鞋 休閒鞋 女鞋 W NIKE DUNK LOW 緩震 抓地力 經典 低筒 灰白(DD1503103),https://www.momoshop.com.tw/goods/GoodsDetail.jsp?i_code=14283973&Area=search&mdiv=403&oid=1_18&cid=index&kw=Dunk,2089,momo 即時搜尋資料
2026-05-21,Dunk,全部,momo購物網,【NIKE 耐吉】運動鞋 休閒鞋 板鞋 NIKE DUNK LOW RETRO 男鞋 熊貓 Dior灰 復古 多款(HF5441-107&),https://www.momoshop.com.tw/goods/GoodsDetail.jsp?i_code=14086690&Area=search&mdiv=403&oid=1_1&cid=index&kw=Dunk,2099,momo 即時搜尋資料
2026-05-21,Dunk,全部,momo購物網,【NIKE 耐吉】運動鞋 休閒鞋 W NIKE DUNK LOW 女鞋 復古鞋 經典 熊貓 灰白 多色(DD1503-101&),https://www.momoshop.com.tw/goods/GoodsDetail.jsp?i_code=14581234&Area=search&mdiv=403&oid=1_3&cid=index&kw=Dunk,2099,momo 即時搜尋資料
2026-05-21,Dunk,全部,momo購物網,【NIKE 耐吉】運動鞋 休閒鞋 板鞋 NIKE DUNK LOW RETRO 男鞋 漆皮 麂皮 經典 復古 多款(FQ8249-104&),https://www.momoshop.com.tw/goods/GoodsDetail.jsp?i_code=14693544&Area=search&mdiv=403&oid=1_4&cid=index&kw=Dunk,2099,momo 即時搜尋資料
2026-05-21,Dunk,全部,momo購物網,【NIKE 耐吉】運動鞋 休閒鞋 情侶鞋 AIR FORCE 1 07 / DUNK 男鞋 女鞋 AF1 麂皮 黑白綠 多款(FZ0627-010&),https://www.momoshop.com.tw/goods/GoodsDetail.jsp?i_code=13840658&Area=search&mdiv=403&oid=1_2&cid=index&kw=Dunk,2199,momo 即時搜尋資料
2026-05-21,Dunk,全部,momo購物網,【NIKE 耐吉】運動鞋 休閒鞋 NIKE SB DUNK LOW PRO 男鞋 女鞋 綠咖紅 多款(FV8493-401&),https://www.momoshop.com.tw/goods/GoodsDetail.jsp?i_code=13613660&Area=search&mdiv=403&oid=1_9&cid=index&kw=Dunk,2199,momo 即時搜尋資料
2026-05-21,Dunk,全部,momo購物網,【NIKE 耐吉】運動鞋 滑板鞋 男鞋 NIKE SB DUNK LOW PRO 緩震 經典 撞色 棕 藍(HQ1625200),https://www.momoshop.com.tw/goods/GoodsDetail.jsp?i_code=14910230&Area=search&mdiv=403&oid=1_13&cid=index&kw=Dunk,2280,momo 即時搜尋資料
2026-05-21,Dunk,全部,momo購物網,【NIKE 耐吉】運動鞋 休閒鞋 情侶鞋 AIR FORCE 1/JORDAN 1/DUNK 男鞋 AF1 AJ1 復古 黑白 多款(IR7011-121&),https://www.momoshop.com.tw/goods/GoodsDetail.jsp?i_code=15155029&Area=search&mdiv=403&oid=1_11&cid=index&kw=Dunk,2299,momo 即時搜尋資料
2026-05-21,Dunk,全部,momo購物網,【NIKE 耐吉】運動鞋 休閒鞋 男鞋 NIKE DUNK LOW RETRO SE 經典 板鞋 麂皮 (IB6752101),https://www.momoshop.com.tw/goods/GoodsDetail.jsp?i_code=15051103&Area=search&mdiv=403&oid=1_23&cid=index&kw=Dunk,2351,momo 即時搜尋資料
2026-05-21,Dunk,全部,momo購物網,【NIKE 耐吉】Dunk Low Retro 男鞋 灰白色 滑板 經典 Dunk 低筒 休閒 運動 休閒鞋 HF5441-105,https://www.momoshop.com.tw/goods/GoodsDetail.jsp?i_code=13658948&Area=search&mdiv=403&oid=1_20&cid=index&kw=Dunk,2380,momo 即時搜尋資料
2026-05-21,Dunk,全部,momo購物網,【NIKE 耐吉】休閒鞋 男鞋 運動鞋 DUNK LOW RETRO 灰白 HF5441-105,https://www.momoshop.com.tw/goods/GoodsDetail.jsp?i_code=13622795&Area=search&mdiv=403&oid=1_16&cid=index&kw=Dunk,2422,momo 即時搜尋資料
2026-05-21,Dunk,全部,momo購物網,【NIKE 耐吉】NIKE 休閒鞋 DUNK LOW 城市系列 柏林 黑漆皮 反光 復古 男 FZ3053-001, https://www.momoshop.com.tw/TP/TP0008895/goodsDetail/TP00088950003819,2450,momo 即時搜尋資料
2026-05-21,Dunk,全部,momo購物網,【NIKE 耐吉】運動鞋 休閒鞋 男鞋 女鞋 DUNK LOW RETRO White Black Panda 2025 黑白 熊貓(HF5441100),https://www.momoshop.com.tw/goods/GoodsDetail.jsp?i_code=13674659&Area=search&mdiv=403&oid=1_15&cid=index&kw=Dunk,2454,momo 即時搜尋資料
2026-05-21,Dunk,全部,momo購物網,【NIKE 耐吉】休閒鞋 Nike Dunk Low Retro Grey Fog 灰白 板鞋 男鞋 HF5441-105,https://www.momoshop.com.tw/goods/GoodsDetail.jsp?i_code=11368288&Area=search&mdiv=403&oid=1_21&cid=index&kw=Dunk,2498,momo 即時搜尋資料
2026-05-21,Dunk,全部,momo購物網,【NIKE 耐吉】DUNK LOW RETRO 男鞋 休閒鞋 運動鞋 灰白(HF5441105),https://www.momoshop.com.tw/goods/GoodsDetail.jsp?i_code=13993143&Area=search&mdiv=403&oid=1_12&cid=index&kw=Dunk,2546,momo 即時搜尋資料
2026-05-21,Dunk,全部,momo購物網,【NIKE 耐吉】運動鞋 休閒鞋 AIR FORCE 1 DUNK LOW GTX 男鞋 AF1 GTX 多款(CK2630-004&),https://www.momoshop.com.tw/goods/GoodsDetail.jsp?i_code=14688251&Area=search&mdiv=403&oid=1_19&cid=index&kw=Dunk,2599,momo 即時搜尋資料
2026-05-21,Dunk,全部,momo購物網,【NIKE 耐吉】HQ2053-001 Nike Dunk Low Gore-Tex 時尚潮流 低幫 板鞋 男款 黑色, https://www.momoshop.com.tw/TP/TP0009562/goodsDetail/TP00095620009654,3200,momo 即時搜尋資料
2026-05-21,Dunk,全部,momo購物網,【NIKE 耐吉】Nike Dunk Low GTX 防水 休閒鞋 淺灰黑 HQ2053-100 男款 皮革 復古鞋 經典 運動鞋, https://www.momoshop.com.tw/TP/TP0003634/goodsDetail/TP00036340001378,3900,momo 即時搜尋資料
2026-05-21,Dunk,全部,momo購物網,【NIKE 耐吉】Dunk Low Gore-Tex 煙灰 防潑水 反光 休閒鞋 運動鞋 男鞋 HQ2053-100,https://www.momoshop.com.tw/goods/GoodsDetail.jsp?i_code=14937049&Area=search&mdiv=403&oid=1_25&cid=index&kw=Dunk,3937,momo 即時搜尋資料
2026-05-21,Dunk,全部,momo購物網,【NIKE 耐吉】休閒鞋 Dunk Low GTX 男鞋 白 灰 防水 皮革 經典 HQ2053-100,https://www.momoshop.com.tw/goods/GoodsDetail.jsp?i_code=14875866&Area=search&mdiv=403&oid=1_14&cid=index&kw=Dunk,4122,momo 即時搜尋資料
2026-05-21,Dunk,全部,momo購物網,【NIKE 耐吉】休閒鞋 Bluetile x Nike SB Dunk Low Pro 帝王斑蝶 深藍 黑色 男鞋 IQ1323-001,https://www.momoshop.com.tw/goods/GoodsDetail.jsp?i_code=15245911&Area=search&mdiv=403&oid=1_6&cid=index&kw=Dunk,4256,momo 即時搜尋資料
2026-05-21,Dunk,全部,momo購物網,【NIKE 耐吉】NIKE SB DUNK LOW PRO 休閒鞋 黑 HF3704-003 麂皮 運動鞋 男鞋, https://www.momoshop.com.tw/TP/TP0003634/goodsDetail/TP00036340001374,4330,momo 即時搜尋資料
2026-05-21,Dunk,全部,momo購物網,【NIKE 耐吉】休閒鞋 W Dunk Low 女鞋 男鞋 黑白浮雕 反轉熊貓 馬年 穿搭 潮流 限量 IF3944-001,https://www.momoshop.com.tw/goods/GoodsDetail.jsp?i_code=14988639&Area=search&mdiv=403&oid=1_10&cid=index&kw=Dunk,4417,momo 即時搜尋資料
2026-05-21,Air Force 1,男鞋,PChome,休閒鞋 Air Force 1 Low Canvas 男鞋 綠 帆布 AF1 HV1204-300,https://24h.pchome.com.tw/prod/DXAX69-A900J0KWT,1960,PChome 即時資料
2026-05-21,Air Force 1,男鞋,PChome,休閒鞋 Air Force 1 07 LV8 Time Warp AF1 男鞋 藍 灰 白  FJ5471-121,https://24h.pchome.com.tw/prod/DXAX69-A900J9U5S,1980,PChome 即時資料
2026-05-21,Air Force 1,男鞋,PChome,休閒鞋 Air Force 1 07 LV8 男鞋 酒紅 綠 黃 AF1 低筒 復古 HQ3612-113,https://24h.pchome.com.tw/prod/DXAX69-A900IBNB4,2046,PChome 即時資料
2026-05-21,Air Force 1,男鞋,PChome,休閒鞋 Air Force 1 07 男鞋 卡其 棕 紅 AF1 復古 情侶鞋 HQ3447-222,https://24h.pchome.com.tw/prod/DXAX69-A900JLH6S,2132,PChome 即時資料
2026-05-21,Air Force 1,男鞋,PChome,Nike Air Force 1 Low 1 07 WB Light Bone Gum 焦糖奶茶 男鞋 FD3365-001,https://24h.pchome.com.tw/prod/DXAXFH-A900J97K0,2134,PChome 即時資料
2026-05-21,Air Force 1,男鞋,PChome,AIR FORCE 1 LOW CANVAS 男鞋 休閒鞋 綠色-HV1204300,https://24h.pchome.com.tw/prod/DXAX69-A900J0I6D,2668,PChome 即時資料
2026-05-21,Air Force 1,男鞋,PChome,Nike Air Force 1 07 CW2288-111 男鞋 運動 休閒 經典 舒適 避震 穿搭 簡約 白,https://24h.pchome.com.tw/prod/DXAX69-A900I3UF8,2844,PChome 即時資料
2026-05-21,Air Force 1,男鞋,PChome,AIR FORCE 1 LOW EVO 男鞋 休閒鞋 綠色-HF3630300,https://24h.pchome.com.tw/prod/DXBY2L-A900HWJL3,2882,PChome 即時資料
2026-05-21,Air Force 1,男鞋,PChome,AIR FORCE 1 07 LV8 男鞋 休閒鞋 綠色-IB6388300,https://24h.pchome.com.tw/prod/DXAX69-A900IUXDU,2882,PChome 即時資料
2026-05-21,Air Force 1,男鞋,PChome,Air Force 1 Low Gore-Tex 咖橘 防潑水 經典 休閒鞋 男鞋 CK2630-201,https://24h.pchome.com.tw/prod/DXAX6U-A900JHUQX,2898,PChome 即時資料
2026-05-21,Air Force 1,男鞋,PChome,休閒鞋 Air Force 1 07 男鞋 深棕 AF1 IH1698-200,https://24h.pchome.com.tw/prod/DXAX69-A900JODND,2980,PChome 即時資料
2026-05-21,Air Force 1,男鞋,PChome,休閒鞋 Air Force 1 07 LV8 男鞋 綠 灰綠 AF1 HM9483-300,https://24h.pchome.com.tw/prod/DXAX69-A900JZYHI,2980,PChome 即時資料
2026-05-21,Air Force 1,男鞋,PChome,休閒鞋 Air Force 1 07 男鞋 經典款 AF1 皮革 小白鞋 全白 CW2288-111,https://24h.pchome.com.tw/prod/DXAX2B-A900FPM32,2988,PChome 即時資料
2026-05-21,Air Force 1,男鞋,PChome,休閒鞋 Air Force 1 07 男鞋 白 灰 灰勾 百搭 小白鞋 AF1 FJ4146-100,https://24h.pchome.com.tw/prod/DXAX69-A900IJNMP,2988,PChome 即時資料
2026-05-21,Air Force 1,男鞋,PChome,Air Force 1 全白 經典款 休閒鞋 男鞋 CW2288-111,https://24h.pchome.com.tw/prod/DXAX2I-A900FRR2G,3070,PChome 即時資料
2026-05-21,Air Force 1,男鞋,PChome,休閒鞋 Air Force 1 07 Tech Ess 男鞋 黑 白 AF1 IR5599-001,https://24h.pchome.com.tw/prod/DXAX69-A900JYGJN,3080,PChome 即時資料
2026-05-21,Air Force 1,男鞋,PChome,Air Force 1 Low World Tour Shanghai 紅棕 厚底 低筒 休閒鞋 男鞋 FZ3081-200,https://24h.pchome.com.tw/prod/DXAX69-A900I5T4C,3223,PChome 即時資料
2026-05-21,Air Force 1,男鞋,PChome,Air Force 1 Low '07 黑灰 冰底 仿舊 休閒鞋 運動鞋 男鞋 IQ0614-060,https://24h.pchome.com.tw/prod/DXAXFC-A900JRMWJ,3236,PChome 即時資料
2026-05-21,Air Force 1,男鞋,PChome,AIR FORCE 1 07 男鞋 運動 經典休閒鞋-白(CW2288111),https://24h.pchome.com.tw/prod/DXBY2K-A900HR3MI,3240,PChome 即時資料
2026-05-21,Air Force 1,男鞋,PChome,休閒鞋 Air Force 1 07 男鞋 白 卡其 AF1 FJ4146-120,https://24h.pchome.com.tw/prod/DXAX69-A900JXVY0,3280,PChome 即時資料
2026-05-21,Air Force 1,男鞋,PChome,休閒鞋 Air Force 1 07 男鞋 黑 全黑 AF1 基本款 CW2288-001,https://24h.pchome.com.tw/prod/DXAX2B-A900HO191,3288,PChome 即時資料
2026-05-21,Air Force 1,男鞋,PChome,休閒鞋 Air Force 1 Retro 男鞋 白 蒼蠅 AF1 低筒 IM3081-100,https://24h.pchome.com.tw/prod/DXAX69-A900JK6JZ,3380,PChome 即時資料
2026-05-21,Air Force 1,男鞋,PChome,Air Force 1 Low 情人節限定 大學紅 紡織鞋面 緩震 舒適 休閒鞋 男鞋 IB6836-600,https://24h.pchome.com.tw/prod/DXAXFC-A900JRCPS,3429,PChome 即時資料
2026-05-21,Air Force 1,男鞋,PChome,Stash x Nike Air Force 1 Low SP 黑藍 聯名 低筒 休閒鞋 男鞋 HF5516-001,https://24h.pchome.com.tw/prod/DXAX69-A900I6KBX,3452,PChome 即時資料
2026-05-21,Air Force 1,男鞋,PChome,Nike Air Force 1 Low Escape 深棕 男鞋 低筒 粒面皮革 HJ4323-100,https://24h.pchome.com.tw/prod/DXAX69-A900IQEPM,3538,PChome 即時資料
2026-05-21,Air Force 1,男鞋,PChome,休閒鞋 Air Force 1 07 WB 男鞋 AF1 經典 麥色 膠底 棕 麂皮 Flax CJ9179-200,https://24h.pchome.com.tw/prod/DXAX69-A900J59F1,3588,PChome 即時資料
2026-05-21,Air Force 1,男鞋,momo購物網,【NIKE 耐吉】運動鞋 休閒鞋 情侶鞋 AIR FORCE 1 07 / DUNK 男鞋 女鞋 AF1 麂皮 黑白綠 多款(FZ0627-010&),https://www.momoshop.com.tw/goods/GoodsDetail.jsp?i_code=13840658&Area=search&mdiv=403&oid=1_2&cid=index&kw=Air%2BForce%2B1,2199,momo 即時搜尋資料
2026-05-21,Air Force 1,男鞋,momo購物網,【NIKE 耐吉】運動鞋 休閒鞋 男鞋 女鞋 AIR FORCE 1 07 全黑 白勾 AF1 低筒 皮革 情侶鞋(FZ0627010),https://www.momoshop.com.tw/goods/GoodsDetail.jsp?i_code=13157069&Area=search&mdiv=403&oid=1_6&cid=index&kw=Air%2BForce%2B1,2295,momo 即時搜尋資料
2026-05-21,Air Force 1,男鞋,momo購物網,【NIKE 耐吉】運動鞋 休閒鞋 情侶鞋 AIR FORCE 1/JORDAN 1/DUNK 男鞋 AF1 AJ1 復古 黑白 多款(IR7011-121&),https://www.momoshop.com.tw/goods/GoodsDetail.jsp?i_code=15155029&Area=search&mdiv=403&oid=1_21&cid=index&kw=Air%2BForce%2B1,2299,momo 即時搜尋資料
2026-05-21,Air Force 1,男鞋,momo購物網,【NIKE 耐吉】運動鞋 男鞋 女鞋 休閒鞋 AIR FORCE 1 07 白 CW2288-111(3N1336),https://www.momoshop.com.tw/goods/GoodsDetail.jsp?i_code=13445258&Area=search&mdiv=403&oid=1_10&cid=index&kw=Air%2BForce%2B1,2394,momo 即時搜尋資料
2026-05-21,Air Force 1,男鞋,momo購物網,【NIKE 耐吉】AIR FORCE 1 07 運動鞋 休閒鞋 男鞋 女鞋 白FORCE(CW2288-111&DD8959-100),https://www.momoshop.com.tw/goods/GoodsDetail.jsp?i_code=8462055&Area=search&mdiv=403&oid=1_1&cid=index&kw=Air%2BForce%2B1,2499,momo 即時搜尋資料
2026-05-21,Air Force 1,男鞋,momo購物網,【NIKE 耐吉】休閒鞋 運動鞋 AIR FORCE 1 07 男鞋 黑(CW2288001),https://www.momoshop.com.tw/goods/GoodsDetail.jsp?i_code=12309553&Area=search&mdiv=403&oid=1_5&cid=index&kw=Air%2BForce%2B1,2499,momo 即時搜尋資料
2026-05-21,Air Force 1,男鞋,momo購物網,【NIKE 耐吉】運動鞋 休閒鞋 情侶鞋 AIR FORCE 1 RETRO 男鞋 女鞋 AF1 麂皮 黑白綠 多款(IQ1122-320&),https://www.momoshop.com.tw/goods/GoodsDetail.jsp?i_code=15155032&Area=search&mdiv=403&oid=1_8&cid=index&kw=Air%2BForce%2B1,2499,momo 即時搜尋資料
2026-05-21,Air Force 1,男鞋,momo購物網,【NIKE 耐吉】休閒鞋 Air Force 1 SP 男鞋 黑 全黑 AF1 沖孔皮革(HF8189-001),https://www.momoshop.com.tw/goods/GoodsDetail.jsp?i_code=13331578&Area=search&mdiv=403&oid=1_18&cid=index&kw=Air%2BForce%2B1,2546,momo 即時搜尋資料
2026-05-21,Air Force 1,男鞋,momo購物網,【NIKE 耐吉】休閒鞋 Air Force 1 07 男鞋 女鞋 穿搭 百搭 經典 低筒 空軍一號 灰色 白色(FJ4146-100),https://www.momoshop.com.tw/goods/GoodsDetail.jsp?i_code=14557231&Area=search&mdiv=403&oid=1_3&cid=index&kw=Air%2BForce%2B1,2565,momo 即時搜尋資料
2026-05-21,Air Force 1,男鞋,momo購物網,【NIKE 耐吉】Nike Air Force 1 經典款 休閒鞋 全白 百搭 男鞋(CW2288-111),https://www.momoshop.com.tw/goods/GoodsDetail.jsp?i_code=11445883&Area=search&mdiv=403&oid=1_14&cid=index&kw=Air%2BForce%2B1,2565,momo 即時搜尋資料
2026-05-21,Air Force 1,男鞋,momo購物網,【NIKE 耐吉】AIR FORCE 1 07 運動鞋 休閒鞋 男鞋 百搭 海軍藍(FJ4146-119),https://www.momoshop.com.tw/goods/GoodsDetail.jsp?i_code=14640314&Area=search&mdiv=403&oid=1_16&cid=index&kw=Air%2BForce%2B1,2592,momo 即時搜尋資料
2026-05-21,Air Force 1,男鞋,momo購物網,【NIKE 耐吉】NIKE Air Force 1 07 全黑 CW2288-001 DD8959-001 鐵牌 皮革 休閒鞋 男鞋 女鞋, https://www.momoshop.com.tw/TP/TP0003634/goodsDetail/TP00036340000106,2680,momo 即時搜尋資料
2026-05-21,Air Force 1,男鞋,momo購物網,【NIKE 耐吉】休閒鞋 Air Force 1 07 男鞋 女鞋 白 藍 經典 AF1 FJ4146-123,https://www.momoshop.com.tw/goods/GoodsDetail.jsp?i_code=14985026&Area=search&mdiv=403&oid=1_26&cid=index&kw=Air%2BForce%2B1,2682,momo 即時搜尋資料
2026-05-21,Air Force 1,男鞋,momo購物網,【NIKE 耐吉】Nike Air Force 1 Court Blue 白藍勾 男鞋 板鞋 休閒鞋 FJ4146-123,https://www.momoshop.com.tw/goods/GoodsDetail.jsp?i_code=15035322&Area=search&mdiv=403&oid=1_13&cid=index&kw=Air%2BForce%2B1,2736,momo 即時搜尋資料
2026-05-21,Air Force 1,男鞋,momo購物網,【NIKE 耐吉】運動鞋 休閒鞋 男鞋 AIR FORCE 1 07 LV8 板鞋 AF1 舒適 復古 耐穿 白 (IR0952100),https://www.momoshop.com.tw/goods/GoodsDetail.jsp?i_code=15231052&Area=search&mdiv=403&oid=1_19&cid=index&kw=Air%2BForce%2B1,2796,momo 即時搜尋資料
2026-05-21,Air Force 1,男鞋,momo購物網,【NIKE 耐吉】運動鞋 休閒鞋 男鞋 AIR FORCE 1 07 LV8 ESS+ AF1 編織 卡其白 (IR7011121),https://www.momoshop.com.tw/goods/GoodsDetail.jsp?i_code=15162768&Area=search&mdiv=403&oid=1_22&cid=index&kw=Air%2BForce%2B1,2888,momo 即時搜尋資料
2026-05-21,Air Force 1,男鞋,momo購物網,【NIKE 耐吉】AIR FORCE 1 07男鞋 休閒鞋 運動鞋 白(CT2302100),https://www.momoshop.com.tw/goods/GoodsDetail.jsp?i_code=12049459&Area=search&mdiv=403&oid=1_25&cid=index&kw=Air%2BForce%2B1,2907,momo 即時搜尋資料
2026-05-21,Air Force 1,男鞋,momo購物網,【NIKE 耐吉】AIR FORCE 1 07 男鞋 休閒鞋 運動鞋 黑(CW2288001),https://www.momoshop.com.tw/goods/GoodsDetail.jsp?i_code=14220702&Area=search&mdiv=403&oid=1_17&cid=index&kw=Air%2BForce%2B1,2916,momo 即時搜尋資料
2026-05-21,Air Force 1,男鞋,momo購物網,【NIKE 耐吉】休閒鞋 AIR FORCE 1 07 WB 男鞋 駝色(CJ9179200),https://www.momoshop.com.tw/goods/GoodsDetail.jsp?i_code=9484654&Area=search&mdiv=403&oid=1_20&cid=index&kw=Air%2BForce%2B1,3010,momo 即時搜尋資料
2026-05-21,Air Force 1,男鞋,momo購物網,【NIKE 耐吉】AIR FORCE 1 GTX VIBRAM 男鞋 休閒鞋 運動鞋 防潑水 皮革 白(HV5953100),https://www.momoshop.com.tw/goods/GoodsDetail.jsp?i_code=15046095&Area=search&mdiv=403&oid=1_11&cid=index&kw=Air%2BForce%2B1,3888,momo 即時搜尋資料
2026-05-21,Air Force 1,男鞋,momo購物網,【NIKE 耐吉】AIR FORCE 1 GTX VIBRAM 男鞋 休閒鞋 運動鞋 防潑水 皮革 黑(HV5953001),https://www.momoshop.com.tw/goods/GoodsDetail.jsp?i_code=15046050&Area=search&mdiv=403&oid=1_12&cid=index&kw=Air%2BForce%2B1,3888,momo 即時搜尋資料
2026-05-21,Air Force 1,女鞋,PChome,W Nike Air Force 1 Low '07 Cacao Wow 摩卡棕 女鞋 HQ3905-200,https://24h.pchome.com.tw/prod/DXAXC4-A900JA03F,1589,PChome 即時資料
2026-05-21,Air Force 1,女鞋,PChome,休閒鞋 Wmns Air Force 1 Sage Low 女鞋 黑 白 厚底 AF1 AR5339-002,https://24h.pchome.com.tw/prod/DXAX69-A900JA454,1788,PChome 即時資料
2026-05-21,Air Force 1,女鞋,PChome,W  Air Force 1 Pixel 粉色麂皮 女鞋 休閒鞋 DQ5570-600,https://24h.pchome.com.tw/prod/DXAX2J-A900HGAU6,1898,PChome 即時資料
2026-05-21,Air Force 1,女鞋,PChome,休閒鞋 Wmns Air Force 1 07 Next Nature 女鞋 米白 紅 AF1 DC9486-109,https://24h.pchome.com.tw/prod/DXAX69-A900JNSFY,1980,PChome 即時資料
2026-05-21,Air Force 1,女鞋,PChome,W AIR FORCE 1 DANCE 女鞋 休閒鞋 淺銅 棕色 AF1 復古-HV2057209,https://24h.pchome.com.tw/prod/DXAX69-A900I7KP8,1987,PChome 即時資料
2026-05-21,Air Force 1,女鞋,PChome,休閒鞋 Wmns Air Force 1 07 Next Nature 女鞋 白 棕 AF1 DC9486-103,https://24h.pchome.com.tw/prod/DXAX69-A900IYPVB,2046,PChome 即時資料
2026-05-21,Air Force 1,女鞋,PChome,W AIR FORCE 1 07 PRM 女鞋 休閒鞋 灰白色-FV6519001,https://24h.pchome.com.tw/prod/DXBY2L-A900HT6ES,2074,PChome 即時資料
2026-05-21,Air Force 1,女鞋,PChome,休閒鞋 Wmns Air Force 1 Wild 女鞋 紅棕 帆布 麂皮 AF1 FB2348-202,https://24h.pchome.com.tw/prod/DXAX69-A900J3304,2132,PChome 即時資料
2026-05-21,Air Force 1,女鞋,PChome,休閒鞋 Wmns Air Force 1 07 女鞋 米白 酒紅 豹紋 AF1 IM7510-262,https://24h.pchome.com.tw/prod/DXAX69-A900JBR0L,2580,PChome 即時資料
2026-05-21,Air Force 1,女鞋,PChome,休閒鞋 Wmns Air Force 1 07 LX 女鞋 CNY 新年 蛇年 AF1 奶茶色 HV5990-172,https://24h.pchome.com.tw/prod/DXAX69-A900JUGGE,2680,PChome 即時資料
2026-05-21,Air Force 1,女鞋,PChome,休閒鞋 Air Force 1 Wild 女鞋 白 米白 麂皮 AF1 經典  FB2348-002,https://24h.pchome.com.tw/prod/DXAX69-A900JIDQA,2680,PChome 即時資料
2026-05-21,Air Force 1,女鞋,PChome,休閒鞋 Wmns Air Force 1 07 LX 女鞋 粉紅 咖啡 AF1 草莓巧克力,https://24h.pchome.com.tw/prod/DXAX69-A900JPZ8V,2780,PChome 即時資料
2026-05-21,Air Force 1,女鞋,PChome,Nike 休閒鞋 Air Force 1 07 女鞋 經典款 AF1 皮革 小白鞋 白 全白 DD8959-100,https://24h.pchome.com.tw/prod/DXAX69-A900FR3S5,2788,PChome 即時資料
2026-05-21,Air Force 1,女鞋,PChome,Nike Wmns Air Force 1 07 DD8959-100 女 休閒鞋 經典 AF1 皮革 穿搭 全白,https://24h.pchome.com.tw/prod/DXAX69-A900I3UFB,2844,PChome 即時資料
2026-05-21,Air Force 1,女鞋,PChome,WMNS AIR FORCE 1 07 LX 女 休閒鞋 IH7352001,https://24h.pchome.com.tw/prod/DXAX69-A900J55SR,2850,PChome 即時資料
2026-05-21,Air Force 1,女鞋,PChome,W Nike Air Force 1 珍珠橘紅 解構 厚底 休閒鞋 女鞋 CU8591-600,https://24h.pchome.com.tw/prod/DXAX69-A900IV18B,2923,PChome 即時資料
2026-05-21,Air Force 1,女鞋,PChome,休閒鞋 Wmns Air Force 1 07 女鞋 白 乾燥玫瑰粉 AF1 銀勾 IB6543-100,https://24h.pchome.com.tw/prod/DXAX69-A900J1HXV,2980,PChome 即時資料
2026-05-21,Air Force 1,女鞋,PChome,休閒鞋 Wmns Air Force 1 07 LX 女鞋 米色 小勾 CNY IQ9802-022,https://24h.pchome.com.tw/prod/DXAX69-A900JTZCA,2980,PChome 即時資料
2026-05-21,Air Force 1,女鞋,PChome,休閒鞋 Wmns Air Force 1 07 LX 女鞋 黑 金屬小勾 銀勾 AF1 HQ1180-001,https://24h.pchome.com.tw/prod/DXAX69-A900J5PJB,3080,PChome 即時資料
2026-05-21,Air Force 1,女鞋,PChome,W Nike Air Force 1 Low 07 PRM Wolf Grey 灰色 AF1 百搭 休閒鞋 女鞋 DR9503-001,https://24h.pchome.com.tw/prod/DXAX69-A900IV6YK,3138,PChome 即時資料
2026-05-21,Air Force 1,女鞋,PChome,WMNS AIR FORCE 1 07 LX 女 休閒鞋 IQ9802022,https://24h.pchome.com.tw/prod/DXAX69-A900JNQO8,3167,PChome 即時資料
2026-05-21,Air Force 1,女鞋,PChome,AIR FORCE 1 07 女鞋 運動 經典休閒鞋-白(DD8959100),https://24h.pchome.com.tw/prod/DXBY2K-A900HR3W2,3240,PChome 即時資料
2026-05-21,Air Force 1,女鞋,PChome,休閒鞋 Wmns AF1 Shadow 女鞋 白 米金色 拼接 Air Force DZ1847-111,https://24h.pchome.com.tw/prod/DXAX69-A900J1CTM,3280,PChome 即時資料
2026-05-21,Air Force 1,女鞋,PChome,休閒鞋 Wmns Air Force 1 07 LX 米白 金屬勾勾 女鞋 炫雅 AF1 FV3654-111,https://24h.pchome.com.tw/prod/DXAX69-A900GP81N,3380,PChome 即時資料
2026-05-21,Air Force 1,女鞋,PChome,Air Force 1 Fontanka 女鞋 白色 經典 運動鞋 休閒鞋 DO2332-111,https://24h.pchome.com.tw/prod/DXAX69-A900F1YYT,3499,PChome 即時資料
2026-05-21,Air Force 1,女鞋,momo購物網,【NIKE 耐吉】運動鞋 休閒鞋 情侶鞋 AIR FORCE 1 07 / DUNK 男鞋 女鞋 AF1 麂皮 黑白綠 多款(FZ0627-010&),https://www.momoshop.com.tw/goods/GoodsDetail.jsp?i_code=13840658&Area=search&mdiv=403&oid=1_2&cid=index&kw=Air%2BForce%2B1,2199,momo 即時搜尋資料
2026-05-21,Air Force 1,女鞋,momo購物網,【NIKE 耐吉】運動鞋 休閒鞋 WMNS AIR FORCE 1 07 LX 女鞋 粉白紫 小勾 低筒 多款(HQ1180-001&),https://www.momoshop.com.tw/goods/GoodsDetail.jsp?i_code=13840290&Area=search&mdiv=403&oid=1_4&cid=index&kw=Air%2BForce%2B1,2199,momo 即時搜尋資料
2026-05-21,Air Force 1,女鞋,momo購物網,【NIKE 耐吉】運動鞋 休閒鞋 男鞋 女鞋 AIR FORCE 1 07 全黑 白勾 AF1 低筒 皮革 情侶鞋(FZ0627010),https://www.momoshop.com.tw/goods/GoodsDetail.jsp?i_code=13157069&Area=search&mdiv=403&oid=1_6&cid=index&kw=Air%2BForce%2B1,2295,momo 即時搜尋資料
2026-05-21,Air Force 1,女鞋,momo購物網,【NIKE 耐吉】運動鞋 男鞋 女鞋 休閒鞋 AIR FORCE 1 07 白 CW2288-111(3N1336),https://www.momoshop.com.tw/goods/GoodsDetail.jsp?i_code=13445258&Area=search&mdiv=403&oid=1_10&cid=index&kw=Air%2BForce%2B1,2394,momo 即時搜尋資料
2026-05-21,Air Force 1,女鞋,momo購物網,【NIKE 耐吉】AIR FORCE 1 07 運動鞋 休閒鞋 男鞋 女鞋 白FORCE(CW2288-111&DD8959-100),https://www.momoshop.com.tw/goods/GoodsDetail.jsp?i_code=8462055&Area=search&mdiv=403&oid=1_1&cid=index&kw=Air%2BForce%2B1,2499,momo 即時搜尋資料
2026-05-21,Air Force 1,女鞋,momo購物網,【NIKE 耐吉】運動鞋 休閒鞋 女鞋 WMNS AIR FORCE 1 07 全黑 白 AF1(DD8959-001&),https://www.momoshop.com.tw/goods/GoodsDetail.jsp?i_code=13372935&Area=search&mdiv=403&oid=1_7&cid=index&kw=Air%2BForce%2B1,2499,momo 即時搜尋資料
2026-05-21,Air Force 1,女鞋,momo購物網,【NIKE 耐吉】運動鞋 休閒鞋 情侶鞋 AIR FORCE 1 RETRO 男鞋 女鞋 AF1 麂皮 黑白綠 多款(IQ1122-320&),https://www.momoshop.com.tw/goods/GoodsDetail.jsp?i_code=15155032&Area=search&mdiv=403&oid=1_8&cid=index&kw=Air%2BForce%2B1,2499,momo 即時搜尋資料
2026-05-21,Air Force 1,女鞋,momo購物網,【NIKE 耐吉】休閒鞋 Air Force 1 07 男鞋 女鞋 穿搭 百搭 經典 低筒 空軍一號 灰色 白色(FJ4146-100),https://www.momoshop.com.tw/goods/GoodsDetail.jsp?i_code=14557231&Area=search&mdiv=403&oid=1_3&cid=index&kw=Air%2BForce%2B1,2565,momo 即時搜尋資料
2026-05-21,Air Force 1,女鞋,momo購物網,【NIKE 耐吉】NIKE Air Force 1 07 全黑 CW2288-001 DD8959-001 鐵牌 皮革 休閒鞋 男鞋 女鞋, https://www.momoshop.com.tw/TP/TP0003634/goodsDetail/TP00036340000106,2680,momo 即時搜尋資料
2026-05-21,Air Force 1,女鞋,momo購物網,【NIKE 耐吉】休閒鞋 Air Force 1 07 男鞋 女鞋 白 藍 經典 AF1 FJ4146-123,https://www.momoshop.com.tw/goods/GoodsDetail.jsp?i_code=14985026&Area=search&mdiv=403&oid=1_26&cid=index&kw=Air%2BForce%2B1,2682,momo 即時搜尋資料
2026-05-21,Air Force 1,女鞋,momo購物網,【NIKE 耐吉】運動鞋 休閒鞋 女鞋 WMNS AIR FORCE 1 07 LX 白 液態 溶解 金屬 黑勾 透氣 皮革(IF1686101),https://www.momoshop.com.tw/goods/GoodsDetail.jsp?i_code=13681865&Area=search&mdiv=403&oid=1_15&cid=index&kw=Air%2BForce%2B1,2888,momo 即時搜尋資料
2026-05-21,Air Force 1,女鞋,momo購物網,【NIKE 耐吉】休閒鞋 運動鞋 WMNS AIR FORCE 1 07 LX 女鞋 白(CT1990100),https://www.momoshop.com.tw/goods/GoodsDetail.jsp?i_code=10863127&Area=search&mdiv=403&oid=1_23&cid=index&kw=Air%2BForce%2B1,3040,momo 即時搜尋資料
2026-05-21,Air Force 1,童鞋,PChome,Air Force 1 Low Valentines Day 白粉紅 情人節 GS AF1 皮革 休閒鞋 大童鞋 HV5165-121,https://24h.pchome.com.tw/prod/DXAX69-A900ICJ8F,1589,PChome 即時資料
2026-05-21,Air Force 1,童鞋,PChome,AIR FORCE 1 LV8 4 (GS) 中大童 休閒鞋 灰綠-FQ6948001,https://24h.pchome.com.tw/prod/DXBY2L-A900HLN7Z,1611,PChome 即時資料
2026-05-21,Air Force 1,童鞋,PChome,AIR FORCE 1 GS 童鞋 大童 女鞋 休閒鞋 白藍-FV5948115,https://24h.pchome.com.tw/prod/DXAX7T-A900IDACM,1726,PChome 即時資料
2026-05-21,Air Force 1,童鞋,PChome,休閒鞋 Air Force 1 GS 大童 女鞋 海軍藍 黑 AF1 HJ9201-400,https://24h.pchome.com.tw/prod/DXAX7T-A900JEWO2,1780,PChome 即時資料
2026-05-21,Air Force 1,童鞋,PChome,休閒鞋 Air Force 1 Mid EasyOn GS 大童 女鞋 橘 紅 龍年 新年 CNY 魔鬼氈,https://24h.pchome.com.tw/prod/DXAX7T-A900JNBMY,1788,PChome 即時資料
2026-05-21,Air Force 1,童鞋,PChome,休閒鞋 Air Force 1 LV8 GS 大童 女鞋 黑 白 金 AF1 小勾 HF0095-001,https://24h.pchome.com.tw/prod/DXAX7T-A900J8E2A,1880,PChome 即時資料
2026-05-21,Air Force 1,童鞋,PChome,AIR FORCE 1 LV8 3 (GS) 中大童 休閒鞋 HQ1911001,https://24h.pchome.com.tw/prod/DXAX7T-A900J5MEP,1900,PChome 即時資料
2026-05-21,Air Force 1,童鞋,PChome,AIR FORCE 1 BG 中大童 休閒鞋 紅粉白 愛心 皮革 緩震 AF1-HV5165121,https://24h.pchome.com.tw/prod/DXAX7T-A900IIFS6,1900,PChome 即時資料
2026-05-21,Air Force 1,童鞋,PChome,休閒鞋 Air Force 1 LE GS 大童鞋 女鞋 白 全白 皮革 AF1 經典 DH2920-111,https://24h.pchome.com.tw/prod/DXAX7T-A900J47LI,2132,PChome 即時資料
2026-05-21,Air Force 1,童鞋,PChome,休閒鞋 Air Force 1 LV8 GS 大童 女鞋 綠 CNY 新年 蛇年 AF1 中國結 HV6000-131,https://24h.pchome.com.tw/prod/DXAX7T-A900JY53N,2580,PChome 即時資料
2026-05-21,Air Force 1,童鞋,PChome,Air Force 1 Low GS 大童 白綠 AF1 長舌 經典 潮流 低筒 休閒鞋 FB7402-100,https://24h.pchome.com.tw/prod/DXAX69-A900H0X17,2945,PChome 即時資料
2026-05-21,Air Force 1,童鞋,PChome,Nike Air Force 1 Lv8 1 GS [FV7725-100] 大童 休閒鞋 運動 經典 緩震 骨白 藍,https://24h.pchome.com.tw/prod/DXAX7T-A900J0163,3100,PChome 即時資料
2026-05-21,Air Force 1,全部,PChome,Air Force 1 Low Valentines Day 白粉紅 情人節 GS AF1 皮革 休閒鞋 大童鞋 HV5165-121,https://24h.pchome.com.tw/prod/DXAX69-A900ICJ8F,1589,PChome 即時資料
2026-05-21,Air Force 1,全部,PChome,W Nike Air Force 1 Low '07 Cacao Wow 摩卡棕 女鞋 HQ3905-200,https://24h.pchome.com.tw/prod/DXAXC4-A900JA03F,1589,PChome 即時資料
2026-05-21,Air Force 1,全部,PChome,AIR FORCE 1 LV8 4 (GS) 中大童 休閒鞋 灰綠-FQ6948001,https://24h.pchome.com.tw/prod/DXBY2L-A900HLN7Z,1611,PChome 即時資料
2026-05-21,Air Force 1,全部,PChome,AIR FORCE 1 GS 童鞋 大童 女鞋 休閒鞋 白藍-FV5948115,https://24h.pchome.com.tw/prod/DXAX7T-A900IDACM,1726,PChome 即時資料
2026-05-21,Air Force 1,全部,PChome,休閒鞋 Air Force 1 GS 大童 女鞋 海軍藍 黑 AF1 HJ9201-400,https://24h.pchome.com.tw/prod/DXAX7T-A900JEWO2,1780,PChome 即時資料
2026-05-21,Air Force 1,全部,PChome,休閒鞋 Wmns Air Force 1 Sage Low 女鞋 黑 白 厚底 AF1 AR5339-002,https://24h.pchome.com.tw/prod/DXAX69-A900JA454,1788,PChome 即時資料
2026-05-21,Air Force 1,全部,PChome,休閒鞋 Air Force 1 Mid EasyOn GS 大童 女鞋 橘 紅 龍年 新年 CNY 魔鬼氈,https://24h.pchome.com.tw/prod/DXAX7T-A900JNBMY,1788,PChome 即時資料
2026-05-21,Air Force 1,全部,PChome,休閒鞋 Air Force 1 LV8 GS 大童 女鞋 黑 白 金 AF1 小勾 HF0095-001,https://24h.pchome.com.tw/prod/DXAX7T-A900J8E2A,1880,PChome 即時資料
2026-05-21,Air Force 1,全部,PChome,W  Air Force 1 Pixel 粉色麂皮 女鞋 休閒鞋 DQ5570-600,https://24h.pchome.com.tw/prod/DXAX2J-A900HGAU6,1898,PChome 即時資料
2026-05-21,Air Force 1,全部,PChome,AIR FORCE 1 LV8 3 (GS) 中大童 休閒鞋 HQ1911001,https://24h.pchome.com.tw/prod/DXAX7T-A900J5MEP,1900,PChome 即時資料
2026-05-21,Air Force 1,全部,PChome,AIR FORCE 1 BG 中大童 休閒鞋 紅粉白 愛心 皮革 緩震 AF1-HV5165121,https://24h.pchome.com.tw/prod/DXAX7T-A900IIFS6,1900,PChome 即時資料
2026-05-21,Air Force 1,全部,PChome,休閒鞋 Air Force 1 Low Canvas 男鞋 綠 帆布 AF1 HV1204-300,https://24h.pchome.com.tw/prod/DXAX69-A900J0KWT,1960,PChome 即時資料
2026-05-21,Air Force 1,全部,PChome,休閒鞋 Air Force 1 07 LV8 Time Warp AF1 男鞋 藍 灰 白  FJ5471-121,https://24h.pchome.com.tw/prod/DXAX69-A900J9U5S,1980,PChome 即時資料
2026-05-21,Air Force 1,全部,PChome,休閒鞋 Wmns Air Force 1 07 Next Nature 女鞋 米白 紅 AF1 DC9486-109,https://24h.pchome.com.tw/prod/DXAX69-A900JNSFY,1980,PChome 即時資料
2026-05-21,Air Force 1,全部,PChome,W AIR FORCE 1 DANCE 女鞋 休閒鞋 淺銅 棕色 AF1 復古-HV2057209,https://24h.pchome.com.tw/prod/DXAX69-A900I7KP8,1987,PChome 即時資料
2026-05-21,Air Force 1,全部,PChome,休閒鞋 Air Force 1 07 LV8 男鞋 酒紅 綠 黃 AF1 低筒 復古 HQ3612-113,https://24h.pchome.com.tw/prod/DXAX69-A900IBNB4,2046,PChome 即時資料
2026-05-21,Air Force 1,全部,PChome,休閒鞋 Wmns Air Force 1 07 Next Nature 女鞋 白 棕 AF1 DC9486-103,https://24h.pchome.com.tw/prod/DXAX69-A900IYPVB,2046,PChome 即時資料
2026-05-21,Air Force 1,全部,PChome,W AIR FORCE 1 07 PRM 女鞋 休閒鞋 灰白色-FV6519001,https://24h.pchome.com.tw/prod/DXBY2L-A900HT6ES,2074,PChome 即時資料
2026-05-21,Air Force 1,全部,PChome,休閒鞋 Wmns Air Force 1 Wild 女鞋 紅棕 帆布 麂皮 AF1 FB2348-202,https://24h.pchome.com.tw/prod/DXAX69-A900J3304,2132,PChome 即時資料
2026-05-21,Air Force 1,全部,PChome,休閒鞋 Air Force 1 LE GS 大童鞋 女鞋 白 全白 皮革 AF1 經典 DH2920-111,https://24h.pchome.com.tw/prod/DXAX7T-A900J47LI,2132,PChome 即時資料
2026-05-21,Air Force 1,全部,PChome,休閒鞋 Air Force 1 07 男鞋 卡其 棕 紅 AF1 復古 情侶鞋 HQ3447-222,https://24h.pchome.com.tw/prod/DXAX69-A900JLH6S,2132,PChome 即時資料
2026-05-21,Air Force 1,全部,PChome,Nike Air Force 1 Low 1 07 WB Light Bone Gum 焦糖奶茶 男鞋 FD3365-001,https://24h.pchome.com.tw/prod/DXAXFH-A900J97K0,2134,PChome 即時資料
2026-05-21,Air Force 1,全部,PChome,Nike Air Force 1'07 女 灰 AF1 運動 休閒 透氣 皮革 休閒鞋 HF2014-200,https://24h.pchome.com.tw/prod/DXAX2B-A900J35EI,2135,PChome 即時資料
2026-05-21,Air Force 1,全部,PChome,AIR FORCE 1 07 男女 休閒鞋,https://24h.pchome.com.tw/prod/DXBY2L-A900HLS6P,2499,PChome 即時資料
2026-05-21,Air Force 1,全部,PChome,休閒鞋 Air Force 1 LV8 GS 大童 女鞋 綠 CNY 新年 蛇年 AF1 中國結 HV6000-131,https://24h.pchome.com.tw/prod/DXAX7T-A900JY53N,2580,PChome 即時資料
2026-05-21,Air Force 1,全部,PChome,休閒鞋 Wmns Air Force 1 07 女鞋 米白 酒紅 豹紋 AF1 IM7510-262,https://24h.pchome.com.tw/prod/DXAX69-A900JBR0L,2580,PChome 即時資料
2026-05-21,Air Force 1,全部,PChome,Nike Air Force 1'07 LV8 男 棕 麂皮 休閒 AF1 經典 運動 休閒鞋 HJ4465-200,https://24h.pchome.com.tw/prod/DXAX69-A900J3N31,2660,PChome 即時資料
2026-05-21,Air Force 1,全部,PChome,AIR FORCE 1 LOW CANVAS 男鞋 休閒鞋 綠色-HV1204300,https://24h.pchome.com.tw/prod/DXAX69-A900J0I6D,2668,PChome 即時資料
2026-05-21,Air Force 1,全部,PChome,休閒鞋 Wmns Air Force 1 07 LX 女鞋 CNY 新年 蛇年 AF1 奶茶色 HV5990-172,https://24h.pchome.com.tw/prod/DXAX69-A900JUGGE,2680,PChome 即時資料
2026-05-21,Air Force 1,全部,PChome,休閒鞋 Air Force 1 Wild 女鞋 白 米白 麂皮 AF1 經典  FB2348-002,https://24h.pchome.com.tw/prod/DXAX69-A900JIDQA,2680,PChome 即時資料
2026-05-21,Air Force 1,全部,PChome,休閒鞋 Wmns Air Force 1 07 LX 女鞋 粉紅 咖啡 AF1 草莓巧克力,https://24h.pchome.com.tw/prod/DXAX69-A900JPZ8V,2780,PChome 即時資料
2026-05-21,Air Force 1,全部,PChome,Nike 休閒鞋 Air Force 1 07 女鞋 經典款 AF1 皮革 小白鞋 白 全白 DD8959-100,https://24h.pchome.com.tw/prod/DXAX69-A900FR3S5,2788,PChome 即時資料
2026-05-21,Air Force 1,全部,PChome,Nike W Air Force 1 07 Next Nature DC9486-111 女 運動休閒鞋 白 粉紅,https://24h.pchome.com.tw/prod/DXAX69-A900ICGY4,2844,PChome 即時資料
2026-05-21,Air Force 1,全部,PChome,Nike W Air Force 1 '07 IB3881-001 女 運動休閒鞋 經典 AF1 穿搭 灰綠,https://24h.pchome.com.tw/prod/DXAX69-A900IT3HL,2844,PChome 即時資料
2026-05-21,Air Force 1,全部,PChome,Nike Air Force 1 07 CW2288-111 男鞋 運動 休閒 經典 舒適 避震 穿搭 簡約 白,https://24h.pchome.com.tw/prod/DXAX69-A900I3UF8,2844,PChome 即時資料
2026-05-21,Air Force 1,全部,PChome,Nike Wmns Air Force 1 07 DD8959-100 女 休閒鞋 經典 AF1 皮革 穿搭 全白,https://24h.pchome.com.tw/prod/DXAX69-A900I3UFB,2844,PChome 即時資料
2026-05-21,Air Force 1,全部,PChome,WMNS AIR FORCE 1 07 LX 女 休閒鞋 IH7352001,https://24h.pchome.com.tw/prod/DXAX69-A900J55SR,2850,PChome 即時資料
2026-05-21,Air Force 1,全部,PChome,AIR FORCE 1 LOW EVO 男鞋 休閒鞋 綠色-HF3630300,https://24h.pchome.com.tw/prod/DXBY2L-A900HWJL3,2882,PChome 即時資料
2026-05-21,Air Force 1,全部,PChome,W AIR FORCE 1 07 女 休閒鞋 金屬棕-HF2014200,https://24h.pchome.com.tw/prod/DXAX69-A900ICTS3,2882,PChome 即時資料
2026-05-21,Air Force 1,全部,PChome,W AIR FORCE 1 DANCE 女 休閒鞋 FJ7409601,https://24h.pchome.com.tw/prod/DXAX69-A900J5MUS,2882,PChome 即時資料
2026-05-21,Air Force 1,全部,PChome,AIR FORCE 1 07 LV8 男鞋 休閒鞋 綠色-IB6388300,https://24h.pchome.com.tw/prod/DXAX69-A900IUXDU,2882,PChome 即時資料
2026-05-21,Air Force 1,全部,PChome,AIR FORCE 1 07 LV8 男 休閒鞋 黃色-HJ4465700,https://24h.pchome.com.tw/prod/DXAX69-A900IHP1R,2882,PChome 即時資料
2026-05-21,Air Force 1,全部,PChome,Air Force 1 Low Gore-Tex 咖橘 防潑水 經典 休閒鞋 男鞋 CK2630-201,https://24h.pchome.com.tw/prod/DXAX6U-A900JHUQX,2898,PChome 即時資料
2026-05-21,Air Force 1,全部,PChome,W Nike Air Force 1 珍珠橘紅 解構 厚底 休閒鞋 女鞋 CU8591-600,https://24h.pchome.com.tw/prod/DXAX69-A900IV18B,2923,PChome 即時資料
2026-05-21,Air Force 1,全部,PChome,Air Force 1 Low GS 大童 白綠 AF1 長舌 經典 潮流 低筒 休閒鞋 FB7402-100,https://24h.pchome.com.tw/prod/DXAX69-A900H0X17,2945,PChome 即時資料
2026-05-21,Air Force 1,全部,PChome,休閒鞋 Wmns Air Force 1 07 女鞋 白 乾燥玫瑰粉 AF1 銀勾 IB6543-100,https://24h.pchome.com.tw/prod/DXAX69-A900J1HXV,2980,PChome 即時資料
2026-05-21,Air Force 1,全部,PChome,休閒鞋 Wmns Air Force 1 07 LX 女鞋 米色 小勾 CNY IQ9802-022,https://24h.pchome.com.tw/prod/DXAX69-A900JTZCA,2980,PChome 即時資料
2026-05-21,Air Force 1,全部,PChome,休閒鞋 Air Force 1 07 男鞋 深棕 AF1 IH1698-200,https://24h.pchome.com.tw/prod/DXAX69-A900JODND,2980,PChome 即時資料
2026-05-21,Air Force 1,全部,PChome,休閒鞋 Air Force 1 07 LV8 男鞋 綠 灰綠 AF1 HM9483-300,https://24h.pchome.com.tw/prod/DXAX69-A900JZYHI,2980,PChome 即時資料
2026-05-21,Air Force 1,全部,PChome,休閒鞋 Air Force 1 07 男鞋 經典款 AF1 皮革 小白鞋 全白 CW2288-111,https://24h.pchome.com.tw/prod/DXAX2B-A900FPM32,2988,PChome 即時資料
2026-05-21,Air Force 1,全部,PChome,休閒鞋 Air Force 1 07 男鞋 白 灰 灰勾 百搭 小白鞋 AF1 FJ4146-100,https://24h.pchome.com.tw/prod/DXAX69-A900IJNMP,2988,PChome 即時資料
2026-05-21,Air Force 1,全部,PChome,Nike W Air Force 1 Dance FJ7409-100 女 運動休閒鞋 緩震 AF1 穿搭 全白,https://24h.pchome.com.tw/prod/DXAX69-A900INBUQ,3002,PChome 即時資料
2026-05-21,Air Force 1,全部,PChome,Nike 耐吉 Air Force 1 07 LV8 IB6388-101 男 運動休閒鞋 經典 AF1 米灰 紅,https://24h.pchome.com.tw/prod/DXAX69-A900JIYNT,3002,PChome 即時資料
2026-05-21,Air Force 1,全部,PChome,NIKE 休閒鞋 AIR FORCE 1 07 AF1 白綠 金勾 經典款 女 CZ0270-106,https://24h.pchome.com.tw/prod/DXAX69-A900JY4P3,3060,PChome 即時資料
2026-05-21,Air Force 1,全部,PChome,Air Force 1 全白 經典款 休閒鞋 男鞋 CW2288-111,https://24h.pchome.com.tw/prod/DXAX2I-A900FRR2G,3070,PChome 即時資料
2026-05-21,Air Force 1,全部,PChome,休閒鞋 Air Force 1 07 Tech Ess 男鞋 黑 白 AF1 IR5599-001,https://24h.pchome.com.tw/prod/DXAX69-A900JYGJN,3080,PChome 即時資料
2026-05-21,Air Force 1,全部,PChome,休閒鞋 Wmns Air Force 1 07 LX 女鞋 黑 金屬小勾 銀勾 AF1 HQ1180-001,https://24h.pchome.com.tw/prod/DXAX69-A900J5PJB,3080,PChome 即時資料
2026-05-21,Air Force 1,全部,PChome,Nike Air Force 1 Lv8 1 GS [FV7725-100] 大童 休閒鞋 運動 經典 緩震 骨白 藍,https://24h.pchome.com.tw/prod/DXAX7T-A900J0163,3100,PChome 即時資料
2026-05-21,Air Force 1,全部,PChome,W Nike Air Force 1 Low 07 PRM Wolf Grey 灰色 AF1 百搭 休閒鞋 女鞋 DR9503-001,https://24h.pchome.com.tw/prod/DXAX69-A900IV6YK,3138,PChome 即時資料
2026-05-21,Air Force 1,全部,PChome,W AIR FORCE 1 07 PRM+ 女 休閒鞋 IO1259002,https://24h.pchome.com.tw/prod/DXAX69-A900JMTWL,3155,PChome 即時資料
2026-05-21,Air Force 1,全部,PChome,WMNS AIR FORCE 1 07 LX 女 休閒鞋 IQ9802022,https://24h.pchome.com.tw/prod/DXAX69-A900JNQO8,3167,PChome 即時資料
2026-05-21,Air Force 1,全部,PChome,W Air Force 1 Low '07 Light Bone 白灰色 休閒鞋 HV1813-001,https://24h.pchome.com.tw/prod/DXAX69-A900J5BJ3,3213,PChome 即時資料
2026-05-21,Air Force 1,全部,PChome,Air Force 1 Low World Tour Shanghai 紅棕 厚底 低筒 休閒鞋 男鞋 FZ3081-200,https://24h.pchome.com.tw/prod/DXAX69-A900I5T4C,3223,PChome 即時資料
2026-05-21,Air Force 1,全部,PChome,Air Force 1 Low '07 黑灰 冰底 仿舊 休閒鞋 運動鞋 男鞋 IQ0614-060,https://24h.pchome.com.tw/prod/DXAXFC-A900JRMWJ,3236,PChome 即時資料
2026-05-21,Air Force 1,全部,PChome,NIKE 休閒鞋 AF1 AIR FORCE 1 07 全白 基本款 經典款 男 CW2288-111,https://24h.pchome.com.tw/prod/DXAX69-A900J9W2X,3240,PChome 即時資料
2026-05-21,Air Force 1,全部,PChome,AIR FORCE 1 07 男鞋 運動 經典休閒鞋-白(CW2288111),https://24h.pchome.com.tw/prod/DXBY2K-A900HR3MI,3240,PChome 即時資料
2026-05-21,Air Force 1,全部,PChome,AIR FORCE 1 07 女鞋 運動 經典休閒鞋-白(DD8959100),https://24h.pchome.com.tw/prod/DXBY2K-A900HR3W2,3240,PChome 即時資料
2026-05-21,Air Force 1,全部,PChome,NIKE 休閒鞋 AIR FORCE 1 07 AF1 全白 小白鞋 經典款 女 DD8959-100,https://24h.pchome.com.tw/prod/DXAX69-A900J9W4J,3240,PChome 即時資料
2026-05-21,Air Force 1,全部,PChome,休閒鞋 Wmns AF1 Shadow 女鞋 白 米金色 拼接 Air Force DZ1847-111,https://24h.pchome.com.tw/prod/DXAX69-A900J1CTM,3280,PChome 即時資料
2026-05-21,Air Force 1,全部,PChome,休閒鞋 Air Force 1 07 男鞋 白 卡其 AF1 FJ4146-120,https://24h.pchome.com.tw/prod/DXAX69-A900JXVY0,3280,PChome 即時資料
2026-05-21,Air Force 1,全部,PChome,休閒鞋 Air Force 1 07 男鞋 黑 全黑 AF1 基本款 CW2288-001,https://24h.pchome.com.tw/prod/DXAX2B-A900HO191,3288,PChome 即時資料
2026-05-21,Air Force 1,全部,PChome,休閒鞋 Wmns Air Force 1 07 LX 米白 金屬勾勾 女鞋 炫雅 AF1 FV3654-111,https://24h.pchome.com.tw/prod/DXAX69-A900GP81N,3380,PChome 即時資料
2026-05-21,Air Force 1,全部,PChome,休閒鞋 Air Force 1 Retro 男鞋 白 蒼蠅 AF1 低筒 IM3081-100,https://24h.pchome.com.tw/prod/DXAX69-A900JK6JZ,3380,PChome 即時資料
2026-05-21,Air Force 1,全部,PChome,Air Force 1 Low 情人節限定 大學紅 紡織鞋面 緩震 舒適 休閒鞋 男鞋 IB6836-600,https://24h.pchome.com.tw/prod/DXAXFC-A900JRCPS,3429,PChome 即時資料
2026-05-21,Air Force 1,全部,PChome,Stash x Nike Air Force 1 Low SP 黑藍 聯名 低筒 休閒鞋 男鞋 HF5516-001,https://24h.pchome.com.tw/prod/DXAX69-A900I6KBX,3452,PChome 即時資料
2026-05-21,Air Force 1,全部,PChome,Air Force 1 Fontanka 女鞋 白色 經典 運動鞋 休閒鞋 DO2332-111,https://24h.pchome.com.tw/prod/DXAX69-A900F1YYT,3499,PChome 即時資料
2026-05-21,Air Force 1,全部,PChome,Nike Air Force 1 Low Escape 深棕 男鞋 低筒 粒面皮革 HJ4323-100,https://24h.pchome.com.tw/prod/DXAX69-A900IQEPM,3538,PChome 即時資料
2026-05-21,Air Force 1,全部,PChome,休閒鞋 Air Force 1 07 WB 男鞋 AF1 經典 麥色 膠底 棕 麂皮 Flax CJ9179-200,https://24h.pchome.com.tw/prod/DXAX69-A900J59F1,3588,PChome 即時資料
2026-05-21,Air Force 1,全部,momo購物網,【NIKE 耐吉】W AIR FORCE 1 07 VINTAGE 男女運動休閒鞋(HV4403-601),https://www.momoshop.com.tw/goods/GoodsDetail.jsp?i_code=14651333&Area=search&mdiv=403&oid=1_24&cid=index&kw=Air%2BForce%2B1,2099,momo 即時搜尋資料
2026-05-21,Air Force 1,全部,momo購物網,【NIKE 耐吉】運動鞋 休閒鞋 情侶鞋 AIR FORCE 1 07 / DUNK 男鞋 女鞋 AF1 麂皮 黑白綠 多款(FZ0627-010&),https://www.momoshop.com.tw/goods/GoodsDetail.jsp?i_code=13840658&Area=search&mdiv=403&oid=1_2&cid=index&kw=Air%2BForce%2B1,2199,momo 即時搜尋資料
2026-05-21,Air Force 1,全部,momo購物網,【NIKE 耐吉】運動鞋 休閒鞋 WMNS AIR FORCE 1 07 LX 女鞋 粉白紫 小勾 低筒 多款(HQ1180-001&),https://www.momoshop.com.tw/goods/GoodsDetail.jsp?i_code=13840290&Area=search&mdiv=403&oid=1_4&cid=index&kw=Air%2BForce%2B1,2199,momo 即時搜尋資料
2026-05-21,Air Force 1,全部,momo購物網,【NIKE 耐吉】運動鞋 休閒鞋 男鞋 女鞋 AIR FORCE 1 07 全黑 白勾 AF1 低筒 皮革 情侶鞋(FZ0627010),https://www.momoshop.com.tw/goods/GoodsDetail.jsp?i_code=13157069&Area=search&mdiv=403&oid=1_6&cid=index&kw=Air%2BForce%2B1,2295,momo 即時搜尋資料
2026-05-21,Air Force 1,全部,momo購物網,【NIKE 耐吉】運動鞋 休閒鞋 情侶鞋 AIR FORCE 1/JORDAN 1/DUNK 男鞋 AF1 AJ1 復古 黑白 多款(IR7011-121&),https://www.momoshop.com.tw/goods/GoodsDetail.jsp?i_code=15155029&Area=search&mdiv=403&oid=1_21&cid=index&kw=Air%2BForce%2B1,2299,momo 即時搜尋資料
2026-05-21,Air Force 1,全部,momo購物網,【NIKE 耐吉】運動鞋 男鞋 女鞋 休閒鞋 AIR FORCE 1 07 白 CW2288-111(3N1336),https://www.momoshop.com.tw/goods/GoodsDetail.jsp?i_code=13445258&Area=search&mdiv=403&oid=1_10&cid=index&kw=Air%2BForce%2B1,2394,momo 即時搜尋資料
2026-05-21,Air Force 1,全部,momo購物網,【NIKE 耐吉】NIKE AIR FORCE 1 全白 鐵牌 休閒鞋 FV5951-111 CW2288-111 DD8959-100, https://www.momoshop.com.tw/TP/TP0003634/goodsDetail/TP00036340000108,2399,momo 即時搜尋資料
2026-05-21,Air Force 1,全部,momo購物網,【NIKE 耐吉】AIR FORCE 1 07 運動鞋 休閒鞋 男鞋 女鞋 白FORCE(CW2288-111&DD8959-100),https://www.momoshop.com.tw/goods/GoodsDetail.jsp?i_code=8462055&Area=search&mdiv=403&oid=1_1&cid=index&kw=Air%2BForce%2B1,2499,momo 即時搜尋資料
2026-05-21,Air Force 1,全部,momo購物網,【NIKE 耐吉】休閒鞋 運動鞋 AIR FORCE 1 07 男鞋 黑(CW2288001),https://www.momoshop.com.tw/goods/GoodsDetail.jsp?i_code=12309553&Area=search&mdiv=403&oid=1_5&cid=index&kw=Air%2BForce%2B1,2499,momo 即時搜尋資料
2026-05-21,Air Force 1,全部,momo購物網,【NIKE 耐吉】運動鞋 休閒鞋 女鞋 WMNS AIR FORCE 1 07 全黑 白 AF1(DD8959-001&),https://www.momoshop.com.tw/goods/GoodsDetail.jsp?i_code=13372935&Area=search&mdiv=403&oid=1_7&cid=index&kw=Air%2BForce%2B1,2499,momo 即時搜尋資料
2026-05-21,Air Force 1,全部,momo購物網,【NIKE 耐吉】運動鞋 休閒鞋 情侶鞋 AIR FORCE 1 RETRO 男鞋 女鞋 AF1 麂皮 黑白綠 多款(IQ1122-320&),https://www.momoshop.com.tw/goods/GoodsDetail.jsp?i_code=15155032&Area=search&mdiv=403&oid=1_8&cid=index&kw=Air%2BForce%2B1,2499,momo 即時搜尋資料
2026-05-21,Air Force 1,全部,momo購物網,【NIKE 耐吉】Nike Air Force 1 全白 經典款 休閒鞋 CW2288-111,https://www.momoshop.com.tw/goods/GoodsDetail.jsp?i_code=10165537&Area=search&mdiv=403&oid=1_9&cid=index&kw=Air%2BForce%2B1,2546,momo 即時搜尋資料
2026-05-21,Air Force 1,全部,momo購物網,【NIKE 耐吉】休閒鞋 Air Force 1 SP 男鞋 黑 全黑 AF1 沖孔皮革(HF8189-001),https://www.momoshop.com.tw/goods/GoodsDetail.jsp?i_code=13331578&Area=search&mdiv=403&oid=1_18&cid=index&kw=Air%2BForce%2B1,2546,momo 即時搜尋資料
2026-05-21,Air Force 1,全部,momo購物網,【NIKE 耐吉】休閒鞋 Air Force 1 07 男鞋 女鞋 穿搭 百搭 經典 低筒 空軍一號 灰色 白色(FJ4146-100),https://www.momoshop.com.tw/goods/GoodsDetail.jsp?i_code=14557231&Area=search&mdiv=403&oid=1_3&cid=index&kw=Air%2BForce%2B1,2565,momo 即時搜尋資料
2026-05-21,Air Force 1,全部,momo購物網,【NIKE 耐吉】Nike Air Force 1 經典款 休閒鞋 全白 百搭 男鞋(CW2288-111),https://www.momoshop.com.tw/goods/GoodsDetail.jsp?i_code=11445883&Area=search&mdiv=403&oid=1_14&cid=index&kw=Air%2BForce%2B1,2565,momo 即時搜尋資料
2026-05-21,Air Force 1,全部,momo購物網,【NIKE 耐吉】AIR FORCE 1 07 運動鞋 休閒鞋 男鞋 百搭 海軍藍(FJ4146-119),https://www.momoshop.com.tw/goods/GoodsDetail.jsp?i_code=14640314&Area=search&mdiv=403&oid=1_16&cid=index&kw=Air%2BForce%2B1,2592,momo 即時搜尋資料
2026-05-21,Air Force 1,全部,momo購物網,【NIKE 耐吉】NIKE Air Force 1 07 全黑 CW2288-001 DD8959-001 鐵牌 皮革 休閒鞋 男鞋 女鞋, https://www.momoshop.com.tw/TP/TP0003634/goodsDetail/TP00036340000106,2680,momo 即時搜尋資料
2026-05-21,Air Force 1,全部,momo購物網,【NIKE 耐吉】休閒鞋 Air Force 1 07 男鞋 女鞋 白 藍 經典 AF1 FJ4146-123,https://www.momoshop.com.tw/goods/GoodsDetail.jsp?i_code=14985026&Area=search&mdiv=403&oid=1_26&cid=index&kw=Air%2BForce%2B1,2682,momo 即時搜尋資料
2026-05-21,Air Force 1,全部,momo購物網,【NIKE 耐吉】Nike Air Force 1 Court Blue 白藍勾 男鞋 板鞋 休閒鞋 FJ4146-123,https://www.momoshop.com.tw/goods/GoodsDetail.jsp?i_code=15035322&Area=search&mdiv=403&oid=1_13&cid=index&kw=Air%2BForce%2B1,2736,momo 即時搜尋資料
2026-05-21,Air Force 1,全部,momo購物網,【NIKE 耐吉】運動鞋 休閒鞋 男鞋 AIR FORCE 1 07 LV8 板鞋 AF1 舒適 復古 耐穿 白 (IR0952100),https://www.momoshop.com.tw/goods/GoodsDetail.jsp?i_code=15231052&Area=search&mdiv=403&oid=1_19&cid=index&kw=Air%2BForce%2B1,2796,momo 即時搜尋資料
2026-05-21,Air Force 1,全部,momo購物網,【NIKE 耐吉】運動鞋 休閒鞋 女鞋 WMNS AIR FORCE 1 07 LX 白 液態 溶解 金屬 黑勾 透氣 皮革(IF1686101),https://www.momoshop.com.tw/goods/GoodsDetail.jsp?i_code=13681865&Area=search&mdiv=403&oid=1_15&cid=index&kw=Air%2BForce%2B1,2888,momo 即時搜尋資料
2026-05-21,Air Force 1,全部,momo購物網,【NIKE 耐吉】運動鞋 休閒鞋 男鞋 AIR FORCE 1 07 LV8 ESS+ AF1 編織 卡其白 (IR7011121),https://www.momoshop.com.tw/goods/GoodsDetail.jsp?i_code=15162768&Area=search&mdiv=403&oid=1_22&cid=index&kw=Air%2BForce%2B1,2888,momo 即時搜尋資料
2026-05-21,Air Force 1,全部,momo購物網,【NIKE 耐吉】AIR FORCE 1 07男鞋 休閒鞋 運動鞋 白(CT2302100),https://www.momoshop.com.tw/goods/GoodsDetail.jsp?i_code=12049459&Area=search&mdiv=403&oid=1_25&cid=index&kw=Air%2BForce%2B1,2907,momo 即時搜尋資料
2026-05-21,Air Force 1,全部,momo購物網,【NIKE 耐吉】AIR FORCE 1 07 男鞋 休閒鞋 運動鞋 黑(CW2288001),https://www.momoshop.com.tw/goods/GoodsDetail.jsp?i_code=14220702&Area=search&mdiv=403&oid=1_17&cid=index&kw=Air%2BForce%2B1,2916,momo 即時搜尋資料
2026-05-21,Air Force 1,全部,momo購物網,【NIKE 耐吉】休閒鞋 AIR FORCE 1 07 WB 男鞋 駝色(CJ9179200),https://www.momoshop.com.tw/goods/GoodsDetail.jsp?i_code=9484654&Area=search&mdiv=403&oid=1_20&cid=index&kw=Air%2BForce%2B1,3010,momo 即時搜尋資料
2026-05-21,Air Force 1,全部,momo購物網,【NIKE 耐吉】休閒鞋 運動鞋 WMNS AIR FORCE 1 07 LX 女鞋 白(CT1990100),https://www.momoshop.com.tw/goods/GoodsDetail.jsp?i_code=10863127&Area=search&mdiv=403&oid=1_23&cid=index&kw=Air%2BForce%2B1,3040,momo 即時搜尋資料
2026-05-21,Air Force 1,全部,momo購物網,【NIKE 耐吉】AIR FORCE 1 GTX VIBRAM 男鞋 休閒鞋 運動鞋 防潑水 皮革 白(HV5953100),https://www.momoshop.com.tw/goods/GoodsDetail.jsp?i_code=15046095&Area=search&mdiv=403&oid=1_11&cid=index&kw=Air%2BForce%2B1,3888,momo 即時搜尋資料
2026-05-21,Air Force 1,全部,momo購物網,【NIKE 耐吉】AIR FORCE 1 GTX VIBRAM 男鞋 休閒鞋 運動鞋 防潑水 皮革 黑(HV5953001),https://www.momoshop.com.tw/goods/GoodsDetail.jsp?i_code=15046050&Area=search&mdiv=403&oid=1_12&cid=index&kw=Air%2BForce%2B1,3888,momo 即時搜尋資料
2026-05-21,New Balance,男鞋,PChome,[New Balance]慢跑鞋_男性_白色_M680CW8-2E楦,https://24h.pchome.com.tw/prod/DXBD47-A900HZF7A,2384,PChome 即時資料
2026-05-21,New Balance,男鞋,PChome,[New Balance]慢跑鞋_男性_黑色_MTTTRSLK-2E楦,https://24h.pchome.com.tw/prod/DXBD47-A900IHB8N,2464,PChome 即時資料
2026-05-21,New Balance,男鞋,momo購物網,【NEW BALANCE】NB 373系列 復古鞋/運動鞋_女鞋/男鞋(多款可選),https://www.momoshop.com.tw/goods/GoodsDetail.jsp?i_code=14645968&Area=search&mdiv=403&oid=1_16&cid=index&kw=New%2BBalance,1299,momo 即時搜尋資料
2026-05-21,New Balance,男鞋,momo購物網,【NEW BALANCE】TIER 2 530 男鞋 女鞋 奶茶色 復古 運動 休閒鞋 MR530AA1,https://www.momoshop.com.tw/goods/GoodsDetail.jsp?i_code=11947952&Area=search&mdiv=403&oid=1_21&cid=index&kw=New%2BBalance,1470,momo 即時搜尋資料
2026-05-21,New Balance,男鞋,momo購物網,【NEW BALANCE】NB 327 運動鞋 休閒鞋 男鞋 女鞋 多色任選(WS327FTB-B&WS327FTC-B&),https://www.momoshop.com.tw/goods/GoodsDetail.jsp?i_code=14531848&Area=search&mdiv=403&oid=1_11&cid=index&kw=New%2BBalance,1699,momo 即時搜尋資料
2026-05-21,New Balance,男鞋,momo購物網,【NEW BALANCE】NB 530運動鞋 情侶鞋 休閒鞋 男鞋 女鞋 多款任選(U530ESA-D&U530ESB-D&),https://www.momoshop.com.tw/goods/GoodsDetail.jsp?i_code=12749966&Area=search&mdiv=403&oid=1_9&cid=index&kw=New%2BBalance,1899,momo 即時搜尋資料
2026-05-21,New Balance,男鞋,momo購物網,【NEW BALANCE】530 男鞋 女鞋 白灰色 復古 拼接 緩震 運動 休閒鞋 MR530CE,https://www.momoshop.com.tw/goods/GoodsDetail.jsp?i_code=15238426&Area=search&mdiv=403&oid=1_26&cid=index&kw=New%2BBalance,1931,momo 即時搜尋資料
2026-05-21,New Balance,男鞋,momo購物網,【NEW BALANCE】204L 男鞋 女鞋 奶油黑銀色 IU 張員瑛 復古 穿搭 運動 休閒鞋 U204LSWD,https://www.momoshop.com.tw/goods/GoodsDetail.jsp?i_code=14594984&Area=search&mdiv=403&oid=1_22&cid=index&kw=New%2BBalance,2081,momo 即時搜尋資料
2026-05-21,New Balance,男鞋,momo購物網,【NEW BALANCE】NB 1080 運動鞋 休閒鞋 男鞋 女鞋 多色任選(W1080H14-D&W108014D-D&),https://www.momoshop.com.tw/goods/GoodsDetail.jsp?i_code=14518604&Area=search&mdiv=403&oid=1_25&cid=index&kw=New%2BBalance,2191,momo 即時搜尋資料
2026-05-21,New Balance,男鞋,momo購物網,【NEW BALANCE】NB 327復古鞋/運動鞋_男鞋/女鞋_WS327GD-B,https://www.momoshop.com.tw/goods/GoodsDetail.jsp?i_code=12816448&Area=search&mdiv=403&oid=1_3&cid=index&kw=New%2BBalance,2235,momo 即時搜尋資料
2026-05-21,New Balance,男鞋,momo購物網,【NEW BALANCE】1906R 男鞋 女鞋 灰杏色 中性 復古 休閒 運動 情侶鞋 休閒鞋 U1906ROC,https://www.momoshop.com.tw/goods/GoodsDetail.jsp?i_code=14085060&Area=search&mdiv=403&oid=1_8&cid=index&kw=New%2BBalance,2272,momo 即時搜尋資料
2026-05-21,New Balance,男鞋,momo購物網,【NEW BALANCE】2002R 男鞋 女鞋 淺灰色 緩震 麂皮 中性 運動 復古 休閒鞋 U2002RGR,https://www.momoshop.com.tw/goods/GoodsDetail.jsp?i_code=14181800&Area=search&mdiv=403&oid=1_18&cid=index&kw=New%2BBalance,2278,momo 即時搜尋資料
2026-05-21,New Balance,男鞋,momo購物網,【NEW BALANCE】2010 男鞋 女鞋 奶油灰色 復古 穿搭 IU 楊祐寧 緩震 運動 休閒鞋 U2010TTO,https://www.momoshop.com.tw/goods/GoodsDetail.jsp?i_code=14410219&Area=search&mdiv=403&oid=1_27&cid=index&kw=New%2BBalance,2331,momo 即時搜尋資料
2026-05-21,New Balance,男鞋,momo購物網,【NEW BALANCE】1906R 男鞋 女鞋 白灰色 中性 緩震 復古 休閒 運動 休閒鞋 U1906RCA,https://www.momoshop.com.tw/goods/GoodsDetail.jsp?i_code=13717548&Area=search&mdiv=403&oid=1_19&cid=index&kw=New%2BBalance,2331,momo 即時搜尋資料
2026-05-21,New Balance,男鞋,momo購物網,【NEW BALANCE】1906R 男鞋 女鞋 雲雨灰色 運動 休閒 復古 抗撕裂 緩震 休閒鞋 U1906ROA,https://www.momoshop.com.tw/goods/GoodsDetail.jsp?i_code=14181812&Area=search&mdiv=403&oid=1_20&cid=index&kw=New%2BBalance,2331,momo 即時搜尋資料
2026-05-21,New Balance,男鞋,momo購物網,【NEW BALANCE】NB 復古運動鞋_男鞋/女鞋_白銀_MR530SG-D楦,https://www.momoshop.com.tw/goods/GoodsDetail.jsp?i_code=14500645&Area=search&mdiv=403&oid=1_12&cid=index&kw=New%2BBalance,2464,momo 即時搜尋資料
2026-05-21,New Balance,男鞋,momo購物網,【NEW BALANCE】2002R 男鞋 女鞋 雲霧灰色 復古 運動 慢跑 休閒鞋 ML2002R0,https://www.momoshop.com.tw/goods/GoodsDetail.jsp?i_code=12954210&Area=search&mdiv=403&oid=1_23&cid=index&kw=New%2BBalance,2740,momo 即時搜尋資料
2026-05-21,New Balance,男鞋,momo購物網,【NEW BALANCE】NB GORE-TEX 防水運動鞋_男鞋/女鞋_CM996XB2-D,https://www.momoshop.com.tw/goods/GoodsDetail.jsp?i_code=14996560&Area=search&mdiv=403&oid=1_6&cid=index&kw=New%2BBalance,2849,momo 即時搜尋資料
2026-05-21,New Balance,女鞋,PChome,373復古運動鞋_女性_多款任選(WL373XB2/WL373QB2/WL373QC2/WL373TM2/WL373XA2/WL373XH2),https://24h.pchome.com.tw/prod/DXBD03-A900I46AS,1499,PChome 即時資料
2026-05-21,New Balance,女鞋,PChome,[New Balance]慢跑鞋_女性_白黑色_WE430RW3-D楦,https://24h.pchome.com.tw/prod/DXBD47-A900IAJH0,1499,PChome 即時資料
2026-05-21,New Balance,女鞋,PChome,[New Balance]復古鞋_女性_灰粉色_WL373SO2-B楦,https://24h.pchome.com.tw/prod/DXBD48-A900IDLNZ,1499,PChome 即時資料
2026-05-21,New Balance,女鞋,PChome,[New Balance]復古鞋_女性_杏灰色_WL373SR2-B楦,https://24h.pchome.com.tw/prod/DXBD48-A900IDLO1,1499,PChome 即時資料
2026-05-21,New Balance,女鞋,PChome,[New Balance]復古鞋_女性_杏灰色_WL373SJ2-B楦,https://24h.pchome.com.tw/prod/DXBD48-A900I6NVI,1499,PChome 即時資料
2026-05-21,New Balance,女鞋,PChome,[New Balance]復古鞋_女性_灰色_WL373SH2-B楦,https://24h.pchome.com.tw/prod/DXBD48-A900I6NVW,1860,PChome 即時資料
2026-05-21,New Balance,女鞋,PChome,[New Balance]跑鞋_女性_奶油白_W480SM5-4E,https://24h.pchome.com.tw/prod/DXBD48-A900J42F5,1999,PChome 即時資料
2026-05-21,New Balance,女鞋,PChome,復古鞋_寶寶藍_女性_WL574QA2-B楦,https://24h.pchome.com.tw/prod/DXBD48-A900HCMJF,2235,PChome 即時資料
2026-05-21,New Balance,女鞋,PChome,[New Balance]慢跑鞋_女性_白色_W520LW9-D楦,https://24h.pchome.com.tw/prod/DXBD47-A900IAJGG,2299,PChome 即時資料
2026-05-21,New Balance,女鞋,PChome,復古鞋_雲杉綠_女性_WS327GA-B楦,https://24h.pchome.com.tw/prod/DXBD48-A900HIYZN,2384,PChome 即時資料
2026-05-21,New Balance,女鞋,PChome,[New Balance]復古鞋_女性_果凍綠_WL574CGR-B楦,https://24h.pchome.com.tw/prod/DXBD48-A900ILFTG,2384,PChome 即時資料
2026-05-21,New Balance,女鞋,PChome,復古鞋_白黑灰_女性_WS327GD-B楦,https://24h.pchome.com.tw/prod/DXBD48-A900HIZ2O,2384,PChome 即時資料
2026-05-21,New Balance,女鞋,PChome,[New Balance]復古鞋_女性_灰色_WL574GQ2-B楦,https://24h.pchome.com.tw/prod/DXBD48-A900I0UK2,2384,PChome 即時資料
2026-05-21,New Balance,女鞋,PChome,[New Balance]復古鞋_女性_黑色_WS327DCB-B楦,https://24h.pchome.com.tw/prod/DXBD48-A900IDLOB,2384,PChome 即時資料
2026-05-21,New Balance,女鞋,PChome,【New Balance】復古鞋_女性_莫蘭迪粉_WS327AL-B楦,https://24h.pchome.com.tw/prod/DXBD1E-A900FWCH4,2384,PChome 即時資料
2026-05-21,New Balance,女鞋,PChome,[]復古鞋_女性_奶杏色_WS327AN-B楦,https://24h.pchome.com.tw/prod/DXBD1E-A900FWCH8,2384,PChome 即時資料
2026-05-21,New Balance,女鞋,PChome,[New Balance]復古鞋_女性_奶茶色_WS327DBA-B楦,https://24h.pchome.com.tw/prod/DXBD48-A900IAJBC,2399,PChome 即時資料
2026-05-21,New Balance,女鞋,PChome,[New Balance]復古鞋_女性_碳灰色_WS327PL-B,https://24h.pchome.com.tw/prod/DXBD48-A900J425X,2399,PChome 即時資料
2026-05-21,New Balance,女鞋,PChome,[New Balance]復古鞋_女性_白色_WS327TBB-B楦,https://24h.pchome.com.tw/prod/DXBD48-A900I6NVM,2399,PChome 即時資料
2026-05-21,New Balance,女鞋,PChome,[New Balance]復古鞋_女性_灰白色_WL996EH2-B楦,https://24h.pchome.com.tw/prod/DXBD48-A900IDLNI,2460,PChome 即時資料
2026-05-21,New Balance,女鞋,PChome,[New Balance]復古鞋_女性_灰杏色_WL996SJ2-B楦,https://24h.pchome.com.tw/prod/DXBD48-A900I6NVZ,2460,PChome 即時資料
2026-05-21,New Balance,女鞋,PChome,[New Balance]慢跑鞋_女性_米白色_WTTTRSLW-D楦,https://24h.pchome.com.tw/prod/DXBD47-A900IHB9Z,2464,PChome 即時資料
2026-05-21,New Balance,女鞋,momo購物網,【NEW BALANCE】NB 運動鞋/復古鞋_女鞋_WL373XB2-B_ML373XF2-D(373系列),https://www.momoshop.com.tw/goods/GoodsDetail.jsp?i_code=12486897&Area=search&mdiv=403&oid=1_7&cid=index&kw=New%2BBalance,1299,momo 即時搜尋資料
2026-05-21,New Balance,女鞋,momo購物網,【NEW BALANCE】NB 373系列 復古鞋/運動鞋_女鞋/男鞋(多款可選),https://www.momoshop.com.tw/goods/GoodsDetail.jsp?i_code=14645968&Area=search&mdiv=403&oid=1_16&cid=index&kw=New%2BBalance,1299,momo 即時搜尋資料
2026-05-21,New Balance,女鞋,momo購物網,【NEW BALANCE】TIER 2 530 男鞋 女鞋 奶茶色 復古 運動 休閒鞋 MR530AA1,https://www.momoshop.com.tw/goods/GoodsDetail.jsp?i_code=11947952&Area=search&mdiv=403&oid=1_21&cid=index&kw=New%2BBalance,1470,momo 即時搜尋資料
2026-05-21,New Balance,女鞋,momo購物網,【NEW BALANCE】NB 復古鞋/運動鞋_女性_海鹽杏_WS327KG-B,https://www.momoshop.com.tw/goods/GoodsDetail.jsp?i_code=12986660&Area=search&mdiv=403&oid=1_1&cid=index&kw=New%2BBalance,1599,momo 即時搜尋資料
2026-05-21,New Balance,女鞋,momo購物網,【NEW BALANCE】NB 327 復古休閒鞋/運動鞋_男女鞋_U327FF-D_WS327KG-B_WS327JB-B(327系列),https://www.momoshop.com.tw/goods/GoodsDetail.jsp?i_code=15218168&Area=search&mdiv=403&oid=1_28&cid=index&kw=New%2BBalance,1599,momo 即時搜尋資料
2026-05-21,New Balance,女鞋,momo購物網,【NEW BALANCE】NB 327 運動鞋 休閒鞋 男鞋 女鞋 多色任選(WS327FTB-B&WS327FTC-B&),https://www.momoshop.com.tw/goods/GoodsDetail.jsp?i_code=14531848&Area=search&mdiv=403&oid=1_11&cid=index&kw=New%2BBalance,1699,momo 即時搜尋資料
2026-05-21,New Balance,女鞋,momo購物網,【NEW BALANCE】NB 530運動鞋 情侶鞋 休閒鞋 男鞋 女鞋 多款任選(U530ESA-D&U530ESB-D&),https://www.momoshop.com.tw/goods/GoodsDetail.jsp?i_code=12749966&Area=search&mdiv=403&oid=1_9&cid=index&kw=New%2BBalance,1899,momo 即時搜尋資料
2026-05-21,New Balance,女鞋,momo購物網,【NEW BALANCE】530 男鞋 女鞋 白灰色 復古 拼接 緩震 運動 休閒鞋 MR530CE,https://www.momoshop.com.tw/goods/GoodsDetail.jsp?i_code=15238426&Area=search&mdiv=403&oid=1_26&cid=index&kw=New%2BBalance,1931,momo 即時搜尋資料
2026-05-21,New Balance,女鞋,momo購物網,【NEW BALANCE】NB 運動鞋/復古鞋_WS327TBB-B_女性_白色,https://www.momoshop.com.tw/goods/GoodsDetail.jsp?i_code=14309314&Area=search&mdiv=403&oid=1_2&cid=index&kw=New%2BBalance,1999,momo 即時搜尋資料
2026-05-21,New Balance,女鞋,momo購物網,【NEW BALANCE】NB 530 復古休閒鞋/運動鞋_男女鞋_U530ESA-D_U530SUB-D_U530SEA-D(530系列),https://www.momoshop.com.tw/goods/GoodsDetail.jsp?i_code=15217518&Area=search&mdiv=403&oid=1_17&cid=index&kw=New%2BBalance,1999,momo 即時搜尋資料
2026-05-21,New Balance,女鞋,momo購物網,【NEW BALANCE】204L 男鞋 女鞋 奶油黑銀色 IU 張員瑛 復古 穿搭 運動 休閒鞋 U204LSWD,https://www.momoshop.com.tw/goods/GoodsDetail.jsp?i_code=14594984&Area=search&mdiv=403&oid=1_22&cid=index&kw=New%2BBalance,2081,momo 即時搜尋資料
2026-05-21,New Balance,女鞋,momo購物網,【NEW BALANCE】NB 1080 運動鞋 休閒鞋 男鞋 女鞋 多色任選(W1080H14-D&W108014D-D&),https://www.momoshop.com.tw/goods/GoodsDetail.jsp?i_code=14518604&Area=search&mdiv=403&oid=1_25&cid=index&kw=New%2BBalance,2191,momo 即時搜尋資料
2026-05-21,New Balance,女鞋,momo購物網,【NEW BALANCE】NB 327復古鞋/運動鞋_男鞋/女鞋_WS327GD-B,https://www.momoshop.com.tw/goods/GoodsDetail.jsp?i_code=12816448&Area=search&mdiv=403&oid=1_3&cid=index&kw=New%2BBalance,2235,momo 即時搜尋資料
2026-05-21,New Balance,女鞋,momo購物網,【NEW BALANCE】NB 復古鞋/運動鞋_女性_海鹽灰_WS327KE-B,https://www.momoshop.com.tw/goods/GoodsDetail.jsp?i_code=12986631&Area=search&mdiv=403&oid=1_4&cid=index&kw=New%2BBalance,2235,momo 即時搜尋資料
2026-05-21,New Balance,女鞋,momo購物網,【NEW BALANCE】1906R 男鞋 女鞋 灰杏色 中性 復古 休閒 運動 情侶鞋 休閒鞋 U1906ROC,https://www.momoshop.com.tw/goods/GoodsDetail.jsp?i_code=14085060&Area=search&mdiv=403&oid=1_8&cid=index&kw=New%2BBalance,2272,momo 即時搜尋資料
2026-05-21,New Balance,女鞋,momo購物網,【NEW BALANCE】2002R 男鞋 女鞋 淺灰色 緩震 麂皮 中性 運動 復古 休閒鞋 U2002RGR,https://www.momoshop.com.tw/goods/GoodsDetail.jsp?i_code=14181800&Area=search&mdiv=403&oid=1_18&cid=index&kw=New%2BBalance,2278,momo 即時搜尋資料
2026-05-21,New Balance,女鞋,momo購物網,【NEW BALANCE】NEW BALANCE 740 白銀藍 銀灰 白藍 深藍 復古 男女鞋 U740WN2, https://www.momoshop.com.tw/TP/TP0001420/goodsDetail/TP00014200000375,2280,momo 即時搜尋資料
2026-05-21,New Balance,女鞋,momo購物網,【NEW BALANCE】NB 530 復古休閒鞋/運動鞋_男女鞋_MR530EWB-D_MR530CE-D_MR530CC-D(530系列),https://www.momoshop.com.tw/goods/GoodsDetail.jsp?i_code=14991665&Area=search&mdiv=403&oid=1_24&cid=index&kw=New%2BBalance,2299,momo 即時搜尋資料
2026-05-21,New Balance,女鞋,momo購物網,【NEW BALANCE】2010 男鞋 女鞋 奶油灰色 復古 穿搭 IU 楊祐寧 緩震 運動 休閒鞋 U2010TTO,https://www.momoshop.com.tw/goods/GoodsDetail.jsp?i_code=14410219&Area=search&mdiv=403&oid=1_27&cid=index&kw=New%2BBalance,2331,momo 即時搜尋資料
2026-05-21,New Balance,女鞋,momo購物網,【NEW BALANCE】1906R 男鞋 女鞋 白灰色 中性 緩震 復古 休閒 運動 休閒鞋 U1906RCA,https://www.momoshop.com.tw/goods/GoodsDetail.jsp?i_code=13717548&Area=search&mdiv=403&oid=1_19&cid=index&kw=New%2BBalance,2331,momo 即時搜尋資料
2026-05-21,New Balance,女鞋,momo購物網,【NEW BALANCE】1906R 男鞋 女鞋 雲雨灰色 運動 休閒 復古 抗撕裂 緩震 休閒鞋 U1906ROA,https://www.momoshop.com.tw/goods/GoodsDetail.jsp?i_code=14181812&Area=search&mdiv=403&oid=1_20&cid=index&kw=New%2BBalance,2331,momo 即時搜尋資料
2026-05-21,New Balance,女鞋,momo購物網,【NEW BALANCE】NB 復古運動鞋_男鞋/女鞋_白銀_MR530SG-D楦,https://www.momoshop.com.tw/goods/GoodsDetail.jsp?i_code=14500645&Area=search&mdiv=403&oid=1_12&cid=index&kw=New%2BBalance,2464,momo 即時搜尋資料
2026-05-21,New Balance,女鞋,momo購物網,【NEW BALANCE】NEW BALANCE 204L NB 奶油黑銀 奶油白 灰銀 德訓鞋 薄底鞋 張員瑛同款 男女鞋 U204LSWD, https://www.momoshop.com.tw/TP/TP0001420/goodsDetail/TP00014200000366,2480,momo 即時搜尋資料
2026-05-21,New Balance,女鞋,momo購物網,【NEW BALANCE】2002R 男鞋 女鞋 雲霧灰色 復古 運動 慢跑 休閒鞋 ML2002R0,https://www.momoshop.com.tw/goods/GoodsDetail.jsp?i_code=12954210&Area=search&mdiv=403&oid=1_23&cid=index&kw=New%2BBalance,2740,momo 即時搜尋資料
2026-05-21,New Balance,女鞋,momo購物網,【NEW BALANCE】NB GORE-TEX 防水運動鞋_男鞋/女鞋_CM996XB2-D,https://www.momoshop.com.tw/goods/GoodsDetail.jsp?i_code=14996560&Area=search&mdiv=403&oid=1_6&cid=index&kw=New%2BBalance,2849,momo 即時搜尋資料
2026-05-21,New Balance,童鞋,PChome,[New Balance]童鞋_中性_紫色(4-8歲)_PANTRLV6-W楦,https://24h.pchome.com.tw/prod/DXBD2C-A900ILTL0,1513,PChome 即時資料
2026-05-21,New Balance,童鞋,PChome,480系列復古鞋_任選賣場(BB480LFB/BB480LTA/BB480LTD),https://24h.pchome.com.tw/prod/DXBD48-A900IDANU,1899,PChome 即時資料
2026-05-21,New Balance,童鞋,PChome,復古鞋_中性_淺灰色_U740GS2-D楦,https://24h.pchome.com.tw/prod/DXBD48-A900ILFPP,2624,PChome 即時資料
2026-05-21,New Balance,全部,PChome,新款輕量430系列運動鞋_多款任選(WE430RP3-D/WE430RW3-D),https://24h.pchome.com.tw/prod/DXBD47-A900IMDS0,1410,PChome 即時資料
2026-05-21,New Balance,全部,PChome,獨家款_復古運動鞋_多款任選(ML373SW2/SH2/DC2/GW2/GM500MO2),https://24h.pchome.com.tw/prod/DXBD48-A900HIX3U,1499,PChome 即時資料
2026-05-21,New Balance,全部,PChome,373復古運動鞋_女性_多款任選(WL373XB2/WL373QB2/WL373QC2/WL373TM2/WL373XA2/WL373XH2),https://24h.pchome.com.tw/prod/DXBD03-A900I46AS,1499,PChome 即時資料
2026-05-21,New Balance,全部,PChome,[New Balance]復古鞋_中性_灰色_ML373SP2-D楦,https://24h.pchome.com.tw/prod/DXBD48-A900IDLLG,1499,PChome 即時資料
2026-05-21,New Balance,全部,PChome,[New Balance]慢跑鞋_女性_白黑色_WE430RW3-D楦,https://24h.pchome.com.tw/prod/DXBD47-A900IAJH0,1499,PChome 即時資料
2026-05-21,New Balance,全部,PChome,[New Balance]復古鞋_女性_灰粉色_WL373SO2-B楦,https://24h.pchome.com.tw/prod/DXBD48-A900IDLNZ,1499,PChome 即時資料
2026-05-21,New Balance,全部,PChome,[New Balance]復古鞋_女性_杏灰色_WL373SR2-B楦,https://24h.pchome.com.tw/prod/DXBD48-A900IDLO1,1499,PChome 即時資料
2026-05-21,New Balance,全部,PChome,[New Balance]復古鞋_女性_杏灰色_WL373SJ2-B楦,https://24h.pchome.com.tw/prod/DXBD48-A900I6NVI,1499,PChome 即時資料
2026-05-21,New Balance,全部,PChome,[New Balance]童鞋_中性_紫色(4-8歲)_PANTRLV6-W楦,https://24h.pchome.com.tw/prod/DXBD2C-A900ILTL0,1513,PChome 即時資料
2026-05-21,New Balance,全部,PChome,[New Balance]復古鞋_女性_灰色_WL373SH2-B楦,https://24h.pchome.com.tw/prod/DXBD48-A900I6NVW,1860,PChome 即時資料
2026-05-21,New Balance,全部,PChome,[New Balance]復古鞋_中性_灰色_ML373XC2-D楦,https://24h.pchome.com.tw/prod/DXBD48-A900IYUG0,1860,PChome 即時資料
2026-05-21,New Balance,全部,PChome,[New Balance]復古鞋_中性_淺灰杏_ML373GW2-D,https://24h.pchome.com.tw/prod/DXBD48-A900J4336,1860,PChome 即時資料
2026-05-21,New Balance,全部,PChome,480系列復古鞋_任選賣場(BB480LFB/BB480LTA/BB480LTD),https://24h.pchome.com.tw/prod/DXBD48-A900IDANU,1899,PChome 即時資料
2026-05-21,New Balance,全部,PChome,480新款復古運動鞋_多款任選(W480GG5-4E/W480KB5-4E/W480TG5-4E/W480SM5-4E/W480RG5-4E),https://24h.pchome.com.tw/prod/DXBD47-A900IMDQB,1999,PChome 即時資料
2026-05-21,New Balance,全部,PChome,[New Balance]跑鞋_女性_奶油白_W480SM5-4E,https://24h.pchome.com.tw/prod/DXBD48-A900J42F5,1999,PChome 即時資料
2026-05-21,New Balance,全部,PChome,健走鞋_卡其色_中性_UA900FM1-2E楦,https://24h.pchome.com.tw/prod/DXBD47-A900HFLGP,2010,PChome 即時資料
2026-05-21,New Balance,全部,PChome,健走鞋_深灰色_中性_UA900FG1-2E楦,https://24h.pchome.com.tw/prod/DXBD47-A900HFLE1,2010,PChome 即時資料
2026-05-21,New Balance,全部,PChome,[New Balance]慢跑鞋_中性_白杏色_UA900AR2-2E楦,https://24h.pchome.com.tw/prod/DXBD47-A900IAJG6,2144,PChome 即時資料
2026-05-21,New Balance,全部,PChome,[New Balance]慢跑鞋_中性_灰色_UA950AP1-2E楦,https://24h.pchome.com.tw/prod/DXBD47-A900ILTLZ,2144,PChome 即時資料
2026-05-21,New Balance,全部,PChome,健走鞋_灰色_中性_UA900CG2-2E楦,https://24h.pchome.com.tw/prod/DXBD47-A900HOQZQ,2144,PChome 即時資料
2026-05-21,New Balance,全部,PChome,[New Balance]慢跑鞋_中性_黑色_UA950CA1-2E楦,https://24h.pchome.com.tw/prod/DXBD47-A900ILTN9,2144,PChome 即時資料
2026-05-21,New Balance,全部,PChome,574系列復古鞋_中性_4款任選(U574SKB/U574SNV/U574SRR/U574SGG),https://24h.pchome.com.tw/prod/DXBD48-A900IXE0K,2235,PChome 即時資料
2026-05-21,New Balance,全部,PChome,[New Balance]復古鞋_中性_黑灰色_U327GPD-D楦,https://24h.pchome.com.tw/prod/DXBD48-A900ILFOV,2235,PChome 即時資料
2026-05-21,New Balance,全部,PChome,327系列復古鞋_多款任選(WS327KG/WS327KE/WS327KH/WS327KF),https://24h.pchome.com.tw/prod/DXBD1E-A900HS4Z8,2235,PChome 即時資料
2026-05-21,New Balance,全部,PChome,復古鞋_寶寶藍_女性_WL574QA2-B楦,https://24h.pchome.com.tw/prod/DXBD48-A900HCMJF,2235,PChome 即時資料
2026-05-21,New Balance,全部,PChome,[New Balance]復古鞋_中性_森林綠_U327SKC-D楦,https://24h.pchome.com.tw/prod/DXBD48-A900IDLMI,2235,PChome 即時資料
2026-05-21,New Balance,全部,PChome,[New Balance]慢跑鞋_女性_白色_W520LW9-D楦,https://24h.pchome.com.tw/prod/DXBD47-A900IAJGG,2299,PChome 即時資料
2026-05-21,New Balance,全部,PChome,[New Balance]復古鞋_中性_灰色_ML565EG1-D楦,https://24h.pchome.com.tw/prod/DXBD48-A900IHB4N,2299,PChome 即時資料
2026-05-21,New Balance,全部,PChome,[New Balance]復古鞋_中性_黑色_BB80BLK-D,https://24h.pchome.com.tw/prod/DXBD48-A900J4NAZ,2299,PChome 即時資料
2026-05-21,New Balance,全部,PChome,[New Balance]復古鞋_中性_灰藍色_U574WGN-D,https://24h.pchome.com.tw/prod/DXBD48-A900J42HW,2299,PChome 即時資料
2026-05-21,New Balance,全部,PChome,【New Balance】BB100復古運動鞋_多款任選(BB100VTC/BB100CVA/BB100CVB/BB100LBK/BB100LGY),https://24h.pchome.com.tw/prod/DXBD4T-A900IV22A,2304,PChome 即時資料
2026-05-21,New Balance,全部,PChome,復古鞋_深灰色_中性_BB480LEC-D楦,https://24h.pchome.com.tw/prod/DXBD48-A900H5288,2310,PChome 即時資料
2026-05-21,New Balance,全部,PChome,復古鞋_白色_中性_BB480LFR-D楦,https://24h.pchome.com.tw/prod/DXBD48-A900HCNTU,2310,PChome 即時資料
2026-05-21,New Balance,全部,PChome,Gray Day 327系列復古鞋_2款任選(U327WGA/U327WGC),https://24h.pchome.com.tw/prod/DXBD1E-A900HQ0OM,2310,PChome 即時資料
2026-05-21,New Balance,全部,PChome,復古鞋_灰色_中性_U327WGC-D楦,https://24h.pchome.com.tw/prod/DXBD48-A900HFFOS,2310,PChome 即時資料
2026-05-21,New Balance,全部,PChome,[New Balance]慢跑鞋_男性_白色_M680CW8-2E楦,https://24h.pchome.com.tw/prod/DXBD47-A900HZF7A,2384,PChome 即時資料
2026-05-21,New Balance,全部,PChome,復古鞋_雲杉綠_女性_WS327GA-B楦,https://24h.pchome.com.tw/prod/DXBD48-A900HIYZN,2384,PChome 即時資料
2026-05-21,New Balance,全部,PChome,[New Balance]復古鞋_女性_果凍綠_WL574CGR-B楦,https://24h.pchome.com.tw/prod/DXBD48-A900ILFTG,2384,PChome 即時資料
2026-05-21,New Balance,全部,PChome,復古鞋_白黑灰_女性_WS327GD-B楦,https://24h.pchome.com.tw/prod/DXBD48-A900HIZ2O,2384,PChome 即時資料
2026-05-21,New Balance,全部,PChome,[New Balance]復古鞋_女性_灰色_WL574GQ2-B楦,https://24h.pchome.com.tw/prod/DXBD48-A900I0UK2,2384,PChome 即時資料
2026-05-21,New Balance,全部,PChome,牛仔327系列復古鞋_2款任選(WS327JB/WS327JA),https://24h.pchome.com.tw/prod/DXBD1E-A900HSTIK,2384,PChome 即時資料
2026-05-21,New Balance,全部,PChome,[New Balance]復古鞋_中性_米白色_ML610TAG-D楦,https://24h.pchome.com.tw/prod/DXBD48-A900IHB47,2384,PChome 即時資料
2026-05-21,New Balance,全部,PChome,[New Balance]復古鞋_女性_黑色_WS327DCB-B楦,https://24h.pchome.com.tw/prod/DXBD48-A900IDLOB,2384,PChome 即時資料
2026-05-21,New Balance,全部,PChome,【New Balance】復古鞋_女性_莫蘭迪粉_WS327AL-B楦,https://24h.pchome.com.tw/prod/DXBD1E-A900FWCH4,2384,PChome 即時資料
2026-05-21,New Balance,全部,PChome,[]復古鞋_女性_奶杏色_WS327AN-B楦,https://24h.pchome.com.tw/prod/DXBD1E-A900FWCH8,2384,PChome 即時資料
2026-05-21,New Balance,全部,PChome,[New Balance]復古鞋_中性_灰色_U574BKR-D楦,https://24h.pchome.com.tw/prod/DXBD48-A900IAJAR,2384,PChome 即時資料
2026-05-21,New Balance,全部,PChome,[New Balance]復古鞋_女性_奶茶色_WS327DBA-B楦,https://24h.pchome.com.tw/prod/DXBD48-A900IAJBC,2399,PChome 即時資料
2026-05-21,New Balance,全部,PChome,[New Balance]復古鞋_女性_碳灰色_WS327PL-B,https://24h.pchome.com.tw/prod/DXBD48-A900J425X,2399,PChome 即時資料
2026-05-21,New Balance,全部,PChome,[New Balance]復古鞋_中性_奶白色_ML725CH-D楦,https://24h.pchome.com.tw/prod/DXBD48-A900IDLMA,2399,PChome 即時資料
2026-05-21,New Balance,全部,PChome,[New Balance]復古鞋_女性_白色_WS327TBB-B楦,https://24h.pchome.com.tw/prod/DXBD48-A900I6NVM,2399,PChome 即時資料
2026-05-21,New Balance,全部,PChome,PC旗艦店獨家款_復古鞋_中性_藍色_U327GPC-D楦,https://24h.pchome.com.tw/prod/DXBD48-A900ILFO4,2399,PChome 即時資料
2026-05-21,New Balance,全部,PChome,復古鞋_中性_灰色_MS327LAB-D楦,https://24h.pchome.com.tw/prod/DXBD1E-A900BTHLL,2460,PChome 即時資料
2026-05-21,New Balance,全部,PChome,[New Balance]復古鞋_中性_粉紫銀白_U740PK2-D楦,https://24h.pchome.com.tw/prod/DXBD48-A900IV0BZ,2460,PChome 即時資料
2026-05-21,New Balance,全部,PChome,復古鞋_灰色_中性_U574LGGD-D楦,https://24h.pchome.com.tw/prod/DXBD48-A900HCN8I,2460,PChome 即時資料
2026-05-21,New Balance,全部,PChome,[New Balance]復古鞋_女性_灰白色_WL996EH2-B楦,https://24h.pchome.com.tw/prod/DXBD48-A900IDLNI,2460,PChome 即時資料
2026-05-21,New Balance,全部,PChome,[New Balance]復古鞋_女性_灰杏色_WL996SJ2-B楦,https://24h.pchome.com.tw/prod/DXBD48-A900I6NVZ,2460,PChome 即時資料
2026-05-21,New Balance,全部,PChome,530新款復古運動鞋_兩款任選(MR530EMA/MR530RD),https://24h.pchome.com.tw/prod/DXBD48-A900HGAB1,2464,PChome 即時資料
2026-05-21,New Balance,全部,PChome,[New Balance]復古鞋_中性_灰色_U370AH-D楦,https://24h.pchome.com.tw/prod/DXBD48-A900I6NR7,2464,PChome 即時資料
2026-05-21,New Balance,全部,PChome,[New Balance]慢跑鞋_男性_黑色_MTTTRSLK-2E楦,https://24h.pchome.com.tw/prod/DXBD47-A900IHB8N,2464,PChome 即時資料
2026-05-21,New Balance,全部,PChome,[New Balance]慢跑鞋_女性_米白色_WTTTRSLW-D楦,https://24h.pchome.com.tw/prod/DXBD47-A900IHB9Z,2464,PChome 即時資料
2026-05-21,New Balance,全部,PChome,[New Balance]復古鞋_中性_白褐色_U530CSB-D楦,https://24h.pchome.com.tw/prod/DXBD48-A900I6NRW,2464,PChome 即時資料
2026-05-21,New Balance,全部,PChome,[New Balance]復古鞋_中性_白黑色_U370CA-D楦,https://24h.pchome.com.tw/prod/DXBD48-A900I6NRA,2464,PChome 即時資料
2026-05-21,New Balance,全部,PChome,[New Balance]復古鞋_中性_白灰色_U530NEC-D楦,https://24h.pchome.com.tw/prod/DXBD48-A900IAJAP,2464,PChome 即時資料
2026-05-21,New Balance,全部,PChome,復古鞋_中性_灰色_CM997HCA-D楦,https://24h.pchome.com.tw/prod/DXBD2S-A900B1JCI,2499,PChome 即時資料
2026-05-21,New Balance,全部,PChome,[New Balance]復古鞋_中性_白灰色_ML408NB-D楦,https://24h.pchome.com.tw/prod/DXBD48-A900I6NPZ,2499,PChome 即時資料
2026-05-21,New Balance,全部,PChome,IU著用款復古鞋_中性_米灰色_ML574EVW-D楦,https://24h.pchome.com.tw/prod/DXBD0I-A900ERTHK,2533,PChome 即時資料
2026-05-21,New Balance,全部,PChome,[New Balance]復古鞋_中性_藍紫色_U574SHB-D楦,https://24h.pchome.com.tw/prod/DXBD48-A900IV0B9,2533,PChome 即時資料
2026-05-21,New Balance,全部,PChome,IU著用款[]復古鞋_中性_灰色_ML574EVG-D楦,https://24h.pchome.com.tw/prod/DXBD0I-A900ES3DC,2533,PChome 即時資料
2026-05-21,New Balance,全部,PChome,復古鞋_中性_灰色_CT500OGA-D楦,https://24h.pchome.com.tw/prod/DXBD48-A900ILFKV,2610,PChome 即時資料
2026-05-21,New Balance,全部,PChome,復古鞋_中性_淺灰色_U740GS2-D楦,https://24h.pchome.com.tw/prod/DXBD48-A900ILFPP,2624,PChome 即時資料
2026-05-21,New Balance,全部,PChome,RC42復古鞋/運動鞋_3款任選(URC42EA/URC42EB/URC42LA),https://24h.pchome.com.tw/prod/DXBD44-A900HNWBU,2624,PChome 即時資料
2026-05-21,New Balance,全部,PChome,復古鞋_灰色_中性_U574LGAN-D楦,https://24h.pchome.com.tw/prod/DXBD48-A900HMR08,2624,PChome 即時資料
2026-05-21,New Balance,全部,PChome,復古鞋_奶杏綠_中性_URC42HG-D楦,https://24h.pchome.com.tw/prod/DXBD48-A900HRHJP,2624,PChome 即時資料
2026-05-21,New Balance,全部,PChome,[New Balance]復古鞋_中性_黑色_U574LGBG-D楦,https://24h.pchome.com.tw/prod/DXBD48-A900IDLN9,2624,PChome 即時資料
2026-05-21,New Balance,全部,PChome,530復古運動鞋_2款任選 (MR530SG/MR530SH),https://24h.pchome.com.tw/prod/DXBD56-A900HTKMZ,2680,PChome 即時資料
2026-05-21,New Balance,全部,momo購物網,【NEW BALANCE】NB 運動鞋/復古鞋_女鞋_WL373XB2-B_ML373XF2-D(373系列),https://www.momoshop.com.tw/goods/GoodsDetail.jsp?i_code=12486897&Area=search&mdiv=403&oid=1_7&cid=index&kw=New%2BBalance,1299,momo 即時搜尋資料
2026-05-21,New Balance,全部,momo購物網,【NEW BALANCE】NB 373系列 復古鞋/運動鞋_女鞋/男鞋(多款可選),https://www.momoshop.com.tw/goods/GoodsDetail.jsp?i_code=14645968&Area=search&mdiv=403&oid=1_16&cid=index&kw=New%2BBalance,1299,momo 即時搜尋資料
2026-05-21,New Balance,全部,momo購物網,【NEW BALANCE】TIER 2 530 男鞋 女鞋 奶茶色 復古 運動 休閒鞋 MR530AA1,https://www.momoshop.com.tw/goods/GoodsDetail.jsp?i_code=11947952&Area=search&mdiv=403&oid=1_21&cid=index&kw=New%2BBalance,1470,momo 即時搜尋資料
2026-05-21,New Balance,全部,momo購物網,【NEW BALANCE】NB 復古鞋/運動鞋_女性_海鹽杏_WS327KG-B,https://www.momoshop.com.tw/goods/GoodsDetail.jsp?i_code=12986660&Area=search&mdiv=403&oid=1_1&cid=index&kw=New%2BBalance,1599,momo 即時搜尋資料
2026-05-21,New Balance,全部,momo購物網,【NEW BALANCE】NB 327 復古休閒鞋/運動鞋_男女鞋_U327FF-D_WS327KG-B_WS327JB-B(327系列),https://www.momoshop.com.tw/goods/GoodsDetail.jsp?i_code=15218168&Area=search&mdiv=403&oid=1_28&cid=index&kw=New%2BBalance,1599,momo 即時搜尋資料
2026-05-21,New Balance,全部,momo購物網,【NEW BALANCE】NB 327 運動鞋 休閒鞋 男鞋 女鞋 多色任選(WS327FTB-B&WS327FTC-B&),https://www.momoshop.com.tw/goods/GoodsDetail.jsp?i_code=14531848&Area=search&mdiv=403&oid=1_11&cid=index&kw=New%2BBalance,1699,momo 即時搜尋資料
2026-05-21,New Balance,全部,momo購物網,【NEW BALANCE】NB 530運動鞋 情侶鞋 休閒鞋 男鞋 女鞋 多款任選(U530ESA-D&U530ESB-D&),https://www.momoshop.com.tw/goods/GoodsDetail.jsp?i_code=12749966&Area=search&mdiv=403&oid=1_9&cid=index&kw=New%2BBalance,1899,momo 即時搜尋資料
2026-05-21,New Balance,全部,momo購物網,【NEW BALANCE】530 男鞋 女鞋 白灰色 復古 拼接 緩震 運動 休閒鞋 MR530CE,https://www.momoshop.com.tw/goods/GoodsDetail.jsp?i_code=15238426&Area=search&mdiv=403&oid=1_26&cid=index&kw=New%2BBalance,1931,momo 即時搜尋資料
2026-05-21,New Balance,全部,momo購物網,【NEW BALANCE】NB 運動鞋/復古鞋_WS327TBB-B_女性_白色,https://www.momoshop.com.tw/goods/GoodsDetail.jsp?i_code=14309314&Area=search&mdiv=403&oid=1_2&cid=index&kw=New%2BBalance,1999,momo 即時搜尋資料
2026-05-21,New Balance,全部,momo購物網,【NEW BALANCE】NB 530 復古休閒鞋/運動鞋_男女鞋_U530ESA-D_U530SUB-D_U530SEA-D(530系列),https://www.momoshop.com.tw/goods/GoodsDetail.jsp?i_code=15217518&Area=search&mdiv=403&oid=1_17&cid=index&kw=New%2BBalance,1999,momo 即時搜尋資料
2026-05-21,New Balance,全部,momo購物網,【NEW BALANCE】204L 男鞋 女鞋 奶油黑銀色 IU 張員瑛 復古 穿搭 運動 休閒鞋 U204LSWD,https://www.momoshop.com.tw/goods/GoodsDetail.jsp?i_code=14594984&Area=search&mdiv=403&oid=1_22&cid=index&kw=New%2BBalance,2081,momo 即時搜尋資料
2026-05-21,New Balance,全部,momo購物網,【NEW BALANCE】NB 1080 運動鞋 休閒鞋 男鞋 女鞋 多色任選(W1080H14-D&W108014D-D&),https://www.momoshop.com.tw/goods/GoodsDetail.jsp?i_code=14518604&Area=search&mdiv=403&oid=1_25&cid=index&kw=New%2BBalance,2191,momo 即時搜尋資料
2026-05-21,New Balance,全部,momo購物網,【NEW BALANCE】NB 327復古鞋/運動鞋_男鞋/女鞋_WS327GD-B,https://www.momoshop.com.tw/goods/GoodsDetail.jsp?i_code=12816448&Area=search&mdiv=403&oid=1_3&cid=index&kw=New%2BBalance,2235,momo 即時搜尋資料
2026-05-21,New Balance,全部,momo購物網,【NEW BALANCE】NB 復古鞋/運動鞋_女性_海鹽灰_WS327KE-B,https://www.momoshop.com.tw/goods/GoodsDetail.jsp?i_code=12986631&Area=search&mdiv=403&oid=1_4&cid=index&kw=New%2BBalance,2235,momo 即時搜尋資料
2026-05-21,New Balance,全部,momo購物網,【NEW BALANCE】1906R 男鞋 女鞋 灰杏色 中性 復古 休閒 運動 情侶鞋 休閒鞋 U1906ROC,https://www.momoshop.com.tw/goods/GoodsDetail.jsp?i_code=14085060&Area=search&mdiv=403&oid=1_8&cid=index&kw=New%2BBalance,2272,momo 即時搜尋資料
2026-05-21,New Balance,全部,momo購物網,【NEW BALANCE】2002R 男鞋 女鞋 淺灰色 緩震 麂皮 中性 運動 復古 休閒鞋 U2002RGR,https://www.momoshop.com.tw/goods/GoodsDetail.jsp?i_code=14181800&Area=search&mdiv=403&oid=1_18&cid=index&kw=New%2BBalance,2278,momo 即時搜尋資料
2026-05-21,New Balance,全部,momo購物網,【NEW BALANCE】NEW BALANCE 740 白銀藍 銀灰 白藍 深藍 復古 男女鞋 U740WN2, https://www.momoshop.com.tw/TP/TP0001420/goodsDetail/TP00014200000375,2280,momo 即時搜尋資料
2026-05-21,New Balance,全部,momo購物網,【NEW BALANCE】NB 530 復古休閒鞋/運動鞋_男女鞋_MR530EWB-D_MR530CE-D_MR530CC-D(530系列),https://www.momoshop.com.tw/goods/GoodsDetail.jsp?i_code=14991665&Area=search&mdiv=403&oid=1_24&cid=index&kw=New%2BBalance,2299,momo 即時搜尋資料
2026-05-21,New Balance,全部,momo購物網,【NEW BALANCE】2010 男鞋 女鞋 奶油灰色 復古 穿搭 IU 楊祐寧 緩震 運動 休閒鞋 U2010TTO,https://www.momoshop.com.tw/goods/GoodsDetail.jsp?i_code=14410219&Area=search&mdiv=403&oid=1_27&cid=index&kw=New%2BBalance,2331,momo 即時搜尋資料
2026-05-21,New Balance,全部,momo購物網,【NEW BALANCE】1906R 男鞋 女鞋 白灰色 中性 緩震 復古 休閒 運動 休閒鞋 U1906RCA,https://www.momoshop.com.tw/goods/GoodsDetail.jsp?i_code=13717548&Area=search&mdiv=403&oid=1_19&cid=index&kw=New%2BBalance,2331,momo 即時搜尋資料
2026-05-21,New Balance,全部,momo購物網,【NEW BALANCE】1906R 男鞋 女鞋 雲雨灰色 運動 休閒 復古 抗撕裂 緩震 休閒鞋 U1906ROA,https://www.momoshop.com.tw/goods/GoodsDetail.jsp?i_code=14181812&Area=search&mdiv=403&oid=1_20&cid=index&kw=New%2BBalance,2331,momo 即時搜尋資料
2026-05-21,New Balance,全部,momo購物網,【NEW BALANCE】NB 復古運動鞋_男鞋/女鞋_白銀_MR530SG-D楦,https://www.momoshop.com.tw/goods/GoodsDetail.jsp?i_code=14500645&Area=search&mdiv=403&oid=1_12&cid=index&kw=New%2BBalance,2464,momo 即時搜尋資料
2026-05-21,New Balance,全部,momo購物網,【NEW BALANCE】NEW BALANCE 204L NB 奶油黑銀 奶油白 灰銀 德訓鞋 薄底鞋 張員瑛同款 男女鞋 U204LSWD, https://www.momoshop.com.tw/TP/TP0001420/goodsDetail/TP00014200000366,2480,momo 即時搜尋資料
2026-05-21,New Balance,全部,momo購物網,【NEW BALANCE】2002R 男鞋 女鞋 雲霧灰色 復古 運動 慢跑 休閒鞋 ML2002R0,https://www.momoshop.com.tw/goods/GoodsDetail.jsp?i_code=12954210&Area=search&mdiv=403&oid=1_23&cid=index&kw=New%2BBalance,2740,momo 即時搜尋資料
2026-05-21,New Balance,全部,momo購物網,【NEW BALANCE】NB 204L復古鞋/運動鞋_U204L2SZ-D_U204L4HH-D_U204L6A6-D_U204L1ZH-D_燕麥/灰藍(附雙鞋帶),https://www.momoshop.com.tw/goods/GoodsDetail.jsp?i_code=15018766&Area=search&mdiv=403&oid=1_13&cid=index&kw=New%2BBalance,2794,momo 即時搜尋資料
2026-05-21,New Balance,全部,momo購物網,【NEW BALANCE】NB 204L復古鞋/運動鞋_U204L1KP-D_中性_灰色(GREY DAY 主打品),https://www.momoshop.com.tw/goods/GoodsDetail.jsp?i_code=15178220&Area=search&mdiv=403&oid=1_10&cid=index&kw=New%2BBalance,2794,momo 即時搜尋資料
2026-05-21,New Balance,全部,momo購物網,【NEW BALANCE】NB GORE-TEX 防水運動鞋_男鞋/女鞋_CM996XB2-D,https://www.momoshop.com.tw/goods/GoodsDetail.jsp?i_code=14996560&Area=search&mdiv=403&oid=1_6&cid=index&kw=New%2BBalance,2849,momo 即時搜尋資料
2026-05-21,New Balance,全部,momo購物網,【NEW BALANCE】NB 2010 復古鞋/運動鞋_U2010753-D_中性_銀灰色,https://www.momoshop.com.tw/goods/GoodsDetail.jsp?i_code=15228868&Area=search&mdiv=403&oid=1_15&cid=index&kw=New%2BBalance,3604,momo 即時搜尋資料
2026-05-21,New Balance,全部,momo購物網,【NEW BALANCE】NB 204L復古鞋/運動鞋_U204LMMA-D_U204LMMC-D_中性_附雙色鞋帶(張員瑛同款),https://www.momoshop.com.tw/goods/GoodsDetail.jsp?i_code=15149891&Area=search&mdiv=403&oid=1_14&cid=index&kw=New%2BBalance,3880,momo 即時搜尋資料
2026-05-21,Adidas Samba,男鞋,PChome,休閒鞋 Samba Messi 男鞋 女鞋 梅西 米白 灰 德訓鞋 JQ0266,https://24h.pchome.com.tw/prod/DXAX69-A900IJ0LQ,2046,PChome 即時資料
2026-05-21,Adidas Samba,男鞋,PChome,休閒鞋 Samba OG 男鞋 女鞋 米 紅 復古 德訓鞋 愛迪達 JS3830,https://24h.pchome.com.tw/prod/DXAX69-A900J4234,2046,PChome 即時資料
2026-05-21,Adidas Samba,男鞋,PChome,休閒鞋 Samba OG 男鞋 女鞋 白 黑 麂皮 皮革 復古 低筒 德訓鞋 IF3814,https://24h.pchome.com.tw/prod/DXAX69-A900J4LL7,2132,PChome 即時資料
2026-05-21,Adidas Samba,男鞋,PChome,休閒鞋 Samba OG 男鞋 女鞋 黑 白Jeremy Scott 聯名 拉鍊 德訓鞋 愛迪達 JQ8835,https://24h.pchome.com.tw/prod/DXAX69-A900J18AN,2132,PChome 即時資料
2026-05-21,Adidas Samba,男鞋,PChome,休閒鞋 Samba OG 男鞋 女鞋 黑皮革 麂皮 復古 德訓鞋  IE3438,https://24h.pchome.com.tw/prod/DXAX0T-A900HB3PH,2132,PChome 即時資料
2026-05-21,Adidas Samba,男鞋,PChome,x NAKED x MAHA Samba MN 休閒鞋 三方聯名 男鞋 女鞋 黑 德訓鞋 IH3566,https://24h.pchome.com.tw/prod/DXAX69-A900I6CBI,2304,PChome 即時資料
2026-05-21,Adidas Samba,男鞋,PChome,x 101忠狗 Samba OG 男鞋 女鞋 聯名休閒鞋 迪士尼 米白 德訓鞋 愛迪達 KJ5990,https://24h.pchome.com.tw/prod/DXAX69-A900J0UJ9,2311,PChome 即時資料
2026-05-21,Adidas Samba,男鞋,PChome,休閒鞋 Samba OG 男鞋 女鞋 黑 白 皮革 焦糖底 麂皮 復古 B75807,https://24h.pchome.com.tw/prod/DXAX69-A900I1ZWD,2888,PChome 即時資料
2026-05-21,Adidas Samba,男鞋,PChome,休閒鞋 Samba OG 男鞋 女鞋 白 黑 皮革 麂皮 焦糖底 森巴 復古 B75806,https://24h.pchome.com.tw/prod/DXAX0T-A900GK78A,2988,PChome 即時資料
2026-05-21,Adidas Samba,男鞋,PChome,休閒鞋 Samba JJJJound 男鞋 女鞋 卡其 棕 麂皮 Tobacco 聯名 愛迪達 ID8709,https://24h.pchome.com.tw/prod/DXAX69-A900J72LE,3080,PChome 即時資料
2026-05-21,Adidas Samba,男鞋,PChome,德訓鞋 Samba OG 男鞋 海軍藍 奶油黃 復古 麂皮 休閒鞋 焦糖底 ID2056,https://24h.pchome.com.tw/prod/DXAX69-A900IFXV3,3180,PChome 即時資料
2026-05-21,Adidas Samba,男鞋,PChome,Adidas Samba OG 平底白色 男鞋 休閒鞋 B75806,https://24h.pchome.com.tw/prod/DXAX0W-A900HEKY7,3806,PChome 即時資料
2026-05-21,Adidas Samba,男鞋,momo購物網,【adidas 愛迪達】SAMBA XLG 運動休閒鞋 德訓鞋 滑板 復古 男鞋/女鞋 - Originals IH2219,https://www.momoshop.com.tw/goods/GoodsDetail.jsp?i_code=13357358&Area=search&mdiv=403&oid=1_24&cid=index&kw=Adidas%2BSamba,1770,momo 即時搜尋資料
2026-05-21,Adidas Samba,男鞋,momo購物網,【adidas 愛迪達】SAMBA OG 運動休閒鞋 德訓鞋 滑板 復古 男鞋/女鞋 Originals JR0894,https://www.momoshop.com.tw/goods/GoodsDetail.jsp?i_code=14572162&Area=search&mdiv=403&oid=1_17&cid=index&kw=Adidas%2BSamba,1847,momo 即時搜尋資料
2026-05-21,Adidas Samba,男鞋,momo購物網,【adidas 愛迪達】SAMBA ADV 運動休閒鞋 德訓鞋 滑板 男鞋/女鞋 - Originals JR7108,https://www.momoshop.com.tw/goods/GoodsDetail.jsp?i_code=14709113&Area=search&mdiv=403&oid=1_5&cid=index&kw=Adidas%2BSamba,1847,momo 即時搜尋資料
2026-05-21,Adidas Samba,男鞋,momo購物網,【adidas 愛迪達】SAMBA OG 運動休閒鞋 德訓鞋 滑板 復古 男鞋/女鞋 Originals JR0893,https://www.momoshop.com.tw/goods/GoodsDetail.jsp?i_code=14572158&Area=search&mdiv=403&oid=1_9&cid=index&kw=Adidas%2BSamba,1847,momo 即時搜尋資料
2026-05-21,Adidas Samba,男鞋,momo購物網,【adidas 愛迪達】Originals Samba OG 男鞋 女鞋 白灰黑 焦糖底 德訓鞋 復古 桑巴鞋 休閒鞋 愛迪達 B75806,https://www.momoshop.com.tw/goods/GoodsDetail.jsp?i_code=11892295&Area=search&mdiv=403&oid=1_12&cid=index&kw=Adidas%2BSamba,2599,momo 即時搜尋資料
2026-05-21,Adidas Samba,男鞋,momo購物網,【adidas 愛迪達】SAMBA OG 休閒鞋 運動休閒鞋 德訓鞋 滑板 復古 男鞋/女鞋 - Originals B75806,https://www.momoshop.com.tw/goods/GoodsDetail.jsp?i_code=11135766&Area=search&mdiv=403&oid=1_21&cid=index&kw=Adidas%2BSamba,3490,momo 即時搜尋資料
2026-05-21,Adidas Samba,女鞋,PChome,休閒鞋 Samba Messi 男鞋 女鞋 梅西 米白 灰 德訓鞋 JQ0266,https://24h.pchome.com.tw/prod/DXAX69-A900IJ0LQ,2046,PChome 即時資料
2026-05-21,Adidas Samba,女鞋,PChome,德訓鞋 Samba OG W 女鞋 米白 綠 復古 休閒鞋 IH2752,https://24h.pchome.com.tw/prod/DXAX69-A900J025G,2046,PChome 即時資料
2026-05-21,Adidas Samba,女鞋,PChome,休閒鞋 Samba LT W 女鞋 綠 銀 翻折鞋舌 復古 皮革 德訓鞋 愛迪達 JP6144,https://24h.pchome.com.tw/prod/DXAX69-A900J034H,2046,PChome 即時資料
2026-05-21,Adidas Samba,女鞋,PChome,休閒鞋 Samba OG 男鞋 女鞋 米 紅 復古 德訓鞋 愛迪達 JS3830,https://24h.pchome.com.tw/prod/DXAX69-A900J4234,2046,PChome 即時資料
2026-05-21,Adidas Samba,女鞋,PChome,休閒鞋 Samba OG 男鞋 女鞋 白 黑 麂皮 皮革 復古 低筒 德訓鞋 IF3814,https://24h.pchome.com.tw/prod/DXAX69-A900J4LL7,2132,PChome 即時資料
2026-05-21,Adidas Samba,女鞋,PChome,休閒鞋 Samba OG 男鞋 女鞋 黑 白Jeremy Scott 聯名 拉鍊 德訓鞋 愛迪達 JQ8835,https://24h.pchome.com.tw/prod/DXAX69-A900J18AN,2132,PChome 即時資料
2026-05-21,Adidas Samba,女鞋,PChome,瑪莉珍鞋 Samba Jane W 女鞋 白 黑 膠底 麂皮 休閒鞋 復古 JR1402,https://24h.pchome.com.tw/prod/DXAX69-A900J0UI6,2132,PChome 即時資料
2026-05-21,Adidas Samba,女鞋,PChome,休閒鞋 Samba OG 男鞋 女鞋 黑皮革 麂皮 復古 德訓鞋  IE3438,https://24h.pchome.com.tw/prod/DXAX0T-A900HB3PH,2132,PChome 即時資料
2026-05-21,Adidas Samba,女鞋,PChome,德訓鞋 Samba OG W 女鞋 紫 米白 金屬皮革 低筒 復古 休閒鞋 JI4219,https://24h.pchome.com.tw/prod/DXAX69-A900J5PI6,2132,PChome 即時資料
2026-05-21,Adidas Samba,女鞋,PChome,休閒鞋 Samba OG W 女鞋 黑灰 荷葉邊 德訓鞋 復古 愛迪達 JR8831,https://24h.pchome.com.tw/prod/DXAX69-A900J9J0N,2132,PChome 即時資料
2026-05-21,Adidas Samba,女鞋,PChome,休閒鞋 Samba OG W 女鞋 黑 德訓鞋 復古 亮粉 愛迪達 KI6265,https://24h.pchome.com.tw/prod/DXAX69-A900J93V1,2218,PChome 即時資料
2026-05-21,Adidas Samba,女鞋,PChome,瑪莉珍鞋 Samba Jane W 女鞋 紅 白 膠底 麂皮 休閒鞋 復古 愛迪達  JQ6446,https://24h.pchome.com.tw/prod/DXAX69-A900J0UH5,2218,PChome 即時資料
2026-05-21,Adidas Samba,女鞋,PChome,休閒鞋 Samba OG W 女鞋 雲白 光暈藍 復古 生膠底 經典 德訓鞋 IE0877,https://24h.pchome.com.tw/prod/DXAX69-A900IJMIE,2218,PChome 即時資料
2026-05-21,Adidas Samba,女鞋,PChome,x NAKED x MAHA Samba MN 休閒鞋 三方聯名 男鞋 女鞋 黑 德訓鞋 IH3566,https://24h.pchome.com.tw/prod/DXAX69-A900I6CBI,2304,PChome 即時資料
2026-05-21,Adidas Samba,女鞋,PChome,x 101忠狗 Samba OG 男鞋 女鞋 聯名休閒鞋 迪士尼 米白 德訓鞋 愛迪達 KJ5990,https://24h.pchome.com.tw/prod/DXAX69-A900J0UJ9,2311,PChome 即時資料
2026-05-21,Adidas Samba,女鞋,PChome,休閒鞋 Samba OG 男鞋 女鞋 黑 白 皮革 焦糖底 麂皮 復古 B75807,https://24h.pchome.com.tw/prod/DXAX69-A900I1ZWD,2888,PChome 即時資料
2026-05-21,Adidas Samba,女鞋,PChome,休閒鞋 Samba OG 男女鞋 城市版 珍珠奶茶 珍奶 德訓鞋 BUBBLE TEA TAIPEI JP5197,https://24h.pchome.com.tw/prod/DXAX69-A900IU5PN,2980,PChome 即時資料
2026-05-21,Adidas Samba,女鞋,PChome,休閒鞋 Samba OG 男鞋 女鞋 白 黑 皮革 麂皮 焦糖底 森巴 復古 B75806,https://24h.pchome.com.tw/prod/DXAX0T-A900GK78A,2988,PChome 即時資料
2026-05-21,Adidas Samba,女鞋,PChome,休閒鞋 Samba JJJJound 男鞋 女鞋 卡其 棕 麂皮 Tobacco 聯名 愛迪達 ID8709,https://24h.pchome.com.tw/prod/DXAX69-A900J72LE,3080,PChome 即時資料
2026-05-21,Adidas Samba,女鞋,PChome,德訓鞋 Samba OG W 女鞋 銀 白 復古 休閒鞋 爆裂紋 JR0035,https://24h.pchome.com.tw/prod/DXAX69-A900IVQ6H,3180,PChome 即時資料
2026-05-21,Adidas Samba,女鞋,PChome,休閒鞋 Samba OG W 女鞋 Pearl 米白 珍珠 宋雨琦同款 愛迪達 JQ2616,https://24h.pchome.com.tw/prod/DXAX69-A900J93ST,3180,PChome 即時資料
2026-05-21,Adidas Samba,女鞋,PChome,W Adidas Samba OG Easy Mint 象牙白藍 復古 德訓 休閒鞋 女鞋 IG6048,https://24h.pchome.com.tw/prod/DXAX69-A900IX48M,3237,PChome 即時資料
2026-05-21,Adidas Samba,女鞋,momo購物網,【adidas 愛迪達】SAMBA XLG 運動休閒鞋 德訓鞋 滑板 復古 男鞋/女鞋 - Originals IH2219,https://www.momoshop.com.tw/goods/GoodsDetail.jsp?i_code=13357358&Area=search&mdiv=403&oid=1_24&cid=index&kw=Adidas%2BSamba,1770,momo 即時搜尋資料
2026-05-21,Adidas Samba,女鞋,momo購物網,【adidas 愛迪達】SAMBA JANE 休閒鞋 德訓鞋 滑板 復古 女鞋 - Originals JR7338,https://www.momoshop.com.tw/goods/GoodsDetail.jsp?i_code=14476878&Area=search&mdiv=403&oid=1_6&cid=index&kw=Adidas%2BSamba,1770,momo 即時搜尋資料
2026-05-21,Adidas Samba,女鞋,momo購物網,【adidas 愛迪達】SAMBA OG 運動休閒鞋 德訓鞋 滑板 復古 男鞋/女鞋 Originals JR0894,https://www.momoshop.com.tw/goods/GoodsDetail.jsp?i_code=14572162&Area=search&mdiv=403&oid=1_17&cid=index&kw=Adidas%2BSamba,1847,momo 即時搜尋資料
2026-05-21,Adidas Samba,女鞋,momo購物網,【adidas 愛迪達】SAMBA ADV 運動休閒鞋 德訓鞋 滑板 男鞋/女鞋 - Originals JR7108,https://www.momoshop.com.tw/goods/GoodsDetail.jsp?i_code=14709113&Area=search&mdiv=403&oid=1_5&cid=index&kw=Adidas%2BSamba,1847,momo 即時搜尋資料
2026-05-21,Adidas Samba,女鞋,momo購物網,【adidas 愛迪達】SAMBA OG 運動休閒鞋 德訓鞋 滑板 復古 女鞋 - Originals JR8843,https://www.momoshop.com.tw/goods/GoodsDetail.jsp?i_code=14562997&Area=search&mdiv=403&oid=1_22&cid=index&kw=Adidas%2BSamba,1847,momo 即時搜尋資料
2026-05-21,Adidas Samba,女鞋,momo購物網,【adidas 愛迪達】SAMBA OG 運動休閒鞋 德訓鞋 滑板 復古 女鞋 - Originals IH9127,https://www.momoshop.com.tw/goods/GoodsDetail.jsp?i_code=14708984&Area=search&mdiv=403&oid=1_7&cid=index&kw=Adidas%2BSamba,1847,momo 即時搜尋資料
2026-05-21,Adidas Samba,女鞋,momo購物網,【adidas 愛迪達】SAMBA OG 運動休閒鞋 德訓鞋 滑板 復古 男鞋/女鞋 Originals JR0893,https://www.momoshop.com.tw/goods/GoodsDetail.jsp?i_code=14572158&Area=search&mdiv=403&oid=1_9&cid=index&kw=Adidas%2BSamba,1847,momo 即時搜尋資料
2026-05-21,Adidas Samba,女鞋,momo購物網,【adidas 愛迪達】運動鞋 休閒鞋 女鞋 SAMBA OG W(ID0478&JS1392&JS1391),https://www.momoshop.com.tw/goods/GoodsDetail.jsp?i_code=14716021&Area=search&mdiv=403&oid=1_2&cid=index&kw=Adidas%2BSamba,2052,momo 即時搜尋資料
2026-05-21,Adidas Samba,女鞋,momo購物網,【adidas 愛迪達】SAMBA OG 運動休閒鞋 德訓鞋 滑板 復古 女鞋 - Originals KI6264,https://www.momoshop.com.tw/goods/GoodsDetail.jsp?i_code=14242196&Area=search&mdiv=403&oid=1_15&cid=index&kw=Adidas%2BSamba,2078,momo 即時搜尋資料
2026-05-21,Adidas Samba,女鞋,momo購物網,【adidas 愛迪達】SAMBA OG 運動休閒鞋 德訓鞋 滑板 復古 女鞋 - Originals JQ2616,https://www.momoshop.com.tw/goods/GoodsDetail.jsp?i_code=14414346&Area=search&mdiv=403&oid=1_11&cid=index&kw=Adidas%2BSamba,2309,momo 即時搜尋資料
2026-05-21,Adidas Samba,女鞋,momo購物網,【adidas 愛迪達】SAMBA ADV 運動休閒鞋 德訓鞋 滑板 復古 女鞋 - Originals IH9052,https://www.momoshop.com.tw/goods/GoodsDetail.jsp?i_code=14708988&Area=search&mdiv=403&oid=1_23&cid=index&kw=Adidas%2BSamba,2509,momo 即時搜尋資料
2026-05-21,Adidas Samba,女鞋,momo購物網,【adidas 愛迪達】Originals Samba OG 男鞋 女鞋 白灰黑 焦糖底 德訓鞋 復古 桑巴鞋 休閒鞋 愛迪達 B75806,https://www.momoshop.com.tw/goods/GoodsDetail.jsp?i_code=11892295&Area=search&mdiv=403&oid=1_12&cid=index&kw=Adidas%2BSamba,2599,momo 即時搜尋資料
2026-05-21,Adidas Samba,女鞋,momo購物網,【adidas 愛迪達】SAMBA OG 休閒鞋 運動休閒鞋 德訓鞋 滑板 復古 女鞋 - Originals ID0478,https://www.momoshop.com.tw/goods/GoodsDetail.jsp?i_code=12608660&Area=search&mdiv=403&oid=1_25&cid=index&kw=Adidas%2BSamba,2687,momo 即時搜尋資料
2026-05-21,Adidas Samba,女鞋,momo購物網,【adidas 愛迪達】SAMBA OG 運動休閒鞋 德訓鞋 滑板 復古  女鞋 - Originals JI2725,https://www.momoshop.com.tw/goods/GoodsDetail.jsp?i_code=13553827&Area=search&mdiv=403&oid=1_20&cid=index&kw=Adidas%2BSamba,2687,momo 即時搜尋資料
2026-05-21,Adidas Samba,女鞋,momo購物網,【adidas 愛迪達】SAMBA OG 運動休閒鞋 滑板 德訓鞋 復古 女鞋 - Originals IH4003,https://www.momoshop.com.tw/goods/GoodsDetail.jsp?i_code=15015042&Area=search&mdiv=403&oid=1_18&cid=index&kw=Adidas%2BSamba,2687,momo 即時搜尋資料
2026-05-21,Adidas Samba,女鞋,momo購物網,【adidas 愛迪達】SAMBA OG 運動休閒鞋 德訓鞋 滑板 復古 女鞋 - Originals JR0035,https://www.momoshop.com.tw/goods/GoodsDetail.jsp?i_code=13668833&Area=search&mdiv=403&oid=1_19&cid=index&kw=Adidas%2BSamba,2995,momo 即時搜尋資料
2026-05-21,Adidas Samba,女鞋,momo購物網,【adidas 愛迪達】SAMBA OG 休閒鞋 運動休閒鞋 德訓鞋 滑板 復古 男鞋/女鞋 - Originals B75806,https://www.momoshop.com.tw/goods/GoodsDetail.jsp?i_code=11135766&Area=search&mdiv=403&oid=1_21&cid=index&kw=Adidas%2BSamba,3490,momo 即時搜尋資料
2026-05-21,Adidas Samba,女鞋,momo購物網,【adidas 愛迪達】SAMBA JANE 休閒鞋 滑板 德訓鞋 瑪莉珍鞋 復古 女鞋 - Originals KJ3970,https://www.momoshop.com.tw/goods/GoodsDetail.jsp?i_code=15201729&Area=search&mdiv=403&oid=1_4&cid=index&kw=Adidas%2BSamba,3690,momo 即時搜尋資料
2026-05-21,Adidas Samba,女鞋,momo購物網,【adidas 愛迪達】SAMBA JANE W 女款 休閒鞋 T字 瑪莉珍鞋 德訓鞋 咖啡色 HP7130, https://www.momoshop.com.tw/TP/TP0003906/goodsDetail/TP00039060003414,3690,momo 即時搜尋資料
2026-05-21,Adidas Samba,女鞋,momo購物網,【adidas 愛迪達】KH7719 adidas originals Samba Mule 舒適貼合 無特殊功能包頭拖鞋 女款 淺米, https://www.momoshop.com.tw/TP/TP0009562/goodsDetail/TP00095620011767,5450,momo 即時搜尋資料
2026-05-21,Adidas Samba,童鞋,momo購物網,【adidas 愛迪達】SAMBA OG 休閒鞋 運動休閒鞋 德訓鞋 滑板 復古 嬰幼童鞋 - Originals IE3679,https://www.momoshop.com.tw/goods/GoodsDetail.jsp?i_code=11714146&Area=search&mdiv=403&oid=1_14&cid=index&kw=Adidas%2BSamba,1532,momo 即時搜尋資料
2026-05-21,Adidas Samba,童鞋,momo購物網,【adidas 愛迪達】SAMBA OG 休閒鞋 運動休閒鞋 德訓鞋 滑板 復古 童鞋- Originals IE3677,https://www.momoshop.com.tw/goods/GoodsDetail.jsp?i_code=11714150&Area=search&mdiv=403&oid=1_3&cid=index&kw=Adidas%2BSamba,1840,momo 即時搜尋資料
2026-05-21,Adidas Samba,全部,PChome,休閒鞋 Samba Messi 男鞋 女鞋 梅西 米白 灰 德訓鞋 JQ0266,https://24h.pchome.com.tw/prod/DXAX69-A900IJ0LQ,2046,PChome 即時資料
2026-05-21,Adidas Samba,全部,PChome,德訓鞋 Samba OG W 女鞋 米白 綠 復古 休閒鞋 IH2752,https://24h.pchome.com.tw/prod/DXAX69-A900J025G,2046,PChome 即時資料
2026-05-21,Adidas Samba,全部,PChome,休閒鞋 Samba LT W 女鞋 綠 銀 翻折鞋舌 復古 皮革 德訓鞋 愛迪達 JP6144,https://24h.pchome.com.tw/prod/DXAX69-A900J034H,2046,PChome 即時資料
2026-05-21,Adidas Samba,全部,PChome,休閒鞋 Samba OG 男鞋 女鞋 米 紅 復古 德訓鞋 愛迪達 JS3830,https://24h.pchome.com.tw/prod/DXAX69-A900J4234,2046,PChome 即時資料
2026-05-21,Adidas Samba,全部,PChome,【ADIDAS】SAMBA OG 男女 休閒鞋-ID2054,https://24h.pchome.com.tw/prod/DXAX2Y-A900HBSQ9,2074,PChome 即時資料
2026-05-21,Adidas Samba,全部,PChome,休閒鞋 Samba OG 男鞋 女鞋 白 黑 麂皮 皮革 復古 低筒 德訓鞋 IF3814,https://24h.pchome.com.tw/prod/DXAX69-A900J4LL7,2132,PChome 即時資料
2026-05-21,Adidas Samba,全部,PChome,休閒鞋 Samba OG 男鞋 女鞋 黑 白Jeremy Scott 聯名 拉鍊 德訓鞋 愛迪達 JQ8835,https://24h.pchome.com.tw/prod/DXAX69-A900J18AN,2132,PChome 即時資料
2026-05-21,Adidas Samba,全部,PChome,瑪莉珍鞋 Samba Jane W 女鞋 白 黑 膠底 麂皮 休閒鞋 復古 JR1402,https://24h.pchome.com.tw/prod/DXAX69-A900J0UI6,2132,PChome 即時資料
2026-05-21,Adidas Samba,全部,PChome,休閒鞋 Samba OG 男鞋 女鞋 黑皮革 麂皮 復古 德訓鞋  IE3438,https://24h.pchome.com.tw/prod/DXAX0T-A900HB3PH,2132,PChome 即時資料
2026-05-21,Adidas Samba,全部,PChome,德訓鞋 Samba OG W 女鞋 紫 米白 金屬皮革 低筒 復古 休閒鞋 JI4219,https://24h.pchome.com.tw/prod/DXAX69-A900J5PI6,2132,PChome 即時資料
2026-05-21,Adidas Samba,全部,PChome,休閒鞋 Samba OG W 女鞋 黑灰 荷葉邊 德訓鞋 復古 愛迪達 JR8831,https://24h.pchome.com.tw/prod/DXAX69-A900J9J0N,2132,PChome 即時資料
2026-05-21,Adidas Samba,全部,PChome,ADIDAS 休閒鞋 SAMBA OG 白棕 焦底 復古 德訓鞋 男女 JH8796,https://24h.pchome.com.tw/prod/DXAX7V-A900J9G6B,2207,PChome 即時資料
2026-05-21,Adidas Samba,全部,PChome,休閒鞋 Samba OG W 女鞋 黑 德訓鞋 復古 亮粉 愛迪達 KI6265,https://24h.pchome.com.tw/prod/DXAX69-A900J93V1,2218,PChome 即時資料
2026-05-21,Adidas Samba,全部,PChome,瑪莉珍鞋 Samba Jane W 女鞋 紅 白 膠底 麂皮 休閒鞋 復古 愛迪達  JQ6446,https://24h.pchome.com.tw/prod/DXAX69-A900J0UH5,2218,PChome 即時資料
2026-05-21,Adidas Samba,全部,PChome,休閒鞋 Samba OG W 女鞋 雲白 光暈藍 復古 生膠底 經典 德訓鞋 IE0877,https://24h.pchome.com.tw/prod/DXAX69-A900IJMIE,2218,PChome 即時資料
2026-05-21,Adidas Samba,全部,PChome,x NAKED x MAHA Samba MN 休閒鞋 三方聯名 男鞋 女鞋 黑 德訓鞋 IH3566,https://24h.pchome.com.tw/prod/DXAX69-A900I6CBI,2304,PChome 即時資料
2026-05-21,Adidas Samba,全部,PChome,x 101忠狗 Samba OG 男鞋 女鞋 聯名休閒鞋 迪士尼 米白 德訓鞋 愛迪達 KJ5990,https://24h.pchome.com.tw/prod/DXAX69-A900J0UJ9,2311,PChome 即時資料
2026-05-21,Adidas Samba,全部,PChome,Adidas Samba XLG [JQ7440] 男女 運動休閒鞋 復古 厚底 膠底 穿搭 白 牛仔藍,https://24h.pchome.com.tw/prod/DXAX69-A900J877U,2529,PChome 即時資料
2026-05-21,Adidas Samba,全部,PChome,Adidas Samba OG W IG5932 女 運動休閒鞋 復古 德訓鞋 舒適 百搭 膠底 白 橘,https://24h.pchome.com.tw/prod/DXAX69-A900I3DVY,2757,PChome 即時資料
2026-05-21,Adidas Samba,全部,PChome,Adidas Samba OG W ID0478 女 休閒鞋 運動 經典 復古 德訓鞋 皮革 麂皮 流行 穿搭 米黑,https://24h.pchome.com.tw/prod/DXAX2Y-A900HTFSW,2757,PChome 即時資料
2026-05-21,Adidas Samba,全部,PChome,Adidas Samba Og W JI2677 女 運動休閒鞋 舒適 白 粉紅,https://24h.pchome.com.tw/prod/DXAX69-A900IJ45A,2757,PChome 即時資料
2026-05-21,Adidas Samba,全部,PChome,Adidas 愛迪達 Samba OG W JS1361 女 運動休閒鞋 德訓鞋 舒適 米,https://24h.pchome.com.tw/prod/DXAX69-A900J87EW,2757,PChome 即時資料
2026-05-21,Adidas Samba,全部,PChome,Adidas Samba Og JH8796 男女 運動休閒鞋 德訓鞋 復古 舒適 白 棕,https://24h.pchome.com.tw/prod/DXAX69-A900IKDPU,2757,PChome 即時資料
2026-05-21,Adidas Samba,全部,PChome,Adidas Samba OG W IG1963 女 休閒鞋 經典 三葉草 復古 德訓鞋 膠底 米白 綠,https://24h.pchome.com.tw/prod/DXAX2Y-A900HN56I,2757,PChome 即時資料
2026-05-21,Adidas Samba,全部,PChome,Adidas Samba OG W JI2729 女 運動休閒鞋 德訓鞋 復古 百搭 沙色,https://24h.pchome.com.tw/prod/DXAX69-A900I5S0V,2757,PChome 即時資料
2026-05-21,Adidas Samba,全部,PChome,Adidas Samba OG ID1381 男女 休閒鞋 復古 德訓鞋 皮革 膠底 愛迪達 白 藍,https://24h.pchome.com.tw/prod/DXAX2Y-A900HO4N9,2757,PChome 即時資料
2026-05-21,Adidas Samba,全部,PChome,Adidas Samba OG W IF6513 女 休閒鞋 經典 復古 德訓鞋 皮革 膠底 百搭 穿搭 白 紅,https://24h.pchome.com.tw/prod/DXAX2Y-A900HLSYN,2757,PChome 即時資料
2026-05-21,Adidas Samba,全部,PChome,Adidas Samba OG W IG1962 女 休閒鞋 經典 三葉草 復古 德訓鞋 膠底 米白 粉紅,https://24h.pchome.com.tw/prod/DXAX2Y-A900HN5CY,2757,PChome 即時資料
2026-05-21,Adidas Samba,全部,PChome,Adidas Samba Og W JS1351 女 運動休閒鞋 德訓鞋 滑板 復古 舒適 白米 粉紅,https://24h.pchome.com.tw/prod/DXAX69-A900J0GZX,2757,PChome 即時資料
2026-05-21,Adidas Samba,全部,PChome,Adidas Samba Og JH5632 男女 運動休閒鞋 德訓鞋 麂皮 復古 舒適 白 藍,https://24h.pchome.com.tw/prod/DXAX69-A900IZ0GV,2757,PChome 即時資料
2026-05-21,Adidas Samba,全部,PChome,Adidas Samba OG IF3813 男女 休閒鞋 經典 復古 德訓鞋 皮革 膠底 流行 穿搭 白 酒紅,https://24h.pchome.com.tw/prod/DXAX2Y-A900HLT9N,2757,PChome 即時資料
2026-05-21,Adidas Samba,全部,PChome,Adidas Samba OG IF3814 男女 休閒鞋 經典 復古 德訓鞋 皮革 膠底 流行 穿搭 白 深藍,https://24h.pchome.com.tw/prod/DXAX2Y-A900HNSN5,2757,PChome 即時資料
2026-05-21,Adidas Samba,全部,PChome,Adidas Samba OG JQ0012 男女 運動休閒鞋 德訓鞋 復古鞋 舒適 穿搭 銀灰 紅,https://24h.pchome.com.tw/prod/DXAX69-A900IATGS,2757,PChome 即時資料
2026-05-21,Adidas Samba,全部,PChome,Adidas Samba OG IG1024 男女 休閒鞋 運動 經典 復古 德訓鞋 皮革 膠底 流行 穿搭 白綠,https://24h.pchome.com.tw/prod/DXAX2Y-A900HLTDQ,2757,PChome 即時資料
2026-05-21,Adidas Samba,全部,PChome,Adidas Samba OG ID2054 男女 休閒鞋 運動 經典 復古 Originals 皮革 膠底 綠,https://24h.pchome.com.tw/prod/DXAX69-A900J9B5D,2757,PChome 即時資料
2026-05-21,Adidas Samba,全部,PChome,Adidas Samba OG W IF6514 女 休閒鞋 經典 復古 德訓鞋 皮革 膠底 百搭 穿搭 白 藍紫,https://24h.pchome.com.tw/prod/DXAX2Y-A900HLSYB,2757,PChome 即時資料
2026-05-21,Adidas Samba,全部,PChome,Adidas Samba OG JH8797 男女 運動休閒鞋 德訓鞋 復古 三葉草 膠底 穿搭 白 綠,https://24h.pchome.com.tw/prod/DXAX69-A900I88E4,2757,PChome 即時資料
2026-05-21,Adidas Samba,全部,PChome,Adidas Samba OG ID2047 男 休閒鞋 運動 經典 復古 三葉草 麂皮 流行 穿搭 裸粉 奶茶,https://24h.pchome.com.tw/prod/DXAX2Y-A900HLSRY,2757,PChome 即時資料
2026-05-21,Adidas Samba,全部,PChome,Adidas Samba Og W JR8821 女 運動休閒鞋 德訓鞋 皮革 舒適 棕,https://24h.pchome.com.tw/prod/DXAX69-A900J1GP5,2757,PChome 即時資料
2026-05-21,Adidas Samba,全部,PChome,Adidas 愛迪達 Samba OG JR0913 男 運動休閒鞋 德訓鞋 復古 舒適 灰黑 白,https://24h.pchome.com.tw/prod/DXAX69-A900J8WLF,2757,PChome 即時資料
2026-05-21,Adidas Samba,全部,PChome,Adidas 愛迪達 Samba OG JH5633 男女 運動休閒鞋 德訓鞋 復古 舒適 白 黑,https://24h.pchome.com.tw/prod/DXAX69-A900J876U,2757,PChome 即時資料
2026-05-21,Adidas Samba,全部,PChome,Adidas 愛迪達 Samba OG W JR9446 女 運動休閒鞋 德訓鞋 舒適 米 卡其,https://24h.pchome.com.tw/prod/DXAX69-A900J8790,2757,PChome 即時資料
2026-05-21,Adidas Samba,全部,PChome,Adidas Samba Og JI3184 男女 運動休閒鞋 德訓鞋 復古 編織 舒適 棕,https://24h.pchome.com.tw/prod/DXAX69-A900IW6XJ,2757,PChome 即時資料
2026-05-21,Adidas Samba,全部,PChome,Adidas Samba Messi Miami [IH8158] 男女 休閒鞋 經典 復古 聯名款 芭比粉 黑,https://24h.pchome.com.tw/prod/DXAX69-A900IQI8T,2768,PChome 即時資料
2026-05-21,Adidas Samba,全部,PChome,SAMBA OG 男 休閒鞋 JR0891,https://24h.pchome.com.tw/prod/DXAX69-A900J7S3U,2775,PChome 即時資料
2026-05-21,Adidas Samba,全部,PChome,ADIDAS 休閒鞋 SAMBA LT 白黑色 翻鞋舌 復古 德訓鞋 女 JI3199,https://24h.pchome.com.tw/prod/DXAX7V-A900J9K5A,2780,PChome 即時資料
2026-05-21,Adidas Samba,全部,PChome,SAMBA OG 休閒鞋 男 銀 白-JQ0012,https://24h.pchome.com.tw/prod/DXAX69-A900IAR3Z,2882,PChome 即時資料
2026-05-21,Adidas Samba,全部,PChome,休閒鞋 Samba OG 男鞋 女鞋 黑 白 皮革 焦糖底 麂皮 復古 B75807,https://24h.pchome.com.tw/prod/DXAX69-A900I1ZWD,2888,PChome 即時資料
2026-05-21,Adidas Samba,全部,PChome,Adidas Samba Messi ID3550 男女 休閒鞋 運動 經典 德訓鞋 阿根廷隊 梅西 穿搭 白藍,https://24h.pchome.com.tw/prod/DXAX2Y-A900HLTFJ,2915,PChome 即時資料
2026-05-21,Adidas Samba,全部,PChome,Adidas Samba Jp JQ9056 男女 運動休閒鞋 德訓鞋 滑板 復古 膠底 舒適 黑 白,https://24h.pchome.com.tw/prod/DXAX69-A900J07HW,2915,PChome 即時資料
2026-05-21,Adidas Samba,全部,PChome,休閒鞋 Samba OG 男女鞋 城市版 珍珠奶茶 珍奶 德訓鞋 BUBBLE TEA TAIPEI JP5197,https://24h.pchome.com.tw/prod/DXAX69-A900IU5PN,2980,PChome 即時資料
2026-05-21,Adidas Samba,全部,PChome,休閒鞋 Samba OG 男鞋 女鞋 白 黑 皮革 麂皮 焦糖底 森巴 復古 B75806,https://24h.pchome.com.tw/prod/DXAX0T-A900GK78A,2988,PChome 即時資料
2026-05-21,Adidas Samba,全部,PChome,Adidas Samba XLG JQ7440 男女 運動休閒鞋 復古 厚底 膠底 穿搭 白 牛仔藍,https://24h.pchome.com.tw/prod/DXAX69-A900IF2RE,3073,PChome 即時資料
2026-05-21,Adidas Samba,全部,PChome,Adidas Samba OG JP5675 男女 運動休閒鞋 德訓鞋 復古 舒適 棕綠 紫,https://24h.pchome.com.tw/prod/DXAX69-A900J877L,3073,PChome 即時資料
2026-05-21,Adidas Samba,全部,PChome,Adidas Samba LT IE9169 男 休閒鞋 運動 復古 滑板 翻折鞋舌 德訓鞋 愛迪達 米白 藍,https://24h.pchome.com.tw/prod/DXAX2Y-A900HW4NP,3073,PChome 即時資料
2026-05-21,Adidas Samba,全部,PChome,Adidas 愛迪達 Samba OG KJ5990 男女 運動休閒鞋 迪士尼 101忠狗 舒適 白 黑,https://24h.pchome.com.tw/prod/DXAX69-A900J87AD,3073,PChome 即時資料
2026-05-21,Adidas Samba,全部,PChome,Adidas Samba OG ID1141 男女 休閒鞋 經典 復古 三葉草 皮革 麂皮 流行 穿搭 膠底 黑棕,https://24h.pchome.com.tw/prod/DXAX2Y-A900HLSGE,3073,PChome 即時資料
2026-05-21,Adidas Samba,全部,PChome,Adidas Samba OG W KI6265 女 運動休閒鞋 德訓鞋 舒適 黑,https://24h.pchome.com.tw/prod/DXAX69-A900J52IC,3073,PChome 即時資料
2026-05-21,Adidas Samba,全部,PChome,Adidas Samba XLG IE1379 男女 休閒鞋 經典 復古 德訓鞋 焦糖底 厚底 流行 穿搭 黑白,https://24h.pchome.com.tw/prod/DXAX2Y-A900HNSNF,3073,PChome 即時資料
2026-05-21,Adidas Samba,全部,PChome,Adidas 愛迪達 Samba OG KI7433 男女 運動休閒鞋 TAIPEI 台式炸雞排 舒適 米 橘,https://24h.pchome.com.tw/prod/DXAX69-A900J874C,3073,PChome 即時資料
2026-05-21,Adidas Samba,全部,PChome,Adidas Samba XLG IE1377 男女 休閒鞋 經典 復古 德訓鞋 焦糖底 厚底 流行 穿搭 白黑,https://24h.pchome.com.tw/prod/DXAX2Y-A900HNSNH,3073,PChome 即時資料
2026-05-21,Adidas Samba,全部,PChome,Adidas Samba OG W KI6264 女 運動休閒鞋 德訓鞋 舒適 銀 白,https://24h.pchome.com.tw/prod/DXAX69-A900J52LR,3073,PChome 即時資料
2026-05-21,Adidas Samba,全部,PChome,休閒鞋 Samba JJJJound 男鞋 女鞋 卡其 棕 麂皮 Tobacco 聯名 愛迪達 ID8709,https://24h.pchome.com.tw/prod/DXAX69-A900J72LE,3080,PChome 即時資料
2026-05-21,Adidas Samba,全部,PChome,德訓鞋 Samba OG 男鞋 海軍藍 奶油黃 復古 麂皮 休閒鞋 焦糖底 ID2056,https://24h.pchome.com.tw/prod/DXAX69-A900IFXV3,3180,PChome 即時資料
2026-05-21,Adidas Samba,全部,PChome,德訓鞋 Samba OG W 女鞋 銀 白 復古 休閒鞋 爆裂紋 JR0035,https://24h.pchome.com.tw/prod/DXAX69-A900IVQ6H,3180,PChome 即時資料
2026-05-21,Adidas Samba,全部,PChome,休閒鞋 Samba OG W 女鞋 Pearl 米白 珍珠 宋雨琦同款 愛迪達 JQ2616,https://24h.pchome.com.tw/prod/DXAX69-A900J93ST,3180,PChome 即時資料
2026-05-21,Adidas Samba,全部,PChome,SAMBA OG W 休閒鞋 女 馬毛鞋面 酒紅色-JP5330,https://24h.pchome.com.tw/prod/DXAX69-A900IAR3J,3204,PChome 即時資料
2026-05-21,Adidas Samba,全部,PChome,W Adidas Samba OG Easy Mint 象牙白藍 復古 德訓 休閒鞋 女鞋 IG6048,https://24h.pchome.com.tw/prod/DXAX69-A900IX48M,3237,PChome 即時資料
2026-05-21,Adidas Samba,全部,PChome,SAMBA OG x TAIPEI台式炸雞排 男女 休閒鞋 KI7433,https://24h.pchome.com.tw/prod/DXAX69-A900J9VY1,3242,PChome 即時資料
2026-05-21,Adidas Samba,全部,PChome,Adidas Samba Home W IH5504 男女 休閒鞋 麵包鞋 舒適 百搭 尼龍 奶茶,https://24h.pchome.com.tw/prod/DXAX69-A900IFS1L,3290,PChome 即時資料
2026-05-21,Adidas Samba,全部,PChome,Adidas Samba OG JP5197 男女 運動休閒鞋 德訓鞋 台北限定款 珍珠奶茶 穿搭 舒適 米黑,https://24h.pchome.com.tw/prod/DXAX69-A900IAR7M,3321,PChome 即時資料
2026-05-21,Adidas Samba,全部,PChome,Adidas 愛迪達 Samba OG W JQ2616 女 運動休閒鞋 德訓鞋 珍珠蕾絲 舒適 米 灰,https://24h.pchome.com.tw/prod/DXAX69-A900J87DJ,3389,PChome 即時資料
2026-05-21,Adidas Samba,全部,PChome,Adidas Samba OG JQ8835 男女 運動休閒鞋 德訓鞋 復古 舒適 黑 白,https://24h.pchome.com.tw/prod/DXAX69-A900J878E,3389,PChome 即時資料
2026-05-21,Adidas Samba,全部,PChome,Adidas Samba Og W JI2678 女 運動休閒鞋 德訓鞋 復古 舒適 米白 紫,https://24h.pchome.com.tw/prod/DXAX69-A900IKDQC,3490,PChome 即時資料
2026-05-21,Adidas Samba,全部,PChome,Adidas Samba Og W JI2732 女 運動休閒鞋 舒適 棕 橘,https://24h.pchome.com.tw/prod/DXAX69-A900IV9J0,3490,PChome 即時資料
2026-05-21,Adidas Samba,全部,PChome,SAMBA OG W 女 休閒鞋 JS1362,https://24h.pchome.com.tw/prod/DXAX69-A900J7S4F,3490,PChome 即時資料
2026-05-21,Adidas Samba,全部,PChome,Adidas Samba OG 平底白色 男鞋 休閒鞋 B75806,https://24h.pchome.com.tw/prod/DXAX0W-A900HEKY7,3806,PChome 即時資料
2026-05-21,Adidas Samba,全部,momo購物網,【adidas 愛迪達】SAMBA OG 休閒鞋 運動休閒鞋 德訓鞋 滑板 復古 嬰幼童鞋 - Originals IE3679,https://www.momoshop.com.tw/goods/GoodsDetail.jsp?i_code=11714146&Area=search&mdiv=403&oid=1_14&cid=index&kw=Adidas%2BSamba,1532,momo 即時搜尋資料
2026-05-21,Adidas Samba,全部,momo購物網,【adidas 愛迪達】SAMBA XLG 運動休閒鞋 德訓鞋 滑板 復古 男鞋/女鞋 - Originals IH2219,https://www.momoshop.com.tw/goods/GoodsDetail.jsp?i_code=13357358&Area=search&mdiv=403&oid=1_24&cid=index&kw=Adidas%2BSamba,1770,momo 即時搜尋資料
2026-05-21,Adidas Samba,全部,momo購物網,【adidas 愛迪達】SAMBA JANE 休閒鞋 德訓鞋 滑板 復古 女鞋 - Originals JR7338,https://www.momoshop.com.tw/goods/GoodsDetail.jsp?i_code=14476878&Area=search&mdiv=403&oid=1_6&cid=index&kw=Adidas%2BSamba,1770,momo 即時搜尋資料
2026-05-21,Adidas Samba,全部,momo購物網,【adidas 愛迪達】SAMBA OG 休閒鞋 運動休閒鞋 德訓鞋 滑板 復古 童鞋- Originals IE3677,https://www.momoshop.com.tw/goods/GoodsDetail.jsp?i_code=11714150&Area=search&mdiv=403&oid=1_3&cid=index&kw=Adidas%2BSamba,1840,momo 即時搜尋資料
2026-05-21,Adidas Samba,全部,momo購物網,【adidas 愛迪達】SAMBA OG 運動休閒鞋 德訓鞋 滑板 復古 男鞋/女鞋 Originals JR0894,https://www.momoshop.com.tw/goods/GoodsDetail.jsp?i_code=14572162&Area=search&mdiv=403&oid=1_17&cid=index&kw=Adidas%2BSamba,1847,momo 即時搜尋資料
2026-05-21,Adidas Samba,全部,momo購物網,【adidas 愛迪達】SAMBA ADV 運動休閒鞋 德訓鞋 滑板 男鞋/女鞋 - Originals JR7108,https://www.momoshop.com.tw/goods/GoodsDetail.jsp?i_code=14709113&Area=search&mdiv=403&oid=1_5&cid=index&kw=Adidas%2BSamba,1847,momo 即時搜尋資料
2026-05-21,Adidas Samba,全部,momo購物網,【adidas 愛迪達】SAMBA OG 運動休閒鞋 德訓鞋 滑板 復古 女 - Originals JS1351,https://www.momoshop.com.tw/goods/GoodsDetail.jsp?i_code=14155246&Area=search&mdiv=403&oid=1_8&cid=index&kw=Adidas%2BSamba,1847,momo 即時搜尋資料
2026-05-21,Adidas Samba,全部,momo購物網,【adidas 愛迪達】SAMBA OG 運動休閒鞋 德訓鞋 滑板 復古 女鞋 - Originals JR8843,https://www.momoshop.com.tw/goods/GoodsDetail.jsp?i_code=14562997&Area=search&mdiv=403&oid=1_22&cid=index&kw=Adidas%2BSamba,1847,momo 即時搜尋資料
2026-05-21,Adidas Samba,全部,momo購物網,【adidas 愛迪達】SAMBA OG 運動休閒鞋 德訓鞋 滑板 復古 女鞋 - Originals IH9127,https://www.momoshop.com.tw/goods/GoodsDetail.jsp?i_code=14708984&Area=search&mdiv=403&oid=1_7&cid=index&kw=Adidas%2BSamba,1847,momo 即時搜尋資料
2026-05-21,Adidas Samba,全部,momo購物網,【adidas 愛迪達】SAMBA OG 運動休閒鞋 德訓鞋 滑板 復古 男鞋/女鞋 Originals JR0893,https://www.momoshop.com.tw/goods/GoodsDetail.jsp?i_code=14572158&Area=search&mdiv=403&oid=1_9&cid=index&kw=Adidas%2BSamba,1847,momo 即時搜尋資料
2026-05-21,Adidas Samba,全部,momo購物網,【adidas 愛迪達】SAMBA OG 運動休閒鞋 德訓鞋 滑板 復古 男/女 - Originals JR0913,https://www.momoshop.com.tw/goods/GoodsDetail.jsp?i_code=14155093&Area=search&mdiv=403&oid=1_26&cid=index&kw=Adidas%2BSamba,1847,momo 即時搜尋資料
2026-05-21,Adidas Samba,全部,momo購物網,【adidas 愛迪達】運動鞋 休閒鞋 女鞋 SAMBA OG W(ID0478&JS1392&JS1391),https://www.momoshop.com.tw/goods/GoodsDetail.jsp?i_code=14716021&Area=search&mdiv=403&oid=1_2&cid=index&kw=Adidas%2BSamba,2052,momo 即時搜尋資料
2026-05-21,Adidas Samba,全部,momo購物網,【adidas 愛迪達】休閒鞋 德訓鞋 運動鞋 SAMBA OG W 男女 A-IH6628 B-IH6627 C-IH6815 精選四款,https://www.momoshop.com.tw/goods/GoodsDetail.jsp?i_code=14968440&Area=search&mdiv=403&oid=1_27&cid=index&kw=Adidas%2BSamba,2058,momo 即時搜尋資料
2026-05-21,Adidas Samba,全部,momo購物網,【adidas 愛迪達】SAMBA OG 運動休閒鞋 德訓鞋 滑板 復古 女鞋 - Originals KI6264,https://www.momoshop.com.tw/goods/GoodsDetail.jsp?i_code=14242196&Area=search&mdiv=403&oid=1_15&cid=index&kw=Adidas%2BSamba,2078,momo 即時搜尋資料
2026-05-21,Adidas Samba,全部,momo購物網,【adidas 愛迪達】SAMBA OG 運動休閒鞋 德訓鞋 滑板 復古 女鞋 - Originals JQ2616,https://www.momoshop.com.tw/goods/GoodsDetail.jsp?i_code=14414346&Area=search&mdiv=403&oid=1_11&cid=index&kw=Adidas%2BSamba,2309,momo 即時搜尋資料
2026-05-21,Adidas Samba,全部,momo購物網,【adidas 愛迪達】Samba OG 男女 休閒鞋 運動 經典 復古 Originals 皮革 膠底 白黑(B75806),https://www.momoshop.com.tw/goods/GoodsDetail.jsp?i_code=11937297&Area=search&mdiv=403&oid=1_1&cid=index&kw=Adidas%2BSamba,2342,momo 即時搜尋資料
2026-05-21,Adidas Samba,全部,momo購物網,【adidas 愛迪達】Samba OG 男女 休閒鞋 運動 經典 復古 Originals 皮革 膠底 黑白(B75807),https://www.momoshop.com.tw/goods/GoodsDetail.jsp?i_code=12820769&Area=search&mdiv=403&oid=1_16&cid=index&kw=Adidas%2BSamba,2342,momo 即時搜尋資料
2026-05-21,Adidas Samba,全部,momo購物網,【adidas 愛迪達】休閒鞋 運動鞋 SAMBA ADV 男女 A-HQ7541 B-JR7108 C-IH6484,https://www.momoshop.com.tw/goods/GoodsDetail.jsp?i_code=14902113&Area=search&mdiv=403&oid=1_13&cid=index&kw=Adidas%2BSamba,2443,momo 即時搜尋資料
2026-05-21,Adidas Samba,全部,momo購物網,【adidas 愛迪達】SAMBA ADV 運動休閒鞋 德訓鞋 滑板 復古 女鞋 - Originals IH9052,https://www.momoshop.com.tw/goods/GoodsDetail.jsp?i_code=14708988&Area=search&mdiv=403&oid=1_23&cid=index&kw=Adidas%2BSamba,2509,momo 即時搜尋資料
2026-05-21,Adidas Samba,全部,momo購物網,【adidas 愛迪達】Originals Samba OG 男鞋 女鞋 白灰黑 焦糖底 德訓鞋 復古 桑巴鞋 休閒鞋 愛迪達 B75806,https://www.momoshop.com.tw/goods/GoodsDetail.jsp?i_code=11892295&Area=search&mdiv=403&oid=1_12&cid=index&kw=Adidas%2BSamba,2599,momo 即時搜尋資料
2026-05-21,Adidas Samba,全部,momo購物網,【adidas 愛迪達】SAMBA OG 休閒鞋 運動休閒鞋 德訓鞋 滑板 復古 女鞋 - Originals ID0478,https://www.momoshop.com.tw/goods/GoodsDetail.jsp?i_code=12608660&Area=search&mdiv=403&oid=1_25&cid=index&kw=Adidas%2BSamba,2687,momo 即時搜尋資料
2026-05-21,Adidas Samba,全部,momo購物網,【adidas 愛迪達】SAMBA OG 運動休閒鞋 德訓鞋 滑板 復古  女鞋 - Originals JI2725,https://www.momoshop.com.tw/goods/GoodsDetail.jsp?i_code=13553827&Area=search&mdiv=403&oid=1_20&cid=index&kw=Adidas%2BSamba,2687,momo 即時搜尋資料
2026-05-21,Adidas Samba,全部,momo購物網,【adidas 愛迪達】SAMBA OG 運動休閒鞋 滑板 德訓鞋 復古 女鞋 - Originals IH4003,https://www.momoshop.com.tw/goods/GoodsDetail.jsp?i_code=15015042&Area=search&mdiv=403&oid=1_18&cid=index&kw=Adidas%2BSamba,2687,momo 即時搜尋資料
2026-05-21,Adidas Samba,全部,momo購物網,【adidas 愛迪達】Samba Jane W 女 休閒鞋 復古 麂皮 流行 黑 瑪莉珍(KJ3970),https://www.momoshop.com.tw/goods/GoodsDetail.jsp?i_code=15239632&Area=search&mdiv=403&oid=1_10&cid=index&kw=Adidas%2BSamba,2948,momo 即時搜尋資料
2026-05-21,Adidas Samba,全部,momo購物網,【adidas 愛迪達】SAMBA OG 運動休閒鞋 德訓鞋 滑板 復古 女鞋 - Originals JR0035,https://www.momoshop.com.tw/goods/GoodsDetail.jsp?i_code=13668833&Area=search&mdiv=403&oid=1_19&cid=index&kw=Adidas%2BSamba,2995,momo 即時搜尋資料
2026-05-21,Adidas Samba,全部,momo購物網,【adidas 愛迪達】SAMBA OG 休閒鞋 運動休閒鞋 德訓鞋 滑板 復古 男鞋/女鞋 - Originals B75806,https://www.momoshop.com.tw/goods/GoodsDetail.jsp?i_code=11135766&Area=search&mdiv=403&oid=1_21&cid=index&kw=Adidas%2BSamba,3490,momo 即時搜尋資料
2026-05-21,Adidas Samba,全部,momo購物網,【adidas 愛迪達】【Homieee】Adidas Originals Samba Jane 瑪莉珍鞋 Adidas HP7130, https://www.momoshop.com.tw/TP/TP0003091/goodsDetail/TP00030910003194,3580,momo 即時搜尋資料
2026-05-21,Adidas Samba,全部,momo購物網,【adidas 愛迪達】SAMBA JANE 休閒鞋 滑板 德訓鞋 瑪莉珍鞋 復古 女鞋 - Originals KJ3970,https://www.momoshop.com.tw/goods/GoodsDetail.jsp?i_code=15201729&Area=search&mdiv=403&oid=1_4&cid=index&kw=Adidas%2BSamba,3690,momo 即時搜尋資料
2026-05-21,Adidas Samba,全部,momo購物網,【adidas 愛迪達】SAMBA JANE W 女款 休閒鞋 T字 瑪莉珍鞋 德訓鞋 咖啡色 HP7130, https://www.momoshop.com.tw/TP/TP0003906/goodsDetail/TP00039060003414,3690,momo 即時搜尋資料
2026-05-21,Adidas Samba,全部,momo購物網,【adidas 愛迪達】KH7719 adidas originals Samba Mule 舒適貼合 無特殊功能包頭拖鞋 女款 淺米, https://www.momoshop.com.tw/TP/TP0009562/goodsDetail/TP00095620011767,5450,momo 即時搜尋資料
2026-05-21,Nike Basketball,男鞋,momo購物網,【NIKE 耐吉】NIKE BASKETBALL JA3 LET ME BE 男款 李小龍 休閒 籃球鞋 莫蘭特 HF2794-702, https://www.momoshop.com.tw/TP/TP0001540/goodsDetail/TP00015400002716,3580,momo 即時搜尋資料
2026-05-21,Nike Basketball,全部,momo購物網,【NIKE 耐吉】NIKE BASKETBALL JA3 LET ME BE 男款 李小龍 休閒 籃球鞋 莫蘭特 HF2794-702, https://www.momoshop.com.tw/TP/TP0001540/goodsDetail/TP00015400002716,3580,momo 即時搜尋資料
2026-05-21,Running Shoes,男鞋,momo購物網,FitVille JetCore Running shoes 慢跑健行鞋 男款 支撐 防滑, https://www.momoshop.com.tw/TP/TP0009144/goodsDetail/TP00091440000006,2500,momo 即時搜尋資料
2026-05-21,Running Shoes,男鞋,momo購物網,FitVille FlowCore running shoes V3 男款 慢跑健走鞋 寬楦 空間大 寬腳背, https://www.momoshop.com.tw/TP/TP0009144/goodsDetail/TP00091440000007,2500,momo 即時搜尋資料
2026-05-21,Running Shoes,女鞋,momo購物網,FitVille FlowCore running shoes V2 寬楦 跑步健走鞋 女款 舒適, https://www.momoshop.com.tw/TP/TP0009144/goodsDetail/TP00091440000020,2900,momo 即時搜尋資料
2026-05-21,Running Shoes,女鞋,momo購物網,FitVille FlowCore running shoes V5 寬楦 跑步健走鞋 女款 舒適, https://www.momoshop.com.tw/TP/TP0009144/goodsDetail/TP00091440000022,2900,momo 即時搜尋資料
2026-05-21,Running Shoes,女鞋,momo購物網,FitVille FlowCore running shoes V6 寬楦 跑步健走鞋 女款 舒適, https://www.momoshop.com.tw/TP/TP0009144/goodsDetail/TP00091440000023,3200,momo 即時搜尋資料
2026-05-21,Running Shoes,全部,momo購物網,FitVille JetCore Running shoes 慢跑健行鞋 男款 支撐 防滑, https://www.momoshop.com.tw/TP/TP0009144/goodsDetail/TP00091440000006,2500,momo 即時搜尋資料
2026-05-21,Running Shoes,全部,momo購物網,FitVille FlowCore running shoes V3 男款 慢跑健走鞋 寬楦 空間大 寬腳背, https://www.momoshop.com.tw/TP/TP0009144/goodsDetail/TP00091440000007,2500,momo 即時搜尋資料
2026-05-21,Running Shoes,全部,momo購物網,FitVille FlowCore running shoes V2 寬楦 跑步健走鞋 女款 舒適, https://www.momoshop.com.tw/TP/TP0009144/goodsDetail/TP00091440000020,2900,momo 即時搜尋資料
2026-05-21,Running Shoes,全部,momo購物網,FitVille FlowCore running shoes V5 寬楦 跑步健走鞋 女款 舒適, https://www.momoshop.com.tw/TP/TP0009144/goodsDetail/TP00091440000022,2900,momo 即時搜尋資料
2026-05-21,Running Shoes,全部,momo購物網,FitVille FlowCore running shoes V6 寬楦 跑步健走鞋 女款 舒適, https://www.momoshop.com.tw/TP/TP0009144/goodsDetail/TP00091440000023,3200,momo 即時搜尋資料
2026-05-21,Jordan,男鞋,momo購物網,【NIKE 耐吉】運動鞋 Slipper 拖鞋 涼鞋 男鞋 JORDAN FRANCHISE SLIDE SH 喬丹 防水 抓地力 黑(HQ2163001),https://www.momoshop.com.tw/goods/GoodsDetail.jsp?i_code=14312550&Area=search&mdiv=403&oid=1_12&cid=index&kw=Jordan,715,momo 即時搜尋資料
2026-05-21,Jordan,男鞋,momo購物網,【NIKE 耐吉】運動鞋 休閒鞋 喬丹 低筒 AIR JORDAN 1 LOW 男鞋 藍白黑紅 AJ1 低 多款(553558-040&),https://www.momoshop.com.tw/goods/GoodsDetail.jsp?i_code=13831720&Area=search&mdiv=403&oid=1_1&cid=index&kw=Jordan%2B1,2099,momo 即時搜尋資料（已保存）（已保存）
2026-05-21,Jordan,男鞋,momo購物網,【NIKE 耐吉】運動鞋 休閒鞋 喬丹 低筒 AIR JORDAN 1 LOW 男鞋 藍白黑紅 AJ1 低 多款(553558-040&),https://www.momoshop.com.tw/goods/GoodsDetail.jsp?i_code=13831720&Area=search&mdiv=403&oid=1_1&cid=index&kw=Jordan1,2099,momo 即時搜尋資料（已保存）（已保存）（已保存）（已保存）（已保存）（已保存）（已保存）（已保存）（已保存）（已保存）（已保存）（已保存）（已保存）（已保存）（已保存）（已保存）（已保存）（已保存）（已保存）
2026-05-21,Jordan,男鞋,momo購物網,【NIKE 耐吉】運動鞋 休閒鞋 喬丹 低筒 AIR JORDAN 1 LOW 男鞋 藍白黑紅 AJ1 低 多款(553558-040&),https://www.momoshop.com.tw/goods/GoodsDetail.jsp?i_code=13831720&Area=search&mdiv=403&oid=1_2&cid=index&kw=Jordan,2099,momo 即時搜尋資料
2026-05-21,Jordan,男鞋,momo購物網,【NIKE 耐吉】籃球鞋 運動鞋 AIR JORDAN 1 LOW 男款 黑(553558040),https://www.momoshop.com.tw/goods/GoodsDetail.jsp?i_code=11242241&Area=search&mdiv=403&oid=1_9&cid=index&kw=Jordan,1999,momo 即時搜尋資料
2026-05-21,Jordan,男鞋,momo購物網,【NIKE 耐吉】籃球鞋 運動鞋 AIR JORDAN 1 LOW 男款 黑(553558040),https://www.momoshop.com.tw/goods/GoodsDetail.jsp?i_code=11242241&Area=search&mdiv=403&oid=1_3&cid=index&kw=Jordan1,1999,momo 即時搜尋資料（已保存）（已保存）（已保存）（已保存）（已保存）（已保存）（已保存）（已保存）（已保存）（已保存）（已保存）（已保存）（已保存）（已保存）（已保存）（已保存）（已保存）（已保存）（已保存）
2026-05-21,Jordan,男鞋,momo購物網,【NIKE 耐吉】運動鞋 籃球鞋 JORDAN LUKA 77 PF 男鞋 抓地力 室內鞋 多色 多款(IF1611-001&),https://www.momoshop.com.tw/goods/GoodsDetail.jsp?i_code=15155034&Area=search&mdiv=403&oid=1_4&cid=index&kw=Jordan,1999,momo 即時搜尋資料
2026-05-21,Jordan,男鞋,momo購物網,【NIKE 耐吉】籃球鞋 運動鞋 AIR JORDAN 1 LOW 男款 黑(553558040),https://www.momoshop.com.tw/goods/GoodsDetail.jsp?i_code=11242241&Area=search&mdiv=403&oid=1_3&cid=index&kw=Jordan%2B1,1999,momo 即時搜尋資料（已保存）（已保存）
2026-05-21,Jordan,男鞋,momo購物網,【NIKE 耐吉】運動鞋 休閒鞋 喬丹 低筒 AIR JORDAN 1 LOW 男鞋 藍白黑紅 AJ1 低筒 多款(FN5214-141&),https://www.momoshop.com.tw/goods/GoodsDetail.jsp?i_code=11984036&Area=search&mdiv=403&oid=1_2&cid=index&kw=Jordan1,2099,momo 即時搜尋資料（已保存）（已保存）（已保存）（已保存）（已保存）（已保存）（已保存）（已保存）（已保存）（已保存）（已保存）（已保存）（已保存）（已保存）（已保存）（已保存）（已保存）（已保存）（已保存）
2026-05-21,Jordan,男鞋,momo購物網,【NIKE 耐吉】運動鞋 休閒鞋 喬丹 低筒 AIR JORDAN 1 LOW 男鞋 藍白黑紅 AJ1 低筒 多款(FN5214-141&),https://www.momoshop.com.tw/goods/GoodsDetail.jsp?i_code=11984036&Area=search&mdiv=403&oid=1_2&cid=index&kw=Jordan%2B1,2099,momo 即時搜尋資料（已保存）（已保存）
2026-05-21,Jordan,男鞋,momo購物網,【NIKE 耐吉】運動鞋 休閒鞋 喬丹 低筒 AIR JORDAN 1 LOW 男鞋 藍白黑紅 AJ1 低筒 多款(FN5214-141&),https://www.momoshop.com.tw/goods/GoodsDetail.jsp?i_code=11984036&Area=search&mdiv=403&oid=1_6&cid=index&kw=Jordan,2099,momo 即時搜尋資料
2026-05-21,Jordan,男鞋,momo購物網,【NIKE 耐吉】運動鞋 籃球鞋 男鞋 JORDAN TRUNNER FLOW 緩震 舒適 耐穿 黑 (IO2091004),https://www.momoshop.com.tw/goods/GoodsDetail.jsp?i_code=15051099&Area=search&mdiv=403&oid=1_21&cid=index&kw=Jordan,1652,momo 即時搜尋資料
2026-05-21,Jordan,男鞋,momo購物網,【NIKE 耐吉】籃球鞋 運動鞋 AIR JORDAN 1 LOW SE 男鞋 灰藍白(FZ5042041),https://www.momoshop.com.tw/goods/GoodsDetail.jsp?i_code=12594077&Area=search&mdiv=403&oid=1_15&cid=index&kw=Jordan1,2271,momo 即時搜尋資料（已保存）（已保存）（已保存）（已保存）（已保存）（已保存）（已保存）（已保存）（已保存）（已保存）（已保存）（已保存）（已保存）（已保存）（已保存）（已保存）（已保存）（已保存）（已保存）
2026-05-21,Jordan,男鞋,momo購物網,【NIKE 耐吉】籃球鞋 運動鞋 AIR JORDAN 1 LOW SE 男鞋 灰藍白(FZ5042041),https://www.momoshop.com.tw/goods/GoodsDetail.jsp?i_code=12594077&Area=search&mdiv=403&oid=1_16&cid=index&kw=Jordan%2B1,2271,momo 即時搜尋資料（已保存）（已保存）
2026-05-21,Jordan,男鞋,momo購物網,【NIKE 耐吉】Air Jordan 1 Low SE 男鞋 北卡藍色 漆皮 AJ1 喬丹 低筒 休閒鞋 FZ2138-114,https://www.momoshop.com.tw/goods/GoodsDetail.jsp?i_code=13455274&Area=search&mdiv=403&oid=1_15&cid=index&kw=Jordan%2B1,2166,momo 即時搜尋資料（已保存）（已保存）
2026-05-21,Jordan,男鞋,momo購物網,【NIKE 耐吉】運動鞋 休閒鞋 情侶鞋 AIR FORCE 1/JORDAN 1/DUNK 男鞋 AF1 AJ1 復古 黑白 多款(IR7011-121&),https://www.momoshop.com.tw/goods/GoodsDetail.jsp?i_code=15155029&Area=search&mdiv=403&oid=1_13&cid=index&kw=Jordan1,2299,momo 即時搜尋資料（已保存）（已保存）（已保存）（已保存）（已保存）（已保存）（已保存）（已保存）（已保存）（已保存）（已保存）（已保存）（已保存）（已保存）（已保存）（已保存）（已保存）（已保存）（已保存）
2026-05-21,Jordan,男鞋,momo購物網,【NIKE 耐吉】運動鞋 休閒鞋 情侶鞋 AIR FORCE 1/JORDAN 1/DUNK 男鞋 AF1 AJ1 復古 黑白 多款(IR7011-121&),https://www.momoshop.com.tw/goods/GoodsDetail.jsp?i_code=15155029&Area=search&mdiv=403&oid=1_18&cid=index&kw=Dunk,2299,momo 即時搜尋資料（已保存）（已保存）（已保存）（已保存）（已保存）（已保存）（已保存）（已保存）（已保存）（已保存）（已保存）（已保存）（已保存）（已保存）（已保存）（已保存）（已保存）（已保存）（已保存）（已保存）（已保存）（已保存）（已保存）（已保存）（已保存）（已保存）（已保存）
2026-05-21,Jordan,男鞋,momo購物網,【NIKE 耐吉】運動鞋 休閒鞋 情侶鞋 AIR FORCE 1/JORDAN 1/DUNK 男鞋 AF1 AJ1 復古 黑白 多款(IR7011-121&),https://www.momoshop.com.tw/goods/GoodsDetail.jsp?i_code=15155029&Area=search&mdiv=403&oid=1_19&cid=index&kw=Jordan,2299,momo 即時搜尋資料
2026-05-21,Jordan,男鞋,momo購物網,【NIKE 耐吉】運動鞋 休閒鞋 情侶鞋 AIR FORCE 1/JORDAN 1/DUNK 男鞋 AF1 AJ1 復古 黑白 多款(IR7011-121&),https://www.momoshop.com.tw/goods/GoodsDetail.jsp?i_code=15155029&Area=search&mdiv=403&oid=1_5&cid=index&kw=Jordan%2B1,2299,momo 即時搜尋資料（已保存）（已保存）
2026-05-21,Jordan,男鞋,momo購物網,【NIKE 耐吉】運動鞋 休閒鞋 情侶鞋 AIR FORCE 1/JORDAN 1/DUNK 男鞋 AF1 AJ1 復古 黑白 多款(IR7011-121&),https://www.momoshop.com.tw/goods/GoodsDetail.jsp?i_code=15155029&Area=search&mdiv=403&oid=1_21&cid=index&kw=Air%2BForce%2B1,2299,momo 即時搜尋資料（已保存）（已保存）
2026-05-21,Jordan,男鞋,momo購物網,【NIKE 耐吉】運動鞋 休閒鞋 情侶鞋 AIR FORCE 1/JORDAN 1/DUNK 男鞋 AF1 AJ1 復古 黑白 多款(IR7011-121&),https://www.momoshop.com.tw/goods/GoodsDetail.jsp?i_code=15155029&Area=search&mdiv=403&oid=1_11&cid=index&kw=Dunk,2299,momo 即時搜尋資料（已保存）（已保存）
2026-05-21,Jordan,男鞋,momo購物網,【NIKE 耐吉】運動鞋 籃球鞋 JORDAN TATUM 4 PF 男鞋 喬丹 NBA 氣墊 實戰 塔圖姆 多款(HQ4613-001&),https://www.momoshop.com.tw/goods/GoodsDetail.jsp?i_code=14863031&Area=search&mdiv=403&oid=1_1&cid=index&kw=Jordan,2199,momo 即時搜尋資料
2026-05-21,Jordan,男鞋,momo購物網,【NIKE 耐吉】運動鞋 籃球鞋 男鞋 AIR JORDAN 1 LOW SE 喬丹 AJ1 麂皮 耐穿 藍 (IO7448400),https://www.momoshop.com.tw/goods/GoodsDetail.jsp?i_code=15006492&Area=search&mdiv=403&oid=1_12&cid=index&kw=Jordan%2B1,2436,momo 即時搜尋資料（已保存）（已保存）
2026-05-21,Jordan,男鞋,momo購物網,【NIKE 耐吉】休閒鞋 男鞋 運動鞋 喬丹 AIR JORDAN 1 LOW 紅黑 553558-606,https://www.momoshop.com.tw/goods/GoodsDetail.jsp?i_code=14794536&Area=search&mdiv=403&oid=1_8&cid=index&kw=Jordan%2B1,2279,momo 即時搜尋資料（已保存）（已保存）
2026-05-21,Jordan,男鞋,momo購物網,【NIKE 耐吉】休閒鞋 男鞋 運動鞋 喬丹 AIR JORDAN 1 LOW 紅黑 553558-606,https://www.momoshop.com.tw/goods/GoodsDetail.jsp?i_code=14794536&Area=search&mdiv=403&oid=1_20&cid=index&kw=Jordan1,2279,momo 即時搜尋資料（已保存）（已保存）（已保存）（已保存）（已保存）（已保存）（已保存）（已保存）（已保存）（已保存）（已保存）（已保存）（已保存）（已保存）（已保存）（已保存）（已保存）（已保存）（已保存）
2026-05-21,Jordan,男鞋,momo購物網,【NIKE 耐吉】休閒鞋 Air Jordan 1 Low 男鞋 米白 藍 AJ1 低筒 膠底(553558-146),https://www.momoshop.com.tw/goods/GoodsDetail.jsp?i_code=13876894&Area=search&mdiv=403&oid=1_20&cid=index&kw=Jordan%2B1,3021,momo 即時搜尋資料（已保存）（已保存）
2026-05-21,Jordan,男鞋,momo購物網,【NIKE 耐吉】運動鞋 休閒鞋 女鞋 男鞋 AIR JORDAN 1 LOW Wolf Grey White 灰白 AJ1 小Dior(DC0774105),https://www.momoshop.com.tw/goods/GoodsDetail.jsp?i_code=13372937&Area=search&mdiv=403&oid=1_5&cid=index&kw=Jordan1,2422,momo 即時搜尋資料（已保存）（已保存）（已保存）（已保存）（已保存）（已保存）（已保存）（已保存）（已保存）（已保存）（已保存）（已保存）（已保存）（已保存）（已保存）（已保存）（已保存）（已保存）（已保存）
2026-05-21,Jordan,男鞋,momo購物網,【NIKE 耐吉】AIR JORDAN 1 RETRO LOW OG 男鞋 休閒鞋 運動鞋 小閃電 皇家藍(CZ0790140),https://www.momoshop.com.tw/goods/GoodsDetail.jsp?i_code=14284795&Area=search&mdiv=403&oid=1_6&cid=index&kw=Jordan%2B1,2421,momo 即時搜尋資料（已保存）（已保存）
2026-05-21,Jordan,男鞋,momo購物網,【NIKE 耐吉】AIR JORDAN 1 RETRO LOW OG 男鞋 休閒鞋 運動鞋 小閃電 皇家藍(CZ0790140),https://www.momoshop.com.tw/goods/GoodsDetail.jsp?i_code=14284795&Area=search&mdiv=403&oid=1_16&cid=index&kw=Jordan1,2421,momo 即時搜尋資料（已保存）（已保存）（已保存）（已保存）（已保存）（已保存）（已保存）（已保存）（已保存）（已保存）（已保存）（已保存）（已保存）（已保存）（已保存）（已保存）（已保存）（已保存）（已保存）
2026-05-21,Jordan,男鞋,momo購物網,【NIKE 耐吉】AIR JORDAN 1 RETRO LOW OG 男鞋 休閒鞋 運動鞋 小閃電 皇家藍(CZ0790140),https://www.momoshop.com.tw/goods/GoodsDetail.jsp?i_code=14284795&Area=search&mdiv=403&oid=1_23&cid=index&kw=Jordan,2421,momo 即時搜尋資料
2026-05-21,Jordan,男鞋,momo購物網,【NIKE 耐吉】JORDAN LUKA .77 PF 男鞋 籃球鞋 運動鞋 喬丹 紫(HF0819500),https://www.momoshop.com.tw/goods/GoodsDetail.jsp?i_code=14572146&Area=search&mdiv=403&oid=1_10&cid=index&kw=Jordan,1836,momo 即時搜尋資料
2026-05-21,Jordan,男鞋,momo購物網,【NIKE 耐吉】Air Jordan 1 Low 深灰白 男鞋 553558-044 皮革 影子 灰勾, https://www.momoshop.com.tw/TP/TP0003634/goodsDetail/TP00036340001216,2980,momo 即時搜尋資料（已保存）（已保存）
2026-05-21,Jordan,男鞋,momo購物網,【NIKE 耐吉】Air Jordan 1 AJ1 Low 休閒鞋 553558-400 冰川藍 淺藍 男款 復古鞋, https://www.momoshop.com.tw/TP/TP0003634/goodsDetail/TP00036340001308,3030,momo 即時搜尋資料（已保存）（已保存）
2026-05-21,Jordan,男鞋,momo購物網,【NIKE 耐吉】籃球鞋 Air Jordan 39 XXXIX PF 男鞋 No Alteration 米白 氣墊(FQ0214-104),https://www.momoshop.com.tw/goods/GoodsDetail.jsp?i_code=14431223&Area=search&mdiv=403&oid=1_24&cid=index&kw=Jordan,3312,momo 即時搜尋資料
2026-05-21,Jordan,男鞋,momo購物網,【NIKE 耐吉】Air Jordan 1 Low Orca 男鞋 休閒鞋 AJ1 熊貓 黑白(553558043),https://www.momoshop.com.tw/goods/GoodsDetail.jsp?i_code=13736339&Area=search&mdiv=403&oid=1_18&cid=index&kw=Jordan%2B1,1985,momo 即時搜尋資料（已保存）（已保存）
2026-05-21,Jordan,男鞋,momo購物網,【NIKE 耐吉】AIR JORDAN 1 RETRO HIGH OG 男鞋 休閒鞋 運動鞋 喬丹 AJ1 皇家藍 白(DZ5485100),https://www.momoshop.com.tw/goods/GoodsDetail.jsp?i_code=15174675&Area=search&mdiv=403&oid=1_23&cid=index&kw=Jordan%2B1,3114,momo 即時搜尋資料（已保存）（已保存）
2026-05-21,Jordan,男鞋,momo購物網,【NIKE 耐吉】運動鞋 籃球鞋 JORDAN LUKA 5 PF 男鞋 喬丹 NBA 氣墊 實戰 多款(HV8087-002&),https://www.momoshop.com.tw/goods/GoodsDetail.jsp?i_code=15033176&Area=search&mdiv=403&oid=1_7&cid=index&kw=Jordan,2699,momo 即時搜尋資料
2026-05-21,Jordan,男鞋,momo購物網,【NIKE 耐吉】運動鞋 籃球鞋 男鞋 AIR JORDAN 1 LOW 喬丹 緩震 氣墊 抓地 經典 AJ1 藍白 (553558400),https://www.momoshop.com.tw/goods/GoodsDetail.jsp?i_code=14960710&Area=search&mdiv=403&oid=1_22&cid=index&kw=Jordan%2B1,2359,momo 即時搜尋資料（已保存）（已保存）
2026-05-21,Jordan,男鞋,momo購物網,【NIKE 耐吉】運動鞋 籃球鞋 男鞋 AIR JORDAN 1 LOW 喬丹 緩震 氣墊 抓地 經典 AJ1 藍白 (553558400),https://www.momoshop.com.tw/goods/GoodsDetail.jsp?i_code=14960710&Area=search&mdiv=403&oid=1_17&cid=index&kw=Jordan1,2359,momo 即時搜尋資料（已保存）（已保存）（已保存）（已保存）（已保存）（已保存）（已保存）（已保存）（已保存）（已保存）（已保存）（已保存）（已保存）（已保存）（已保存）（已保存）（已保存）（已保存）（已保存）
2026-05-21,Jordan,男鞋,momo購物網,【NIKE 耐吉】運動鞋 籃球鞋 男鞋 JORDAN TATUM 4 PF 氣墊 緩震 白色 (HQ4613102),https://www.momoshop.com.tw/goods/GoodsDetail.jsp?i_code=15144845&Area=search&mdiv=403&oid=1_5&cid=index&kw=Jordan,2565,momo 即時搜尋資料
2026-05-21,Jordan,男鞋,momo購物網,【NIKE 耐吉】運動鞋 籃球鞋 男鞋 AIR JORDAN 1 MID 喬丹 AJ1 紅頭 白紅色(DQ8426105),https://www.momoshop.com.tw/goods/GoodsDetail.jsp?i_code=14681315&Area=search&mdiv=403&oid=1_13&cid=index&kw=Jordan,2788,momo 即時搜尋資料
2026-05-21,Jordan,男鞋,momo購物網,【NIKE 耐吉】運動鞋 籃球鞋 男鞋 AIR JORDAN 1 MID 喬丹 AJ1 紅頭 白紅色(DQ8426105),https://www.momoshop.com.tw/goods/GoodsDetail.jsp?i_code=14681315&Area=search&mdiv=403&oid=1_8&cid=index&kw=Jordan1,2788,momo 即時搜尋資料（已保存）（已保存）（已保存）（已保存）（已保存）（已保存）（已保存）（已保存）（已保存）（已保存）（已保存）（已保存）（已保存）（已保存）（已保存）（已保存）（已保存）（已保存）（已保存）
2026-05-21,Jordan,男鞋,momo購物網,【NIKE 耐吉】運動鞋 籃球鞋 男鞋 AIR JORDAN 1 MID 喬丹 AJ1 紅頭 白紅色(DQ8426105),https://www.momoshop.com.tw/goods/GoodsDetail.jsp?i_code=14681315&Area=search&mdiv=403&oid=1_7&cid=index&kw=Jordan%2B1,2788,momo 即時搜尋資料（已保存）（已保存）
2026-05-21,Jordan,男鞋,momo購物網,【NIKE 耐吉】AIR JORDAN 3 RETRO OG 男鞋 籃球鞋 運動鞋 喬丹 AJ3 麂皮 黑藍(IB8967004),https://www.momoshop.com.tw/goods/GoodsDetail.jsp?i_code=14921196&Area=search&mdiv=403&oid=1_11&cid=index&kw=Jordan,3420,momo 即時搜尋資料
2026-05-21,Jordan,男鞋,momo購物網,【NIKE 耐吉】運動鞋 籃球鞋 男鞋 AIR JORDAN 9 RETRO 喬丹 高筒 抓地力 復刻 灰(HV4794100),https://www.momoshop.com.tw/goods/GoodsDetail.jsp?i_code=14930204&Area=search&mdiv=403&oid=1_3&cid=index&kw=Jordan,3974,momo 即時搜尋資料
2026-05-21,Jordan,男鞋,momo購物網,【NIKE 耐吉】Nike Air Jordan 1 Retro Low OG 芝加哥 復古 運動鞋 男鞋 HQ6998-600, https://www.momoshop.com.tw/TP/TP0000668/goodsDetail/TP00006680001850,4780,momo 即時搜尋資料（已保存）（已保存）
2026-05-21,Jordan,男鞋,momo購物網,【NIKE 耐吉】休閒鞋 Air Jordan 11 Retro Low 男鞋 北卡藍 AJ11 FV5104-100,https://www.momoshop.com.tw/goods/GoodsDetail.jsp?i_code=15204170&Area=search&mdiv=403&oid=1_22&cid=index&kw=Jordan,4921,momo 即時搜尋資料
2026-05-21,Jordan,男鞋,momo購物網,【NIKE 耐吉】Air Jordan 13 Retro 2026 OG 白紅黑 黑豹 芝加哥 運動鞋 男鞋 414571-102,https://www.momoshop.com.tw/goods/GoodsDetail.jsp?i_code=15030926&Area=search&mdiv=403&oid=1_18&cid=index&kw=Jordan,5685,momo 即時搜尋資料
2026-05-21,Jordan,男鞋,momo購物網,【NIKE 耐吉】Air Jordan 13 Retro 2026 OG 白紅黑 黑豹 芝加哥 運動鞋 男鞋 414571-102, https://www.momoshop.com.tw/TP/TP0000668/goodsDetail/TP00006680001887,5599,momo 即時搜尋資料
2026-05-21,Jordan,男鞋,momo購物網,【NIKE 耐吉】AIR JORDAN 11 RETRO RA 男鞋 籃球鞋 運動鞋 AJ11 喬丹 米藍(IH0296400),https://www.momoshop.com.tw/goods/GoodsDetail.jsp?i_code=14583949&Area=search&mdiv=403&oid=1_15&cid=index&kw=Jordan,4788,momo 即時搜尋資料
2026-05-21,Jordan,男鞋,momo購物網,【NIKE 耐吉】休閒鞋 Air Jordan 1 Low Bred 男鞋 黑 紅 AJ1 低筒 一代(553558-067),https://www.momoshop.com.tw/goods/GoodsDetail.jsp?i_code=13619083&Area=search&mdiv=403&oid=1_14&cid=index&kw=Jordan%2B1,2166,momo 即時搜尋資料（已保存）（已保存）
2026-05-21,Jordan,男鞋,PChome,籃球鞋 Jordan Zion 4 PF 男鞋 Mud to Marble 黑 綠 胖虎 錫安 FD0591-007,https://24h.pchome.com.tw/prod/DXAX7S-A900ICULQ,1960,PChome 即時資料
2026-05-21,Jordan,男鞋,PChome,籃球鞋 Jordan One Take 5 PF 男鞋 黑 白 忍者龜 氣墊 XDR大底 FD2336-101,https://24h.pchome.com.tw/prod/DXAX7S-A900J8DKP,1960,PChome 即時資料
2026-05-21,Jordan,男鞋,PChome,休閒鞋 Air Jordan 1 Low Bred 男鞋 黑 紅 AJ1 低筒 一代 553558-067,https://24h.pchome.com.tw/prod/DXAX69-A900I9HKC,1960,PChome 即時資料
2026-05-21,Jordan,男鞋,PChome,AIR JORDAN 1 LOW SE 男鞋 籃球鞋 白藍-FN5214141,https://24h.pchome.com.tw/prod/DXBY2L-A900HGWFU,1987,PChome 即時資料（已保存）（已保存）
2026-05-21,Jordan,男鞋,PChome,籃球鞋 Jordan Tatum 3 PF 男鞋 Cloud 0 藍 暈染 氣墊 FZ6601-400,https://24h.pchome.com.tw/prod/DXAX7S-A900J0L25,2046,PChome 即時資料
2026-05-21,Jordan,男鞋,PChome,休閒鞋 Air Jordan 1 Low 男鞋 黑 橘 扣碎 AJ1 一代 553558-081,https://24h.pchome.com.tw/prod/DXAX69-A900J1CT3,2046,PChome 即時資料（已保存）（已保存）
2026-05-21,Jordan,男鞋,PChome,休閒鞋 Air Jordan 1 Low OG 男鞋 深藍 紅 AJ1 一代 低筒 HQ2993-100,https://24h.pchome.com.tw/prod/DXAX69-A900I1SRO,2218,PChome 即時資料
2026-05-21,Jordan,男鞋,PChome,休閒鞋 Air Jordan 1 Low SE 男鞋 藍 紅 Motion AJ1 低筒  HM3711-144,https://24h.pchome.com.tw/prod/DXAX69-A900JA0RW,2218,PChome 即時資料（已保存）（已保存）
2026-05-21,Jordan,男鞋,PChome,JORDAN FLIGHT COURT 男鞋 籃球鞋 米白色-IB8858141,https://24h.pchome.com.tw/prod/DXAX7S-A900J0I9M,2246,PChome 即時資料
2026-05-21,Jordan,男鞋,PChome,Air Jordan 1 Low SE 漆皮 藍灰 低筒 灰調 休閒鞋 男鞋 HF3148-011,https://24h.pchome.com.tw/prod/DXAX69-A900I97CD,2261,PChome 即時資料（已保存）（已保存）
2026-05-21,Jordan,男鞋,PChome,休閒鞋 Air Jordan 1 Low SE 男鞋 黑綠 Black Cat Mascot AJ1 HM3690-001,https://24h.pchome.com.tw/prod/DXAX69-A900IW24H,2304,PChome 即時資料
2026-05-21,Jordan,男鞋,momo購物網,【NIKE 耐吉】Air Jordan 1 Mid Se 男鞋 黑白棕色 AJ1 皮革 透氣 喬丹 休閒鞋 HF3216-102,https://www.momoshop.com.tw/goods/GoodsDetail.jsp?i_code=13675299&Area=search&mdiv=403&oid=1_21&cid=index&kw=Jordan%2B1,2261,momo 即時搜尋資料（已保存）（已保存）
2026-05-21,Jordan,男鞋,PChome,籃球鞋 Jordan Luka 3 TB PF 男鞋 白 Team Bank D77 緩衝 運動鞋 FQ7455-106,https://24h.pchome.com.tw/prod/DXAX7S-A900IVAPU,2390,PChome 即時資料
2026-05-21,Jordan,男鞋,PChome,AIR JORDAN 1 LOW 男鞋 籃球鞋 白黑 奶茶-553558153,https://24h.pchome.com.tw/prod/DXAX7S-A900J0I16,2426,PChome 即時資料
2026-05-21,Jordan,男鞋,PChome,休閒鞋 W Air Jordan 4 RM 男鞋 女鞋 白 銀 喬丹 AJ4  HQ3441-111,https://24h.pchome.com.tw/prod/DXAX69-A900IXYAY,2476,PChome 即時資料
2026-05-21,Jordan,男鞋,PChome,休閒鞋 Air Jordan 1 Low SE 男鞋 Black Toe 黑 紅 AJ1 IB8971-106,https://24h.pchome.com.tw/prod/DXAX69-A900IOXR8,2562,PChome 即時資料（已保存）（已保存）
2026-05-21,Jordan,男鞋,PChome,休閒鞋 Air Jordan 23 Retro 男鞋 白 銀 Mid-Autumn Festival FV3621-140,https://24h.pchome.com.tw/prod/DXAX69-A900J9WXJ,2734,PChome 即時資料
2026-05-21,Jordan,男鞋,PChome,Nike Air Jordan 1 Low SE Glacier Blue 冰川藍 果凍底 休閒鞋 男鞋 HJ5999-400,https://24h.pchome.com.tw/prod/DXAX69-A900IVEGE,2989,PChome 即時資料（已保存）（已保存）
2026-05-21,Jordan,男鞋,PChome,AIR JORDAN 1 LOW SE 男鞋 籃球鞋 白 冰川藍-HJ5999400,https://24h.pchome.com.tw/prod/DXAX7S-A900J0I85,2996,PChome 即時資料（已保存）（已保存）
2026-05-21,Jordan,男鞋,PChome,籃球鞋 Air Jordan 39 XXXIX PF 男鞋 Noir 黑豹 黑 果凍底 HF0371-001,https://24h.pchome.com.tw/prod/DXAX7S-A900J873L,3488,PChome 即時資料
2026-05-21,Jordan,男鞋,PChome,休閒鞋 Air Jordan 1 High OG 男鞋 UNC Reimagined 藍 AJ1 DZ5485-402,https://24h.pchome.com.tw/prod/DXAX69-A900J0L0M,3580,PChome 即時資料
2026-05-21,Jordan,男鞋,PChome,休閒鞋 Air Jordan 4 RM 男鞋 鐵灰 黑 麂皮 復古 AJ4 FQ7939-002,https://24h.pchome.com.tw/prod/DXAX69-A900IHSG2,3580,PChome 即時資料
2026-05-21,Jordan,男鞋,momo購物網,【NIKE 耐吉】穆勒鞋 Air Jordan 1 Mule Golf 男鞋 女鞋 限量 經典 高爾夫 FJ1214-004 FJ1214-101,https://www.momoshop.com.tw/goods/GoodsDetail.jsp?i_code=15242858&Area=search&mdiv=403&oid=1_14&cid=index&kw=Jordan,3511,momo 即時搜尋資料
2026-05-21,Jordan,男鞋,momo購物網,【NIKE 耐吉】穆勒鞋 Air Jordan 1 Mule Golf 男鞋 女鞋 限量 經典 高爾夫 FJ1214-004 FJ1214-101,https://www.momoshop.com.tw/goods/GoodsDetail.jsp?i_code=15242858&Area=search&mdiv=403&oid=1_11&cid=index&kw=Jordan1,3511,momo 即時搜尋資料（已保存）（已保存）（已保存）（已保存）（已保存）（已保存）（已保存）（已保存）（已保存）（已保存）（已保存）（已保存）（已保存）（已保存）（已保存）（已保存）（已保存）（已保存）（已保存）
2026-05-21,Jordan,男鞋,momo購物網,【NIKE 耐吉】穆勒鞋 Air Jordan 1 Mule Golf 男鞋 女鞋 限量 經典 高爾夫 FJ1214-004 FJ1214-101,https://www.momoshop.com.tw/goods/GoodsDetail.jsp?i_code=15242858&Area=search&mdiv=403&oid=1_4&cid=index&kw=Jordan%2B1,3511,momo 即時搜尋資料（已保存）（已保存）
2026-05-21,Jordan,男鞋,PChome,休閒鞋 Wmns Air Jordan 11 Retro Low 女鞋 男鞋 Igloo 蒂芬妮綠 AH7860-103,https://24h.pchome.com.tw/prod/DXAX69-A900IXE2T,3680,PChome 即時資料
2026-05-21,Jordan,男鞋,PChome,AIR JORDAN 4 RM 男鞋 籃球鞋 米白色-IB8857141,https://24h.pchome.com.tw/prod/DXAX7S-A900J0I9J,3776,PChome 即時資料
2026-05-21,Jordan,男鞋,PChome,Jordan 1 Retro High OG UNC Reimagined 北卡藍 高筒 男鞋 DZ5485-402,https://24h.pchome.com.tw/prod/DXAX69-A900ISDJ6,4021,PChome 即時資料
2026-05-21,Jordan,男鞋,PChome,Air Jordan XXXVIII Low PF 籃球鞋 白黑紅 緩震 低筒 環保 運動鞋 男鞋 FD2325-101,https://24h.pchome.com.tw/prod/DXAX7S-A900I9YNX,4233,PChome 即時資料
2026-05-21,Jordan,男鞋,PChome,Awake Ny × Jordan Air Ship SP Game Royal 皇家藍 聯名 休閒鞋 男鞋 FN8675-104,https://24h.pchome.com.tw/prod/DXAX69-A900I86JP,4233,PChome 即時資料
2026-05-21,Jordan,男鞋,PChome,休閒鞋 Air Jordan 1 Retro High OG 男鞋 橘 黑 喬丹 灌碎 扣碎 AJ1 DZ5485-008,https://24h.pchome.com.tw/prod/DXAX69-A900J2RRN,4280,PChome 即時資料
2026-05-21,Jordan,男鞋,PChome,高爾夫球鞋 Air Jordan 1 High Golf 男鞋 防水 黃 黑 Pollen 休閒鞋 DQ0660-700,https://24h.pchome.com.tw/prod/DXAX2B-A900J1R65,4410,PChome 即時資料
2026-05-21,Jordan,男鞋,PChome,Air Jordan 1 Mid SE GC 喜慶 紅白黑 金勾 AJ1 黑白 中國風 休閒鞋 男鞋 DV0576-176,https://24h.pchome.com.tw/prod/DXAX69-A900I9YH2,4682,PChome 即時資料（已保存）（已保存）
2026-05-21,Jordan,男鞋,momo購物網,【NIKE 耐吉】Air Jordan 11 Low University Blue 北卡藍 白藍 復古籃球鞋 男鞋 FV5104-100,https://www.momoshop.com.tw/goods/GoodsDetail.jsp?i_code=15252365&Area=search&mdiv=403&oid=1_16&cid=index&kw=Jordan,4619,momo 即時搜尋資料
2026-05-21,Jordan,男鞋,PChome,AIR JORDAN 1 RETRO HIGH OG 男鞋 籃球鞋 北卡藍 白藍色-DZ5485402,https://24h.pchome.com.tw/prod/DXAX7S-A900IUZI0,4890,PChome 即時資料
2026-05-21,Jordan,男鞋,momo購物網,【NIKE 耐吉】Nike Air Jordan 8 Retro 白紅 兔巴哥 緩震 運動鞋 男鞋 305381-100, https://www.momoshop.com.tw/TP/TP0000668/goodsDetail/TP00006680001868,5580,momo 即時搜尋資料
2026-05-21,Jordan,男鞋,PChome,Wmns Air Jordan 1 Retro Low OG 'UNC' 女鞋 男鞋 藍 黑 白 AJ1 低筒 休閒鞋 CZ0775-104,https://24h.pchome.com.tw/prod/DXAX2B-A900IWVUU,5499,PChome 即時資料（已保存）（已保存）
2026-05-21,Jordan,男鞋,PChome,A Ma Maniére X Air Jordan 3 OG Diffused Blue 漫射藍 AJ3 皮革 麂皮 男鞋 HV8571-100,https://24h.pchome.com.tw/prod/DXAX69-A900IKMO4,5920,PChome 即時資料
2026-05-21,Jordan,男鞋,PChome,Air Jordan 3 Retro Rare Air 黑藍 稀有Air 麂皮 休閒 男鞋 IB8967-004,https://24h.pchome.com.tw/prod/DXAX69-A900IKMZ6,5930,PChome 即時資料
2026-05-21,Jordan,男鞋,PChome,Jordan 1 OG Dark Marina Blue 男鞋 黑色 藍色 AJ1 經典 高筒 休閒鞋 555088-404,https://24h.pchome.com.tw/prod/DXAX2E-A900F2VE7,6380,PChome 即時資料（已保存）（已保存）
2026-05-21,Jordan,男鞋,PChome,Air Jordan 1 Retro Low OG Year of the Dragon 龍年限定 青龍 休閒鞋 男鞋 FN3727-100,https://24h.pchome.com.tw/prod/DXAX2I-A900H2YM5,6374,PChome 即時資料（已保存）（已保存）
2026-05-21,Jordan,男鞋,PChome,Air Jordan 1 男鞋 AJ1 黑色 白色 紅色 經典 高筒 籃球鞋 休閒鞋 555088-161,https://24h.pchome.com.tw/prod/DXAX2E-A900F2VEN,6480,PChome 即時資料（已保存）（已保存）
2026-05-21,Jordan,男鞋,PChome,Air Jordan XXXIX GUO PF 籃球鞋 白湖水綠 緩震 舒適 運動鞋 男鞋 HF0369-103,https://24h.pchome.com.tw/prod/DXAX7S-A900I1B97,6596,PChome 即時資料
2026-05-21,Jordan,男鞋,PChome,Air Jordan 5 Retro OG Grape 白葡萄 經典復刻 休閒鞋 運動鞋 男鞋 HQ7978-100,https://24h.pchome.com.tw/prod/DXAX69-A900IYIO3,6582,PChome 即時資料
2026-05-21,Jordan,男鞋,PChome,Nike Air Jordan 11 Retro Low Bred 黑紅 亮面 低筒 休閒鞋 男鞋 528895-012,https://24h.pchome.com.tw/prod/DXAX69-A900IUWYD,6846,PChome 即時資料
2026-05-21,Jordan,男鞋,PChome,Nike Air Jordan 40 Dusty Rose 玫瑰粉 男鞋 HM9932-600,https://24h.pchome.com.tw/prod/DXAXC4-A900JA03G,7056,PChome 即時資料
2026-05-21,Jordan,男鞋,PChome,"Air Jordan 1 Low Wmns ""Wolf Grey"" 女鞋 男鞋 小Dior 小迪奧 灰 白 休閒鞋DC0774-105",https://24h.pchome.com.tw/prod/DXAX2B-A900IWVW6,7380,PChome 即時資料（已保存）（已保存）
2026-05-21,Jordan,男鞋,momo購物網,【NIKE 耐吉】Fragment x Union x Air Jordan 1 AJ1 High OG 三方聯名 黑白紅藍 男鞋 IO7847-002,https://www.momoshop.com.tw/goods/GoodsDetail.jsp?i_code=15018253&Area=search&mdiv=403&oid=1_19&cid=index&kw=Jordan%2B1,11776,momo 即時搜尋資料（已保存）（已保存）
2026-05-21,Jordan,男鞋,PChome,"Air Jordan 4 ""White Cement"" 白水泥 白 灰 黑 四代 喬丹 復刻 休閒鞋 籃球鞋 AJ4 FV5029-100",https://24h.pchome.com.tw/prod/DXAX69-A900IZHKQ,7999,PChome 即時資料
2026-05-21,Jordan,男鞋,momo購物網,【NIKE 耐吉】Nike Air Jordan 1 Low OG Banned 黑紅 禁穿 男鞋 IW6276-001, https://www.momoshop.com.tw/TP/TP0000668/goodsDetail/TP00006680001921,4280,momo 即時搜尋資料
2026-05-21,Jordan,男鞋,PChome,Nike Jordan 4 Retro SB Navy 海軍藍 聯名款 滑板鞋 休閒鞋 男鞋 DR5415-100,https://24h.pchome.com.tw/prod/DXAX69-A900IK67Y,9520,PChome 即時資料
2026-05-21,Jordan,男鞋,momo購物網,【Jordan】CT8013-117 Jordan Air Jordan 12 Retro Taxi 舒適 回彈 高幫 復古籃球鞋 男款 白黑, https://www.momoshop.com.tw/TP/TP0009562/goodsDetail/TP00095620010080,6750,momo 即時搜尋資料
2026-05-21,kobe 6,男鞋,momo購物網,【NIKE 耐吉】Nike Zoom Kobe 1 Protro 81 Points 白紫黑 2026 男鞋 籃球鞋 IM0542-100,https://www.momoshop.com.tw/goods/GoodsDetail.jsp?i_code=14970065&Area=search&mdiv=403&oid=1_16&cid=index&kw=Kobe,4879,momo 即時搜尋資料（已保存）（已保存）（已保存）（已保存）（已保存）（已保存）
2026-05-21,kobe 6,男鞋,momo購物網,【NIKE 耐吉】Nike Zoom Kobe 1 Protro 81 Points 白紫黑 2026 男鞋 籃球鞋 IM0542-100,https://www.momoshop.com.tw/goods/GoodsDetail.jsp?i_code=14970065&Area=search&mdiv=403&oid=1_1&cid=index&kw=kobe%2B1,4879,momo 即時搜尋資料（已保存）（已保存）（已保存）（已保存）
2026-05-21,kobe 6,男鞋,momo購物網,【NIKE 耐吉】Nike Kobe 8 Protro 馬年限定 紅藍 回彈 男鞋 IM0594-600, https://www.momoshop.com.tw/TP/TP0000668/goodsDetail/TP00006680001883,7080,momo 即時搜尋資料（已保存）（已保存）（已保存）（已保存）（已保存）（已保存）
2026-05-21,kobe 6,男鞋,momo購物網,【NIKE 耐吉】籃球鞋 Nike KOBE Protro JA3 男款 實戰 緩震 限量 黑曼巴(3/4/5/6/8/9/11代),https://www.momoshop.com.tw/goods/GoodsDetail.jsp?i_code=14503813&Area=search&mdiv=403&oid=1_2&cid=index&kw=Kobe,8729,momo 即時搜尋資料（已保存）（已保存）（已保存）（已保存）（已保存）（已保存）
2026-05-21,kobe 6,男鞋,momo購物網,【NIKE 耐吉】籃球鞋 Nike KOBE Protro JA3 男款 實戰 緩震 限量 黑曼巴(3/4/5/6/8/9/11代),https://www.momoshop.com.tw/goods/GoodsDetail.jsp?i_code=14503813&Area=search&mdiv=403&oid=1_3&cid=index&kw=kobe%2B6,8729,momo 即時搜尋資料
2026-05-21,kobe 6,男鞋,momo購物網,【NIKE 耐吉】Kobe VI Protro ASG Hollywood 3D 男鞋 深灰紅藍色 籃球鞋 IQ3902-002,https://www.momoshop.com.tw/goods/GoodsDetail.jsp?i_code=15015147&Area=search&mdiv=403&oid=1_9&cid=index&kw=Kobe,9936,momo 即時搜尋資料（已保存）（已保存）（已保存）（已保存）（已保存）（已保存）
2026-05-21,kobe 6,男鞋,momo購物網,【NIKE 耐吉】籃球鞋 Nike Kobe 11 Elite Protro Fade To Black 黑色 金勾 男款 IM4260-001,https://www.momoshop.com.tw/goods/GoodsDetail.jsp?i_code=15212820&Area=search&mdiv=403&oid=1_11&cid=index&kw=Kobe,11210,momo 即時搜尋資料（已保存）（已保存）（已保存）（已保存）（已保存）（已保存）
2026-05-21,kobe 6,男鞋,momo購物網,【NIKE 耐吉】籃球鞋 Kobe 11 Elite Protro 男鞋 黑 金勾 IM4260-001,https://www.momoshop.com.tw/goods/GoodsDetail.jsp?i_code=15152826&Area=search&mdiv=403&oid=1_12&cid=index&kw=Kobe,14800,momo 即時搜尋資料（已保存）（已保存）（已保存）（已保存）（已保存）（已保存）
2026-05-21,kobe 6,男鞋,momo購物網,【NIKE 耐吉】Nike Zoom Kobe 1 Protro 81 Points 白紫黑 2026 男鞋 籃球鞋 IM0542-100, https://www.momoshop.com.tw/TP/TP0000087/goodsDetail/TP00000870000957,4880,momo 即時搜尋資料（已保存）（已保存）（已保存）（已保存）
2026-05-21,kobe 6,男鞋,PChome,籃球鞋 Crazy 1 男鞋 灰 黑 Kobe Bryant 復古 運動鞋 IE6570,https://24h.pchome.com.tw/prod/DXAX7S-A900JNVEP,1874,PChome 即時資料（已保存）（已保存）（已保存）（已保存）
2026-05-21,kobe 6,男鞋,PChome,籃球鞋 Kobe IX Elite EM Protro 男鞋 WNBA30週年 IM6119-800,https://24h.pchome.com.tw/prod/DXAX7S-A900K1293,5480,PChome 即時資料（已保存）（已保存）（已保存）（已保存）（已保存）（已保存）
2026-05-21,kobe 6,男鞋,PChome,Kobe 9 Elite Low EM Protro WNBA 亮橘色 回彈 抓地力 休閒鞋 運動鞋 男鞋 IM6119-800,https://24h.pchome.com.tw/prod/DXAX29-A900K0TVY,6155,PChome 即時資料（已保存）（已保存）（已保存）（已保存）（已保存）（已保存）
2026-05-21,kobe 6,男鞋,momo購物網,【NIKE 耐吉】Kobe 9 Elite Low EM Protro WNBA 亮橘色 回彈 抓地力 休閒鞋 運動鞋 男鞋 IM6119-800,https://www.momoshop.com.tw/goods/GoodsDetail.jsp?i_code=15262105&Area=search&mdiv=403&oid=1_15&cid=index&kw=Kobe,5206,momo 即時搜尋資料（已保存）（已保存）（已保存）（已保存）（已保存）（已保存）
2026-05-21,kobe 6,男鞋,PChome,Kobe 9 EM Low 中國紅 網布 緩震 休閒鞋 運動鞋 男鞋 IH1400-600,https://24h.pchome.com.tw/prod/DXAX68-A900JHU9P,6603,PChome 即時資料（已保存）（已保存）（已保存）（已保存）（已保存）（已保存）
2026-05-21,kobe 6,男鞋,PChome,Kobe 8 Protro 馬年限定 紅藍  回彈 抓地力 運動鞋 男鞋 IM0594-600,https://24h.pchome.com.tw/prod/DXAXCD-A900JPSCS,8681,PChome 即時資料（已保存）（已保存）（已保存）（已保存）（已保存）（已保存）
2026-05-21,kobe 6,男鞋,PChome,Kobe 9 Elite Low Protro 月球漫步者 休閒鞋 運動鞋 男鞋 IM0465-500,https://24h.pchome.com.tw/prod/DXAX8V-A900JFJQG,9758,PChome 即時資料（已保存）（已保存）（已保存）（已保存）（已保存）（已保存）
2026-05-21,kobe 6,男鞋,PChome,Nike Kobe VI Protro ASG Hollywood 3D 男鞋 紫黑色 籃球鞋 IQ3902-002,https://24h.pchome.com.tw/prod/DXAX7S-A900JTSWO,10800,PChome 即時資料（已保存）（已保存）（已保存）（已保存）（已保存）（已保存）
2026-05-21,kobe 6,男鞋,PChome,Kobe 5 Protro Year of the Mamba 蛇年限定 大學紅 曼巴之年 紅金 籃球鞋 運動鞋 男鞋 HF5182-600,https://24h.pchome.com.tw/prod/DXAX7S-A900I9B2K,10759,PChome 即時資料（已保存）（已保存）（已保存）（已保存）（已保存）（已保存）
2026-05-21,kobe 6,男鞋,momo購物網,【adidas 愛迪達】籃球鞋 Crazy 1 男鞋 灰 黑 Kobe Bryant 復古 運動鞋 愛迪達(IE6570),https://www.momoshop.com.tw/goods/GoodsDetail.jsp?i_code=13337556&Area=search&mdiv=403&oid=1_6&cid=index&kw=kobe%2B1,2071,momo 即時搜尋資料（已保存）（已保存）（已保存）（已保存）
2026-05-21,kobe 6,男鞋,momo購物網,【NIKE 耐吉】Kobe 6 全明星 好萊塢 3D 2026 深灰紅藍 蛇皮壓紋 回彈 3D眼鏡 男鞋 IQ3902-002,https://www.momoshop.com.tw/goods/GoodsDetail.jsp?i_code=14988650&Area=search&mdiv=403&oid=1_5&cid=index&kw=kobe%2B6,10856,momo 即時搜尋資料
2026-05-21,kobe 6,男鞋,PChome,Kobe 6 全明星 好萊塢 3D 2026 深灰紅藍 蛇皮壓紋 回彈 3D眼鏡 男鞋 IQ3902-002,https://24h.pchome.com.tw/prod/DXAXFC-A900JT1O2,12253,PChome 即時資料
2026-05-21,kobe 6,男鞋,PChome,"Kobe 8 Protro ""Halo"" 白 全白 籃球鞋 復刻 運動鞋 籃球鞋 男鞋 FJ9364-100",https://24h.pchome.com.tw/prod/DXAX7S-A900JFOXE,13000,PChome 即時資料（已保存）（已保存）（已保存）（已保存）（已保存）（已保存）
2026-05-21,kobe 6,男鞋,PChome,籃球鞋 Kobe 11 Elite Protro 男鞋 黑 金勾 IM4260-001,https://24h.pchome.com.tw/prod/DXAX7S-A900JYLZS,14800,PChome 即時資料（已保存）（已保存）（已保存）（已保存）（已保存）（已保存）
2026-05-21,kobe 6,男鞋,momo購物網,【NIKE 耐吉】IB0018-600 Nike × Kobe Bryant Air Force 1 low lower merion high: away舒適 透氣 低幫 板鞋 男款 紅白, https://www.momoshop.com.tw/TP/TP0009562/goodsDetail/TP00095620012211,5150,momo 即時搜尋資料（已保存）（已保存）（已保存）（已保存）
2026-05-21,kobe 6,男鞋,momo購物網,【NIKE 耐吉】IM0542-100 Nike Zoom Kobe 1 Protro 81 Points 少年感舒適耐用 高幫 籃球鞋 男款 白紫黑 2026年版本, https://www.momoshop.com.tw/TP/TP0009562/goodsDetail/TP00095620009442,5200,momo 即時搜尋資料（已保存）（已保存）（已保存）（已保存）
2026-05-21,kobe 6,男鞋,momo購物網,【NIKE 耐吉】IH1871-800 Nike Zoom Kobe 6 Protro Total Orange 舒適百搭 低幫 籃球鞋 男款 橙銀色, https://www.momoshop.com.tw/TP/TP0009562/goodsDetail/TP00095620009096,10700,momo 即時搜尋資料
2026-05-21,kobe 6,男鞋,momo購物網,【NIKE 耐吉】IQ3902-002 Nike Zoom Kobe 6 All-Star 3D Hollywood 2026 Protro 鴛鴦 時尚舒適 回彈抓地 低幫 籃球鞋 男款 紅藍色, https://www.momoshop.com.tw/TP/TP0009562/goodsDetail/TP00095620009095,11000,momo 即時搜尋資料
2026-05-21,kobe 6,男鞋,momo購物網,【NIKE 耐吉】Kobe 6 全明星 好萊塢 3D 2026 深灰紅藍 蛇紋 3D眼鏡 男鞋 IQ3902-002, https://www.momoshop.com.tw/TP/TP0004485/goodsDetail/TP00044850003637,11682,momo 即時搜尋資料
2026-05-21,kobe 6,男鞋,momo購物網,【NIKE 耐吉】CW2190-400 Nike Zoom Kobe 6 Protro Dodgers PE 圓頭系帶 減震防滑 低幫 籃球鞋 男款 藍白, https://www.momoshop.com.tw/TP/TP0009562/goodsDetail/TP00095620009097,11900,momo 即時搜尋資料
2026-05-21,kobe 6,男鞋,momo購物網,"【NIKE 耐吉】Nike Kobe 6 Protro ""All-Star 2.0"" 曼巴 全明星 籃球鞋 白 男鞋 FQ3546-100", https://www.momoshop.com.tw/TP/TP0004893/goodsDetail/TP00048930011391,12860,momo 即時搜尋資料
2026-05-21,kobe 6,男鞋,momo購物網,【NIKE 耐吉】IQ5774-300 Jalen Brunson × Nike Zoom Kobe 6 Protro Statue of Liberty PE 百搭舒適 低幫 籃球鞋 男款 綠色, https://www.momoshop.com.tw/TP/TP0009562/goodsDetail/TP00095620009099,25900,momo 即時搜尋資料
2026-05-21,kobe 6,男鞋,momo購物網,【NIKE 耐吉】CW2190-002 Nike Zoom Kobe 6 Protro Mambacita Sweet 16 GiGi 曼巴基金會 低幫 實戰籃球鞋 男款 黑白, https://www.momoshop.com.tw/TP/TP0009562/goodsDetail/TP00095620009103,26600,momo 即時搜尋資料
2026-05-21,kobe 1,男鞋,momo購物網,【NIKE 耐吉】Kobe 9 EM Low Protro 綠白 緩震 透氣 抓地力 休閒鞋 運動鞋 男鞋 IH1401-003,https://www.momoshop.com.tw/goods/GoodsDetail.jsp?i_code=15132725&Area=search&mdiv=403&oid=1_8&cid=index&kw=Kobe,4731,momo 即時搜尋資料（已保存）（已保存）（已保存）
2026-05-21,kobe 1,男鞋,momo購物網,【NIKE 耐吉】籃球鞋 Kobe IX Elite EM Protro 男鞋 雷霆藍 曼巴 IH1401-401,https://www.momoshop.com.tw/goods/GoodsDetail.jsp?i_code=15133369&Area=search&mdiv=403&oid=1_13&cid=index&kw=Kobe,5301,momo 即時搜尋資料（已保存）（已保存）（已保存）
2026-05-21,kobe 1,男鞋,momo購物網,【NIKE 耐吉】籃球鞋 Nike Zoom Kobe 4 Protro CHBL 黃金蟒 曼巴 籃球鞋 男款 IH0587-700,https://www.momoshop.com.tw/goods/GoodsDetail.jsp?i_code=14078548&Area=search&mdiv=403&oid=1_5&cid=index&kw=Kobe,9891,momo 即時搜尋資料（已保存）（已保存）（已保存）
2026-05-21,kobe 1,男鞋,momo購物網,【NIKE 耐吉】Kobe III Protro Royal Pulse 男鞋 藍色 柯比 聖誕節 籃球鞋 IQ5338-400,https://www.momoshop.com.tw/goods/GoodsDetail.jsp?i_code=14893278&Area=search&mdiv=403&oid=1_18&cid=index&kw=Kobe,4462,momo 即時搜尋資料（已保存）（已保存）（已保存）
2026-05-21,kobe 1,男鞋,momo購物網,【NIKE 耐吉】Kobe 9 EM Low Protro TB 黑紫 透氣 回彈 休閒鞋 運動鞋 男鞋 IH1401-500,https://www.momoshop.com.tw/goods/GoodsDetail.jsp?i_code=14869658&Area=search&mdiv=403&oid=1_20&cid=index&kw=Kobe,4765,momo 即時搜尋資料（已保存）（已保存）（已保存）
2026-05-21,kobe 1,男鞋,momo購物網,【NIKE 耐吉】Nike Zoom Kobe 1 Protro 81 Points 白紫黑 2026 男鞋 籃球鞋 IM0542-100,https://www.momoshop.com.tw/goods/GoodsDetail.jsp?i_code=14970065&Area=search&mdiv=403&oid=1_1&cid=index&kw=kobe%2B1,4879,momo 即時搜尋資料
2026-05-21,kobe 1,男鞋,momo購物網,【NIKE 耐吉】Nike Zoom Kobe 1 Protro 81 Points 白紫黑 2026 男鞋 籃球鞋 IM0542-100,https://www.momoshop.com.tw/goods/GoodsDetail.jsp?i_code=14970065&Area=search&mdiv=403&oid=1_16&cid=index&kw=Kobe,4879,momo 即時搜尋資料（已保存）（已保存）（已保存）（已保存）（已保存）（已保存）（已保存）
2026-05-21,kobe 1,男鞋,momo購物網,【NIKE 耐吉】籃球鞋 Nike Kobe 8 Protro Lakers Home 湖人隊主場 白紫鉤 男鞋 HF9550-100,https://www.momoshop.com.tw/goods/GoodsDetail.jsp?i_code=13638904&Area=search&mdiv=403&oid=1_19&cid=index&kw=Kobe,8550,momo 即時搜尋資料（已保存）（已保存）（已保存）
2026-05-21,kobe 1,男鞋,momo購物網,【NIKE 耐吉】Nike Kobe 8 Protro 馬年限定 紅藍 回彈 男鞋 IM0594-600, https://www.momoshop.com.tw/TP/TP0000668/goodsDetail/TP00006680001883,7080,momo 即時搜尋資料（已保存）（已保存）（已保存）（已保存）（已保存）（已保存）（已保存）
2026-05-21,kobe 1,男鞋,momo購物網,【NIKE 耐吉】Kobe x Nike Air Force 1 Low Protro 金藍 皮革鞋面 緩震氣墊 休閒鞋 運動鞋 男鞋 IH1018-200,https://www.momoshop.com.tw/goods/GoodsDetail.jsp?i_code=14641343&Area=search&mdiv=403&oid=1_4&cid=index&kw=kobe%2B1,3569,momo 即時搜尋資料
2026-05-21,kobe 1,男鞋,momo購物網,【NIKE 耐吉】籃球鞋 Nike KOBE Protro JA3 男款 實戰 緩震 限量 黑曼巴(3/4/5/6/8/9/11代),https://www.momoshop.com.tw/goods/GoodsDetail.jsp?i_code=14503813&Area=search&mdiv=403&oid=1_2&cid=index&kw=Kobe,8729,momo 即時搜尋資料（已保存）（已保存）（已保存）（已保存）（已保存）（已保存）（已保存）
2026-05-21,kobe 1,男鞋,momo購物網,【NIKE 耐吉】籃球鞋 Nike KOBE Protro JA3 男款 實戰 緩震 限量 黑曼巴(3/4/5/6/8/9/11代),https://www.momoshop.com.tw/goods/GoodsDetail.jsp?i_code=14503813&Area=search&mdiv=403&oid=1_3&cid=index&kw=kobe%2B6,8729,momo 即時搜尋資料（已保存）
2026-05-21,kobe 1,男鞋,momo購物網,【NIKE 耐吉】籃球鞋 Kobe 11 EM Protro 男鞋 黑金 冰底 Mamba Day IU4902-900,https://www.momoshop.com.tw/goods/GoodsDetail.jsp?i_code=15152828&Area=search&mdiv=403&oid=1_14&cid=index&kw=Kobe,8262,momo 即時搜尋資料（已保存）（已保存）（已保存）
2026-05-21,kobe 1,男鞋,momo購物網,【NIKE 耐吉】Kobe VI Protro ASG Hollywood 3D 男鞋 深灰紅藍色 籃球鞋 IQ3902-002,https://www.momoshop.com.tw/goods/GoodsDetail.jsp?i_code=15015147&Area=search&mdiv=403&oid=1_9&cid=index&kw=Kobe,9936,momo 即時搜尋資料（已保存）（已保存）（已保存）（已保存）（已保存）（已保存）（已保存）
2026-05-21,kobe 1,男鞋,momo購物網,【NIKE 耐吉】籃球鞋 Nike Kobe 11 Elite Protro Fade To Black 黑色 金勾 男款 IM4260-001,https://www.momoshop.com.tw/goods/GoodsDetail.jsp?i_code=15212820&Area=search&mdiv=403&oid=1_11&cid=index&kw=Kobe,11210,momo 即時搜尋資料（已保存）（已保存）（已保存）（已保存）（已保存）（已保存）（已保存）
2026-05-21,kobe 1,男鞋,momo購物網,【NIKE 耐吉】籃球鞋 Kobe 11 Elite Protro 男鞋 黑 金勾 IM4260-001,https://www.momoshop.com.tw/goods/GoodsDetail.jsp?i_code=15152826&Area=search&mdiv=403&oid=1_12&cid=index&kw=Kobe,14800,momo 即時搜尋資料（已保存）（已保存）（已保存）（已保存）（已保存）（已保存）（已保存）
2026-05-21,kobe 1,男鞋,momo購物網,【NIKE 耐吉】Nike Zoom Kobe 1 Protro 81 Points 白紫黑 2026 男鞋 籃球鞋 IM0542-100, https://www.momoshop.com.tw/TP/TP0000087/goodsDetail/TP00000870000957,4880,momo 即時搜尋資料
2026-05-21,kobe 1,男鞋,momo購物網,【NIKE 耐吉】Kobe 5 Protro 紅銀 曼巴 實戰 籃球鞋 運動鞋 男鞋 IM0557-001,https://www.momoshop.com.tw/goods/GoodsDetail.jsp?i_code=15080987&Area=search&mdiv=403&oid=1_7&cid=index&kw=Kobe,9936,momo 即時搜尋資料（已保存）（已保存）（已保存）
2026-05-21,kobe 1,男鞋,momo購物網,【NIKE 耐吉】Kobe 1 Protro 81 Points 男鞋 白紫黑色 黑曼巴 經典 籃球鞋 IM0542-100,https://www.momoshop.com.tw/goods/GoodsDetail.jsp?i_code=14957787&Area=search&mdiv=403&oid=1_2&cid=index&kw=kobe%2B1,5704,momo 即時搜尋資料
2026-05-21,kobe 1,男鞋,momo購物網,【NIKE 耐吉】Kobe 3 Low Protro 紫粉 回彈 透氣 抓地力 休閒鞋 運動鞋 男鞋 IF2497-500,https://www.momoshop.com.tw/goods/GoodsDetail.jsp?i_code=15169714&Area=search&mdiv=403&oid=1_17&cid=index&kw=Kobe,5869,momo 即時搜尋資料（已保存）（已保存）（已保存）
2026-05-21,kobe 1,男鞋,PChome,籃球鞋 Crazy 1 男鞋 灰 黑 Kobe Bryant 復古 運動鞋 IE6570,https://24h.pchome.com.tw/prod/DXAX7S-A900JNVEP,1874,PChome 即時資料
2026-05-21,kobe 1,男鞋,momo購物網,【adidas 愛迪達】籃球鞋 Crazy 1 雲白 大膽藍 Kobe 男鞋 復刻 愛迪達(IG3734),https://www.momoshop.com.tw/goods/GoodsDetail.jsp?i_code=12617864&Area=search&mdiv=403&oid=1_9&cid=index&kw=kobe%2B1,2480,momo 即時搜尋資料
2026-05-21,kobe 1,男鞋,PChome,Kobe x Nike Air Force 1 Low Protro 金藍 皮革鞋面 緩震氣墊 休閒鞋 運動鞋 男鞋 IH1018-200,https://24h.pchome.com.tw/prod/DXAX6U-A900JFJPZ,3707,PChome 即時資料
2026-05-21,kobe 1,男鞋,PChome,Kobe Bryant x Nike Air Force 1 Low 白紅 限定版 刺繡 氣墊 休閒鞋 運動鞋 男鞋 IB0018-101,https://24h.pchome.com.tw/prod/DXAX2W-A900JXOZA,4221,PChome 即時資料
2026-05-21,kobe 1,男鞋,PChome,籃球鞋 Crazy 2 男鞋 白 黃 KOBE All-Star 全明星賽 愛迪達 JI0337,https://24h.pchome.com.tw/prod/DXAX7S-A900J8Y5I,4280,PChome 即時資料（已保存）（已保存）（已保存）
2026-05-21,kobe 1,男鞋,PChome,Kobe 3 Protro 聖誕節 透氣 緩震 休閒鞋 運動鞋 男鞋 IQ5338-400,https://24h.pchome.com.tw/prod/DXAX6U-A900JKGW6,4947,PChome 即時資料（已保存）（已保存）（已保存）
2026-05-21,kobe 1,男鞋,PChome,籃球鞋 Kobe III Protro 男鞋 Royal Pulse 藍 柯比 聖誕節 IQ5338-400,https://24h.pchome.com.tw/prod/DXAX7S-A900JM04T,5180,PChome 即時資料（已保存）（已保存）（已保存）
2026-05-21,kobe 1,男鞋,PChome,Kobe 9 EM Low Protro 綠白 緩震 透氣 抓地力 休閒鞋 運動鞋 男鞋 IH1401-003,https://24h.pchome.com.tw/prod/DXAX29-A900JWSLT,5183,PChome 即時資料（已保存）（已保存）（已保存）
2026-05-21,kobe 1,男鞋,momo購物網,【NIKE 耐吉】Kobe Bryant x Nike Air Force 1 Low Protro 棕色麂皮 緩震 氣墊 休閒鞋 男鞋 IM0582-700,https://www.momoshop.com.tw/goods/GoodsDetail.jsp?i_code=15234477&Area=search&mdiv=403&oid=1_5&cid=index&kw=kobe%2B1,4446,momo 即時搜尋資料
2026-05-21,kobe 1,男鞋,PChome,籃球鞋 Kobe IX Elite EM Protro 男鞋 薄荷綠 曼巴 IH1401-003,https://24h.pchome.com.tw/prod/DXAX7S-A900JWKKC,5580,PChome 即時資料（已保存）（已保存）（已保存）
2026-05-21,kobe 1,男鞋,PChome,籃球鞋 Kobe IX Elite EM Protro 男鞋 雷霆藍 曼巴 IH1401-401,https://24h.pchome.com.tw/prod/DXAX7S-A900JWKKE,5580,PChome 即時資料（已保存）（已保存）（已保存）
2026-05-21,kobe 1,男鞋,PChome,Kobe 1 Protro 81pt Game 白紫 黑曼巴 籃球鞋 男鞋 IM0542-100,https://24h.pchome.com.tw/prod/DXAXFC-A900JOWYN,5563,PChome 即時資料
2026-05-21,kobe 1,男鞋,PChome,籃球鞋 Kobe IX Elite EM Protro 男鞋 WNBA30週年 IM6119-800,https://24h.pchome.com.tw/prod/DXAX7S-A900K1293,5480,PChome 即時資料（已保存）（已保存）（已保存）（已保存）（已保存）（已保存）（已保存）
2026-05-21,kobe 1,男鞋,PChome,Nike Kobe III Protro Royal Pulse 男鞋 藍色 柯比 聖誕節 籃球鞋 IQ5338-400,https://24h.pchome.com.tw/prod/DXAX7S-A900JTTD0,5580,PChome 即時資料（已保存）（已保存）（已保存）
2026-05-21,kobe 1,男鞋,PChome,Kobe 9 EM Low Protro 黑金 休閒鞋 運動鞋 男鞋 IH1401-002,https://24h.pchome.com.tw/prod/DXAX68-A900JFPTA,5732,PChome 即時資料（已保存）（已保存）（已保存）
2026-05-21,kobe 1,男鞋,PChome,Kobe 9 EM Low Protro TB 黑紫 透氣 回彈 休閒鞋 運動鞋 男鞋 IH1401-500,https://24h.pchome.com.tw/prod/DXAXCD-A900JMUDN,5766,PChome 即時資料（已保存）（已保存）（已保存）
2026-05-21,kobe 1,男鞋,PChome,籃球鞋 Kobe IX Elite EM Protro 男鞋 黑 紫 黑曼巴 IH1401-500,https://24h.pchome.com.tw/prod/DXAX7S-A900JWKJY,5780,PChome 即時資料（已保存）（已保存）（已保存）
2026-05-21,kobe 1,男鞋,PChome,Nike Kobe 9 EM Low Protro TB 男鞋 黑紫色 透氣 回彈 運動 休閒鞋 IH1401-500,https://24h.pchome.com.tw/prod/DXAX69-A900JTTHC,5880,PChome 即時資料（已保存）（已保存）（已保存）
2026-05-21,kobe 1,男鞋,PChome,籃球鞋 Kobe 9 IX Elite Low EM Protro 男鞋 藍 IH1401-402,https://24h.pchome.com.tw/prod/DXAX7S-A900JWRK3,5980,PChome 即時資料（已保存）（已保存）（已保存）
2026-05-21,kobe 1,男鞋,momo購物網,【NIKE 耐吉】Kobe 9 Elite Low EM Protro WNBA 亮橘色 回彈 抓地力 休閒鞋 運動鞋 男鞋 IM6119-800,https://www.momoshop.com.tw/goods/GoodsDetail.jsp?i_code=15262105&Area=search&mdiv=403&oid=1_15&cid=index&kw=Kobe,5206,momo 即時搜尋資料（已保存）（已保存）（已保存）（已保存）（已保存）（已保存）（已保存）
2026-05-21,kobe 1,男鞋,PChome,Kobe 9 EM Low 冰川藍 透氣 回彈 緩震 運動鞋 男鞋 IH1401-402,https://24h.pchome.com.tw/prod/DXAX2F-A900JS6HB,6008,PChome 即時資料（已保存）（已保存）（已保存）
2026-05-21,kobe 1,男鞋,PChome,Kobe 9 EM Low 紫橘 黑曼巴 抓地 透氣 運動鞋 男鞋 IH1401-401,https://24h.pchome.com.tw/prod/DXAXCD-A900JS6QE,6155,PChome 即時資料（已保存）（已保存）（已保存）
2026-05-21,kobe 1,男鞋,PChome,Nike Kobe 1 Protro 81 Points 男鞋 白紫黑色 黑曼巴 經典 籃球鞋 IM0542-100,https://24h.pchome.com.tw/prod/DXAX7S-A900JTTDG,6123,PChome 即時資料
2026-05-21,kobe 1,男鞋,PChome,Kobe 9 Elite Low EM Protro WNBA 亮橘色 回彈 抓地力 休閒鞋 運動鞋 男鞋 IM6119-800,https://24h.pchome.com.tw/prod/DXAX29-A900K0TVY,6155,PChome 即時資料（已保存）（已保存）（已保存）（已保存）（已保存）（已保存）（已保存）
2026-05-21,kobe 1,男鞋,PChome,Kobe 9 EM Low 中國紅 網布 緩震 休閒鞋 運動鞋 男鞋 IH1400-600,https://24h.pchome.com.tw/prod/DXAX68-A900JHU9P,6603,PChome 即時資料（已保存）（已保存）（已保存）（已保存）（已保存）（已保存）（已保存）
2026-05-21,kobe 1,男鞋,PChome,Kobe 3 Low Protro 紫粉 回彈 透氣 抓地力 休閒鞋 運動鞋 男鞋 IF2497-500,https://24h.pchome.com.tw/prod/DXAX2W-A900JXOZF,7090,PChome 即時資料（已保存）（已保存）（已保存）
2026-05-21,kobe 1,男鞋,PChome,Kobe 8 Protro 馬年限定 紅藍  回彈 抓地力 運動鞋 男鞋 IM0594-600,https://24h.pchome.com.tw/prod/DXAXCD-A900JPSCS,8681,PChome 即時資料（已保存）（已保存）（已保存）（已保存）（已保存）（已保存）（已保存）
2026-05-21,kobe 1,男鞋,PChome,籃球鞋 Kobe 11 EM Protro 男鞋 黑金 冰底 Mamba Day IU4902900,https://24h.pchome.com.tw/prod/DXAX7S-A900JXCJX,9180,PChome 即時資料（已保存）（已保存）（已保存）
2026-05-21,kobe 1,男鞋,PChome,Kobe V Protro Year of the Mamba 曼巴之年 蛇年限定 金屬紫金 籃球鞋 運動鞋 男鞋 IB4481-500,https://24h.pchome.com.tw/prod/DXAX7S-A900I8K86,9406,PChome 即時資料（已保存）（已保存）（已保存）
2026-05-21,kobe 1,男鞋,PChome,Kobe 9 Elite Low Protro 月球漫步者 休閒鞋 運動鞋 男鞋 IM0465-500,https://24h.pchome.com.tw/prod/DXAX8V-A900JFJQG,9758,PChome 即時資料（已保存）（已保存）（已保存）（已保存）（已保存）（已保存）（已保存）
2026-05-21,kobe 1,男鞋,PChome,Kobe 8 EXT Protro 巴洛克棕 永遠的兄弟 馬毛 馬蹄鐵 休閒鞋 運動鞋 男鞋 IM1820-100,https://24h.pchome.com.tw/prod/DXAX29-A900JZZYY,10086,PChome 即時資料（已保存）（已保存）（已保存）
2026-05-21,kobe 1,男鞋,PChome,Nike Kobe VI Protro ASG Hollywood 3D 男鞋 紫黑色 籃球鞋 IQ3902-002,https://24h.pchome.com.tw/prod/DXAX7S-A900JTSWO,10800,PChome 即時資料（已保存）（已保存）（已保存）（已保存）（已保存）（已保存）（已保存）
2026-05-21,kobe 1,男鞋,PChome,Kobe 5 Protro Year of the Mamba 蛇年限定 大學紅 曼巴之年 紅金 籃球鞋 運動鞋 男鞋 HF5182-600,https://24h.pchome.com.tw/prod/DXAX7S-A900I9B2K,10759,PChome 即時資料（已保存）（已保存）（已保存）（已保存）（已保存）（已保存）（已保存）
2026-05-21,kobe 1,男鞋,momo購物網,【adidas 愛迪達】籃球鞋 Crazy 1 男鞋 灰 黑 Kobe Bryant 復古 運動鞋 愛迪達(IE6570),https://www.momoshop.com.tw/goods/GoodsDetail.jsp?i_code=13337556&Area=search&mdiv=403&oid=1_6&cid=index&kw=kobe%2B1,2071,momo 即時搜尋資料
2026-05-21,kobe 1,男鞋,PChome,Kobe 5 Protro 紅銀 曼巴 實戰 籃球鞋 運動鞋 男鞋 IM0557-001,https://24h.pchome.com.tw/prod/DXAX29-A900JV6BY,11241,PChome 即時資料（已保存）（已保存）（已保存）
2026-05-21,kobe 1,男鞋,momo購物網,【NIKE 耐吉】Kobe 6 全明星 好萊塢 3D 2026 深灰紅藍 蛇皮壓紋 回彈 3D眼鏡 男鞋 IQ3902-002,https://www.momoshop.com.tw/goods/GoodsDetail.jsp?i_code=14988650&Area=search&mdiv=403&oid=1_5&cid=index&kw=kobe%2B6,10856,momo 即時搜尋資料（已保存）
2026-05-21,kobe 1,男鞋,PChome,"Kobe 5 Protro ""Year of the Mamba"" 曼巴之年 蛇年限定 籃球鞋 紫 黑 金 男鞋 女鞋 運動鞋 IB4481-500",https://24h.pchome.com.tw/prod/DXAX7S-A900JFOU1,12280,PChome 即時資料（已保存）（已保存）（已保存）
2026-05-21,kobe 1,男鞋,PChome,Kobe 6 全明星 好萊塢 3D 2026 深灰紅藍 蛇皮壓紋 回彈 3D眼鏡 男鞋 IQ3902-002,https://24h.pchome.com.tw/prod/DXAXFC-A900JT1O2,12253,PChome 即時資料（已保存）
2026-05-21,kobe 1,男鞋,PChome,"Kobe 8 Protro ""Halo"" 白 全白 籃球鞋 復刻 運動鞋 籃球鞋 男鞋 FJ9364-100",https://24h.pchome.com.tw/prod/DXAX7S-A900JFOXE,13000,PChome 即時資料（已保存）（已保存）（已保存）（已保存）（已保存）（已保存）（已保存）
2026-05-21,kobe 1,男鞋,PChome,籃球鞋 Kobe 11 Elite Protro 男鞋 黑 金勾 IM4260-001,https://24h.pchome.com.tw/prod/DXAX7S-A900JYLZS,14800,PChome 即時資料（已保存）（已保存）（已保存）（已保存）（已保存）（已保存）（已保存）
2026-05-21,kobe 1,男鞋,momo購物網,【NIKE 耐吉】Kobe 1 Protro 81pt Game 白紫 黑曼巴 籃球鞋 男鞋 IM0542-100,https://www.momoshop.com.tw/goods/GoodsDetail.jsp?i_code=14937050&Area=search&mdiv=403&oid=1_3&cid=index&kw=kobe%2B1,5409,momo 即時搜尋資料
2026-05-21,kobe 1,男鞋,momo購物網,【NIKE 耐吉】Kobe x Nike Air Force 1 Low Protro 金藍 緩震氣墊 休閒鞋 男鞋 IH1018-200, https://www.momoshop.com.tw/TP/TP0004485/goodsDetail/TP00044850002848,3852,momo 即時搜尋資料
2026-05-21,kobe 1,男鞋,momo購物網,【NIKE 耐吉】IB0018-101 Nike × Kobe Bryant Air Force 1 Low White and Team Red 舒適 耐磨 低幫 板鞋 男款 白紅, https://www.momoshop.com.tw/TP/TP0009562/goodsDetail/TP00095620009495,4750,momo 即時搜尋資料
2026-05-21,kobe 1,男鞋,momo購物網,【NIKE 耐吉】II3925-400 Nike × Kobe Bryant Air Force 1 皮革 Low Protro Lenticular 舒適 低幫 板鞋 男款 藍色, https://www.momoshop.com.tw/TP/TP0009562/goodsDetail/TP00095620009175,4650,momo 即時搜尋資料
2026-05-21,kobe 1,男鞋,momo購物網,【NIKE 耐吉】IB0018-100 Nike Air Force 1 Low Kobe Forever White 時尚舒適 低幫 板鞋 男款 白色, https://www.momoshop.com.tw/TP/TP0009562/goodsDetail/TP00095620009910,4900,momo 即時搜尋資料
2026-05-21,kobe 1,男鞋,momo購物網,【NIKE 耐吉】IM0582-700 Nike × Kobe Bryant Air Force 1 Protro QS 經典舒適 透氣 低幫 板鞋 男款 棕色, https://www.momoshop.com.tw/TP/TP0009562/goodsDetail/TP00095620013199,4950,momo 即時搜尋資料
2026-05-21,kobe 1,男鞋,momo購物網,【NIKE 耐吉】IB0018-004 Nike × Kobe Bryant Air Force 1 Low Cool Grey 少年感舒適 低幫 板鞋 男款 灰色, https://www.momoshop.com.tw/TP/TP0009562/goodsDetail/TP00095620010990,5200,momo 即時搜尋資料
2026-05-21,kobe 1,男鞋,momo購物網,【NIKE 耐吉】IB0018-600 Nike × Kobe Bryant Air Force 1 low lower merion high: away舒適 透氣 低幫 板鞋 男款 紅白, https://www.momoshop.com.tw/TP/TP0009562/goodsDetail/TP00095620012211,5150,momo 即時搜尋資料
2026-05-21,kobe 1,男鞋,momo購物網,【NIKE 耐吉】IM0542-100 Nike Zoom Kobe 1 Protro 81 Points 少年感舒適耐用 高幫 籃球鞋 男款 白紫黑 2026年版本, https://www.momoshop.com.tw/TP/TP0009562/goodsDetail/TP00095620009442,5200,momo 即時搜尋資料
2026-05-21,kobe 1,男鞋,momo購物網,【NIKE 耐吉】IB0018-003 Nike Air Force 1 Low Kobe 舒適 透氣 低幫 板鞋 男款 黑色, https://www.momoshop.com.tw/TP/TP0009562/goodsDetail/TP00095620009176,5400,momo 即時搜尋資料
2026-05-21,kobe 1,男鞋,momo購物網,【NIKE 耐吉】Kobe 1 Protro 81pt Game 白紫 黑曼巴 籃球鞋 男鞋 IM0542-100, https://www.momoshop.com.tw/TP/TP0004485/goodsDetail/TP00044850003318,5832,momo 即時搜尋資料
2026-05-21,kobe 1,男鞋,momo購物網,【NIKE 耐吉】Nike Kobe 1 Protro 81 Points 男鞋 白紫 黑 黑曼巴 籃球鞋 IM0542-100, https://www.momoshop.com.tw/TP/TP0000668/goodsDetail/TP00006680001879,6200,momo 即時搜尋資料
2026-05-21,kobe 1,男鞋,momo購物網,【NIKE 耐吉】IU4902-900 Nike Kobe 11 Protro 時尚潮流 抓地 低幫 籃球鞋 男款 黑金, https://www.momoshop.com.tw/TP/TP0009562/goodsDetail/TP00095620009123,6450,momo 即時搜尋資料（已保存）（已保存）（已保存）
2026-05-21,kobe 1,男鞋,momo購物網,【NIKE 耐吉】IM0541-400 Nike Zoom Kobe 1 Protro Work Blue 百搭舒適 支撐回彈 高幫 籃球鞋 男款 藍色, https://www.momoshop.com.tw/TP/TP0009562/goodsDetail/TP00095620013152,6850,momo 即時搜尋資料
2026-05-21,kobe 1,男鞋,momo購物網,【NIKE 耐吉】IM0583-400 Nike Air Force 1 織物皮革 Protro 'Work Blue and Metallic Gold' Kobe 少年感科比時尚潮流 減震 低幫 板鞋 男款 藍色, https://www.momoshop.com.tw/TP/TP0009562/goodsDetail/TP00095620011851,7400,momo 即時搜尋資料
2026-05-21,kobe 1,男鞋,momo購物網,【NIKE 耐吉】Kobe 11 EM Protro Mamba Day 曼巴 黑金 冰底 男鞋 IU4902-900, https://www.momoshop.com.tw/TP/TP0000668/goodsDetail/TP00006680001902,8080,momo 即時搜尋資料（已保存）（已保存）（已保存）
2026-05-21,kobe 1,男鞋,momo購物網,【NIKE 耐吉】IH1871-800 Nike Zoom Kobe 6 Protro Total Orange 舒適百搭 低幫 籃球鞋 男款 橙銀色, https://www.momoshop.com.tw/TP/TP0009562/goodsDetail/TP00095620009096,10700,momo 即時搜尋資料（已保存）
2026-05-21,kobe 1,男鞋,momo購物網,【NIKE 耐吉】IQ3902-002 Nike Zoom Kobe 6 All-Star 3D Hollywood 2026 Protro 鴛鴦 時尚舒適 回彈抓地 低幫 籃球鞋 男款 紅藍色, https://www.momoshop.com.tw/TP/TP0009562/goodsDetail/TP00095620009095,11000,momo 即時搜尋資料（已保存）
2026-05-21,kobe 1,男鞋,momo購物網,【NIKE 耐吉】Kobe 6 全明星 好萊塢 3D 2026 深灰紅藍 蛇紋 3D眼鏡 男鞋 IQ3902-002, https://www.momoshop.com.tw/TP/TP0004485/goodsDetail/TP00044850003637,11682,momo 即時搜尋資料（已保存）
2026-05-21,kobe 1,男鞋,momo購物網,【NIKE 耐吉】CW2190-400 Nike Zoom Kobe 6 Protro Dodgers PE 圓頭系帶 減震防滑 低幫 籃球鞋 男款 藍白, https://www.momoshop.com.tw/TP/TP0009562/goodsDetail/TP00095620009097,11900,momo 即時搜尋資料（已保存）
2026-05-21,kobe 1,男鞋,momo購物網,"【NIKE 耐吉】Nike Kobe 6 Protro ""All-Star 2.0"" 曼巴 全明星 籃球鞋 白 男鞋 FQ3546-100", https://www.momoshop.com.tw/TP/TP0004893/goodsDetail/TP00048930011391,12860,momo 即時搜尋資料（已保存）
2026-05-21,kobe 1,男鞋,momo購物網,【NIKE 耐吉】IQ5774-300 Jalen Brunson × Nike Zoom Kobe 6 Protro Statue of Liberty PE 百搭舒適 低幫 籃球鞋 男款 綠色, https://www.momoshop.com.tw/TP/TP0009562/goodsDetail/TP00095620009099,25900,momo 即時搜尋資料（已保存）
2026-05-21,kobe 1,男鞋,momo購物網,【NIKE 耐吉】CW2190-002 Nike Zoom Kobe 6 Protro Mambacita Sweet 16 GiGi 曼巴基金會 低幫 實戰籃球鞋 男款 黑白, https://www.momoshop.com.tw/TP/TP0009562/goodsDetail/TP00095620009103,26600,momo 即時搜尋資料（已保存）
2026-05-21,kobe 6 allstar,男鞋,momo購物網,【NIKE 耐吉】IQ3902-002 Nike Zoom Kobe 6 All-Star 3D Hollywood 2026 Protro 鴛鴦 時尚舒適 回彈抓地 低幫 籃球鞋 男款 紅藍色, https://www.momoshop.com.tw/TP/TP0009562/goodsDetail/TP00095620009095,11000,momo 即時搜尋資料
2026-05-21,kobe 6 allstar,男鞋,momo購物網,"【NIKE 耐吉】Nike Kobe 6 Protro ""All-Star 2.0"" 曼巴 全明星 籃球鞋 白 男鞋 FQ3546-100", https://www.momoshop.com.tw/TP/TP0004893/goodsDetail/TP00048930011391,12860,momo 即時搜尋資料
2026-09-24,kobe 6,男鞋,momo購物網,【NIKE 耐吉】Nike Zoom Kobe 1 Protro 81 Points 白紫黑 2026 男鞋 籃球鞋 IM0542-100,https://www.momoshop.com.tw/goods/GoodsDetail.jsp?i_code=14970065&Area=search&mdiv=403&oid=1_16&cid=index&kw=Kobe,4879,momo 即時搜尋資料（已保存）（已保存）（已保存）（已保存）（已保存）（已保存）（已保存）（已保存）
2026-09-24,kobe 6,男鞋,momo購物網,【NIKE 耐吉】Nike Zoom Kobe 1 Protro 81 Points 白紫黑 2026 男鞋 籃球鞋 IM0542-100,https://www.momoshop.com.tw/goods/GoodsDetail.jsp?i_code=14970065&Area=search&mdiv=403&oid=1_1&cid=index&kw=kobe%2B1,4879,momo 即時搜尋資料（已保存）
2026-09-24,kobe 6,男鞋,momo購物網,【NIKE 耐吉】Nike Kobe 8 Protro 馬年限定 紅藍 回彈 男鞋 IM0594-600, https://www.momoshop.com.tw/TP/TP0000668/goodsDetail/TP00006680001883,7080,momo 即時搜尋資料（已保存）（已保存）（已保存）（已保存）（已保存）（已保存）（已保存）（已保存）
2026-09-24,kobe 6,男鞋,momo購物網,【NIKE 耐吉】籃球鞋 KOBE 3 Protro Mambacita 男款 實戰 緩震 限量 黑曼巴(3/4/5/6/8/9/11代),https://www.momoshop.com.tw/goods/GoodsDetail.jsp?i_code=14503813&Area=search&mdiv=403&oid=1_4&cid=index&kw=kobe%2B6&ecTagNos=,8075,momo 即時搜尋資料
2026-09-24,kobe 6,男鞋,momo購物網,【NIKE 耐吉】籃球鞋 Nike KOBE Protro JA3 男款 實戰 緩震 限量 黑曼巴(3/4/5/6/8/9/11代),https://www.momoshop.com.tw/goods/GoodsDetail.jsp?i_code=14503813&Area=search&mdiv=403&oid=1_3&cid=index&kw=kobe%2B6,8729,momo 即時搜尋資料（已保存）（已保存）
2026-09-24,kobe 6,男鞋,momo購物網,【NIKE 耐吉】籃球鞋 Nike KOBE Protro JA3 男款 實戰 緩震 限量 黑曼巴(3/4/5/6/8/9/11代),https://www.momoshop.com.tw/goods/GoodsDetail.jsp?i_code=14503813&Area=search&mdiv=403&oid=1_2&cid=index&kw=Kobe,8729,momo 即時搜尋資料（已保存）（已保存）（已保存）（已保存）（已保存）（已保存）（已保存）（已保存）
2026-09-24,kobe 6,男鞋,momo購物網,【NIKE 耐吉】Kobe VI Protro ASG Hollywood 3D 男鞋 深灰紅藍色 籃球鞋 IQ3902-002,https://www.momoshop.com.tw/goods/GoodsDetail.jsp?i_code=15015147&Area=search&mdiv=403&oid=1_9&cid=index&kw=Kobe,9936,momo 即時搜尋資料（已保存）（已保存）（已保存）（已保存）（已保存）（已保存）（已保存）（已保存）
2026-09-24,kobe 6,男鞋,momo購物網,【NIKE 耐吉】籃球鞋 Nike Kobe 11 Elite Protro Fade To Black 黑色 金勾 男款 IM4260-001,https://www.momoshop.com.tw/goods/GoodsDetail.jsp?i_code=15212820&Area=search&mdiv=403&oid=1_11&cid=index&kw=Kobe,11210,momo 即時搜尋資料（已保存）（已保存）（已保存）（已保存）（已保存）（已保存）（已保存）（已保存）
2026-09-24,kobe 6,男鞋,momo購物網,【NIKE 耐吉】籃球鞋 Kobe 11 Elite Protro 男鞋 黑 金勾 IM4260-001,https://www.momoshop.com.tw/goods/GoodsDetail.jsp?i_code=15152826&Area=search&mdiv=403&oid=1_12&cid=index&kw=Kobe,14800,momo 即時搜尋資料（已保存）（已保存）（已保存）（已保存）（已保存）（已保存）（已保存）（已保存）
2026-09-24,kobe 6,男鞋,momo購物網,【NIKE 耐吉】Nike Zoom Kobe 1 Protro 81 Points 白紫黑 2026 男鞋 籃球鞋 IM0542-100, https://www.momoshop.com.tw/TP/TP0000087/goodsDetail/TP00000870000957,4880,momo 即時搜尋資料（已保存）
2026-09-24,kobe 6,男鞋,PChome,籃球鞋 Crazy 1 男鞋 灰 黑 Kobe Bryant 復古 運動鞋 IE6570,https://24h.pchome.com.tw/prod/DXAX7S-A900JNVEP,1874,PChome 即時資料（已保存）
2026-09-24,kobe 6,男鞋,PChome,籃球鞋 Kobe IX Elite EM Protro 男鞋 WNBA30週年 IM6119-800,https://24h.pchome.com.tw/prod/DXAX7S-A900K1293,5480,PChome 即時資料（已保存）（已保存）（已保存）（已保存）（已保存）（已保存）（已保存）（已保存）
2026-09-24,kobe 6,男鞋,momo購物網,【NIKE 耐吉】Kobe 9 Elite Low EM Protro WNBA 亮橘色 回彈 抓地力 休閒鞋 運動鞋 男鞋 IM6119-800,https://www.momoshop.com.tw/goods/GoodsDetail.jsp?i_code=15262105&Area=search&mdiv=403&oid=1_15&cid=index&kw=Kobe,5206,momo 即時搜尋資料（已保存）（已保存）（已保存）（已保存）（已保存）（已保存）（已保存）（已保存）
2026-09-24,kobe 6,男鞋,PChome,Kobe 9 Elite Low EM Protro WNBA 亮橘色 回彈 抓地力 休閒鞋 運動鞋 男鞋 IM6119-800,https://24h.pchome.com.tw/prod/DXAX29-A900K0TVY,6155,PChome 即時資料（已保存）（已保存）（已保存）（已保存）（已保存）（已保存）（已保存）（已保存）
2026-09-24,kobe 6,男鞋,PChome,Kobe 9 EM Low 中國紅 網布 緩震 休閒鞋 運動鞋 男鞋 IH1400-600,https://24h.pchome.com.tw/prod/DXAX68-A900JHU9P,6603,PChome 即時資料（已保存）（已保存）（已保存）（已保存）（已保存）（已保存）（已保存）（已保存）
2026-09-24,kobe 6,男鞋,PChome,Kobe 8 Protro 馬年限定 紅藍  回彈 抓地力 運動鞋 男鞋 IM0594-600,https://24h.pchome.com.tw/prod/DXAXCD-A900JPSCS,8681,PChome 即時資料（已保存）（已保存）（已保存）（已保存）（已保存）（已保存）（已保存）（已保存）
2026-09-24,kobe 6,男鞋,momo購物網,【NIKE 耐吉】IQ3902-002 Nike Zoom Kobe 6 All-Star 3D Hollywood 2026 Protro 鴛鴦 時尚舒適 回彈抓地 低幫 籃球鞋 男款 紅藍色, https://www.momoshop.com.tw/TP/TP0010136/goodsDetail/TP00101360000161,8880,momo 即時搜尋資料
2026-09-24,kobe 6,男鞋,PChome,Kobe 9 Elite Low Protro 月球漫步者 休閒鞋 運動鞋 男鞋 IM0465-500,https://24h.pchome.com.tw/prod/DXAX8V-A900JFJQG,9758,PChome 即時資料（已保存）（已保存）（已保存）（已保存）（已保存）（已保存）（已保存）（已保存）
2026-09-24,kobe 6,男鞋,PChome,Nike Kobe VI Protro ASG Hollywood 3D 男鞋 紫黑色 籃球鞋 IQ3902-002,https://24h.pchome.com.tw/prod/DXAX7S-A900JTSWO,10800,PChome 即時資料（已保存）（已保存）（已保存）（已保存）（已保存）（已保存）（已保存）（已保存）
2026-09-24,kobe 6,男鞋,PChome,Kobe 5 Protro Year of the Mamba 蛇年限定 大學紅 曼巴之年 紅金 籃球鞋 運動鞋 男鞋 HF5182-600,https://24h.pchome.com.tw/prod/DXAX7S-A900I9B2K,10759,PChome 即時資料（已保存）（已保存）（已保存）（已保存）（已保存）（已保存）（已保存）（已保存）
2026-09-24,kobe 6,男鞋,momo購物網,【adidas 愛迪達】籃球鞋 Crazy 1 男鞋 灰 黑 Kobe Bryant 復古 運動鞋 愛迪達(IE6570),https://www.momoshop.com.tw/goods/GoodsDetail.jsp?i_code=13337556&Area=search&mdiv=403&oid=1_6&cid=index&kw=kobe%2B1,2071,momo 即時搜尋資料（已保存）
2026-09-24,kobe 6,男鞋,momo購物網,【NIKE 耐吉】CW2190-400 Nike Zoom Kobe 6 Protro Dodgers PE 圓頭系帶 減震防滑 低幫 籃球鞋 男款 藍白 nike男鞋 男運動鞋, https://www.momoshop.com.tw/TP/TP0009562/goodsDetail/TP00095620009097,10300,momo 即時搜尋資料
2026-09-24,kobe 6,男鞋,PChome,Kobe 6 全明星 好萊塢 3D 2026 深灰紅藍 蛇皮壓紋 回彈 3D眼鏡 男鞋 IQ3902-002,https://24h.pchome.com.tw/prod/DXAXFC-A900JT1O2,11580,PChome 即時資料
2026-09-24,kobe 6,男鞋,momo購物網,【NIKE 耐吉】CW2190-400 Nike Zoom Kobe 6 Protro Dodgers PE 圓頭系帶 減震防滑 低幫 籃球鞋 男款 藍白, https://www.momoshop.com.tw/TP/TP0010131/goodsDetail/TP00101310008708,10700,momo 即時搜尋資料
2026-09-24,kobe 6,男鞋,momo購物網,【NIKE 耐吉】Kobe 6 全明星 好萊塢 3D 2026 深灰紅藍 蛇皮壓紋 回彈 3D眼鏡 男鞋 IQ3902-002,https://www.momoshop.com.tw/goods/GoodsDetail.jsp?i_code=14988650&Area=search&mdiv=403&oid=1_5&cid=index&kw=kobe%2B6,10856,momo 即時搜尋資料（已保存）（已保存）
2026-09-24,kobe 6,男鞋,momo購物網,【NIKE 耐吉】Kobe 6 全明星 好萊塢 3D 2026 深灰紅藍 蛇皮壓紋 回彈 3D眼鏡 男鞋 IQ3902-002,https://www.momoshop.com.tw/goods/GoodsDetail.jsp?i_code=14988650&Area=search&mdiv=403&oid=1_5&cid=index&kw=kobe%2B6&ecTagNos=,11210,momo 即時搜尋資料
2026-09-24,kobe 6,男鞋,momo購物網,【NIKE 耐吉】IH1871-800 Nike Zoom Kobe 6 Protro Total Orange 舒適百搭 低幫 籃球鞋 男款 橙銀色 nike男鞋 男運動鞋, https://www.momoshop.com.tw/TP/TP0009562/goodsDetail/TP00095620009096,12000,momo 即時搜尋資料
2026-09-24,kobe 6,男鞋,PChome,"Kobe 8 Protro ""Halo"" 白 全白 籃球鞋 復刻 運動鞋 籃球鞋 男鞋 FJ9364-100",https://24h.pchome.com.tw/prod/DXAX7S-A900JFOXE,13000,PChome 即時資料（已保存）（已保存）（已保存）（已保存）（已保存）（已保存）（已保存）（已保存）
2026-09-24,kobe 6,男鞋,momo購物網,【NIKE 耐吉】IH1871-800 Nike Zoom Kobe 6 Protro Total Orange 舒適百搭 低幫 籃球鞋 男款 橙銀色, https://www.momoshop.com.tw/TP/TP0010131/goodsDetail/TP00101310007988,12400,momo 即時搜尋資料
2026-09-24,kobe 6,男鞋,PChome,籃球鞋 Kobe 11 Elite Protro 男鞋 黑 金勾 IM4260-001,https://24h.pchome.com.tw/prod/DXAX7S-A900JYLZS,14800,PChome 即時資料（已保存）（已保存）（已保存）（已保存）（已保存）（已保存）（已保存）（已保存）
2026-09-24,kobe 6,男鞋,momo購物網,【NIKE 耐吉】FQ3546-100 Nike Zoom Kobe 6 protro Sail 舒適 低幫 籃球鞋 男女同款 白色 nike男鞋 男運動鞋 nike女鞋 運動鞋女 休閒鞋, https://www.momoshop.com.tw/TP/TP0009562/goodsDetail/TP00095620009100,15600,momo 即時搜尋資料
2026-09-24,kobe 6,男鞋,momo購物網,【NIKE 耐吉】IO3672-400 Nike × Caitlin Clark Zoom Kobe 6 Protro PE 舒適百搭 低幫 籃球鞋 男女同款 藍色 nike男鞋 男運動鞋 nike女鞋 運動鞋女 休閒鞋, https://www.momoshop.com.tw/TP/TP0009562/goodsDetail/TP00095620009098,19500,momo 即時搜尋資料
2026-09-24,kobe 6,男鞋,momo購物網,【NIKE 耐吉】CW2190-002 Nike Zoom Kobe 6 Protro Mambacita Sweet 16 GiGi 曼巴基金會 低幫 實戰籃球鞋 男款 黑白, https://www.momoshop.com.tw/TP/TP0010131/goodsDetail/TP00101310008706,25100,momo 即時搜尋資料
2026-09-24,kobe 6,男鞋,momo購物網,【NIKE 耐吉】IQ5774-300 Jalen Brunson × Nike Zoom Kobe 6 Protro Statue of Liberty PE 百搭舒適 低幫 籃球鞋 男款 綠色 nike男鞋 男運動鞋, https://www.momoshop.com.tw/TP/TP0009562/goodsDetail/TP00095620009099,28500,momo 即時搜尋資料
2026-09-24,kobe 6,男鞋,momo購物網,【NIKE 耐吉】IQ5774-300 Jalen Brunson × Nike Zoom Kobe 6 Protro Statue of Liberty PE 百搭舒適 低幫 籃球鞋 男款 綠色, https://www.momoshop.com.tw/TP/TP0010131/goodsDetail/TP00101310009446,29400,momo 即時搜尋資料
2026-09-24,kobe 6,男鞋,momo購物網,【NIKE 耐吉】IB0018-600 Nike × Kobe Bryant Air Force 1 low lower merion high: away舒適 透氣 低幫 板鞋 男款 紅白, https://www.momoshop.com.tw/TP/TP0009562/goodsDetail/TP00095620012211,5150,momo 即時搜尋資料（已保存）
2026-09-24,kobe 6,男鞋,momo購物網,【NIKE 耐吉】IM0542-100 Nike Zoom Kobe 1 Protro 81 Points 少年感舒適耐用 高幫 籃球鞋 男款 白紫黑 2026年版本, https://www.momoshop.com.tw/TP/TP0009562/goodsDetail/TP00095620009442,5200,momo 即時搜尋資料（已保存）
2026-09-24,kobe 6,男鞋,momo購物網,【NIKE 耐吉】IQ3902-002 Nike Zoom Kobe 6 All-Star 3D Hollywood 2026 Protro 鴛鴦 時尚舒適 回彈抓地 低幫 籃球鞋 男款 紅藍色, https://www.momoshop.com.tw/TP/TP0009562/goodsDetail/TP00095620009095,11000,momo 即時搜尋資料（已保存）
2026-09-24,kobe 6,男鞋,momo購物網,【NIKE 耐吉】Kobe 6 全明星 好萊塢 3D 2026 深灰紅藍 蛇紋 3D眼鏡 男鞋 IQ3902-002, https://www.momoshop.com.tw/TP/TP0004485/goodsDetail/TP00044850003637,11682,momo 即時搜尋資料（已保存）（已保存）
2026-09-24,kobe 6,男鞋,momo購物網,"【NIKE 耐吉】Nike Kobe 6 Protro ""All-Star 2.0"" 曼巴 全明星 籃球鞋 白 男鞋 FQ3546-100", https://www.momoshop.com.tw/TP/TP0004893/goodsDetail/TP00048930011391,12860,momo 即時搜尋資料（已保存）
2026-09-24,kobe 6,男鞋,momo購物網,【NIKE 耐吉】CW2190-002 Nike Zoom Kobe 6 Protro Mambacita Sweet 16 GiGi 曼巴基金會 低幫 實戰籃球鞋 男款 黑白, https://www.momoshop.com.tw/TP/TP0009562/goodsDetail/TP00095620009103,26600,momo 即時搜尋資料（已保存）（已保存）
2026-09-24,kobe 20,男鞋,momo購物網,【NIKE 耐吉】Nike Zoom Kobe 1 Protro 81 Points 白紫黑 2026 男鞋 籃球鞋 IM0542-100,https://www.momoshop.com.tw/goods/GoodsDetail.jsp?i_code=14970065&Area=search&mdiv=403&oid=1_16&cid=index&kw=Kobe,4879,momo 即時搜尋資料（已保存）（已保存）（已保存）（已保存）（已保存）（已保存）（已保存）（已保存）（已保存）
2026-09-24,kobe 20,男鞋,momo購物網,【NIKE 耐吉】Nike Zoom Kobe 1 Protro 81 Points 白紫黑 2026 男鞋 籃球鞋 IM0542-100,https://www.momoshop.com.tw/goods/GoodsDetail.jsp?i_code=14970065&Area=search&mdiv=403&oid=1_1&cid=index&kw=kobe%2B1,4879,momo 即時搜尋資料（已保存）（已保存）
2026-09-24,kobe 20,男鞋,momo購物網,【NIKE 耐吉】Kobe x Nike Air Force 1 Low Protro 金藍 皮革鞋面 緩震氣墊 休閒鞋 運動鞋 男鞋 IH1018-200,https://www.momoshop.com.tw/goods/GoodsDetail.jsp?i_code=14641343&Area=search&mdiv=403&oid=1_4&cid=index&kw=kobe%2B1,3569,momo 即時搜尋資料（已保存）
2026-09-24,kobe 20,男鞋,momo購物網,【NIKE 耐吉】Kobe VI Protro ASG Hollywood 3D 男鞋 深灰紅藍色 籃球鞋 IQ3902-002,https://www.momoshop.com.tw/goods/GoodsDetail.jsp?i_code=15015147&Area=search&mdiv=403&oid=1_9&cid=index&kw=Kobe,9936,momo 即時搜尋資料（已保存）（已保存）（已保存）（已保存）（已保存）（已保存）（已保存）（已保存）（已保存）
2026-09-24,kobe 20,男鞋,momo購物網,【NIKE 耐吉】Nike Zoom Kobe 1 Protro 81 Points 白紫黑 2026 男鞋 籃球鞋 IM0542-100, https://www.momoshop.com.tw/TP/TP0000087/goodsDetail/TP00000870000957,4880,momo 即時搜尋資料（已保存）（已保存）
2026-09-24,kobe 20,男鞋,PChome,Kobe x Nike Air Force 1 Low Protro 金藍 皮革鞋面 緩震氣墊 休閒鞋 運動鞋 男鞋 IH1018-200,https://24h.pchome.com.tw/prod/DXAX6U-A900JFJPZ,3707,PChome 即時資料（已保存）
2026-09-24,kobe 20,男鞋,momo購物網,【NIKE 耐吉】IQ3902-002 Nike Zoom Kobe 6 All-Star 3D Hollywood 2026 Protro 鴛鴦 時尚舒適 回彈抓地 低幫 籃球鞋 男款 紅藍色, https://www.momoshop.com.tw/TP/TP0010136/goodsDetail/TP00101360000161,8880,momo 即時搜尋資料（已保存）
2026-09-24,kobe 20,男鞋,PChome,Kobe 8 EXT Protro 巴洛克棕 永遠的兄弟 馬毛 馬蹄鐵 休閒鞋 運動鞋 男鞋 IM1820-100,https://24h.pchome.com.tw/prod/DXAX29-A900JZZYY,10086,PChome 即時資料（已保存）（已保存）（已保存）（已保存）
2026-09-24,kobe 20,男鞋,PChome,Nike Kobe VI Protro ASG Hollywood 3D 男鞋 紫黑色 籃球鞋 IQ3902-002,https://24h.pchome.com.tw/prod/DXAX7S-A900JTSWO,10800,PChome 即時資料（已保存）（已保存）（已保存）（已保存）（已保存）（已保存）（已保存）（已保存）（已保存）
2026-09-24,kobe 20,男鞋,PChome,Kobe 6 全明星 好萊塢 3D 2026 深灰紅藍 蛇皮壓紋 回彈 3D眼鏡 男鞋 IQ3902-002,https://24h.pchome.com.tw/prod/DXAXFC-A900JT1O2,11580,PChome 即時資料（已保存）
2026-09-24,kobe 20,男鞋,momo購物網,【NIKE 耐吉】Kobe 6 全明星 好萊塢 3D 2026 深灰紅藍 蛇皮壓紋 回彈 3D眼鏡 男鞋 IQ3902-002,https://www.momoshop.com.tw/goods/GoodsDetail.jsp?i_code=14988650&Area=search&mdiv=403&oid=1_5&cid=index&kw=kobe%2B6,10856,momo 即時搜尋資料（已保存）（已保存）（已保存）
2026-09-24,kobe 20,男鞋,momo購物網,【NIKE 耐吉】Kobe 6 全明星 好萊塢 3D 2026 深灰紅藍 蛇皮壓紋 回彈 3D眼鏡 男鞋 IQ3902-002,https://www.momoshop.com.tw/goods/GoodsDetail.jsp?i_code=14988650&Area=search&mdiv=403&oid=1_5&cid=index&kw=kobe%2B6&ecTagNos=,11210,momo 即時搜尋資料（已保存）
2026-09-24,kobe 20,男鞋,momo購物網,"【NIKE 耐吉】Nike Kobe 6 Protro ""All-Star 2.0"" 曼巴 全明星 籃球鞋 白 男鞋 FQ3546-100", https://www.momoshop.com.tw/TP/TP0004893/goodsDetail/TP00048930013185,12900,momo 即時搜尋資料
2026-09-24,kobe 20,男鞋,momo購物網,【NIKE 耐吉】AQ1087-002 Nike Multi-Color 2.0 Kobe NXT 360 Black OG款 圓頭系帶 減震防滑 低幫 實戰籃球鞋 男款 黑彩, https://www.momoshop.com.tw/TP/TP0010131/goodsDetail/TP00101310021240,18900,momo 即時搜尋資料
2026-09-24,kobe 20,男鞋,momo購物網,【NIKE 耐吉】Kobe x Nike Air Force 1 Low Protro 金藍 緩震氣墊 休閒鞋 男鞋 IH1018-200, https://www.momoshop.com.tw/TP/TP0004485/goodsDetail/TP00044850002848,3852,momo 即時搜尋資料（已保存）
2026-09-24,kobe 20,男鞋,momo購物網,【NIKE 耐吉】IM0542-100 Nike Zoom Kobe 1 Protro 81 Points 少年感舒適耐用 高幫 籃球鞋 男款 白紫黑 2026年版本, https://www.momoshop.com.tw/TP/TP0009562/goodsDetail/TP00095620009442,5200,momo 即時搜尋資料（已保存）（已保存）
2026-09-24,kobe 20,男鞋,momo購物網,【NIKE 耐吉】IQ3902-002 Nike Zoom Kobe 6 All-Star 3D Hollywood 2026 Protro 鴛鴦 時尚舒適 回彈抓地 低幫 籃球鞋 男款 紅藍色, https://www.momoshop.com.tw/TP/TP0009562/goodsDetail/TP00095620009095,11000,momo 即時搜尋資料（已保存）（已保存）
2026-09-24,kobe 20,男鞋,momo購物網,【NIKE 耐吉】Kobe 6 全明星 好萊塢 3D 2026 深灰紅藍 蛇紋 3D眼鏡 男鞋 IQ3902-002, https://www.momoshop.com.tw/TP/TP0004485/goodsDetail/TP00044850003637,11682,momo 即時搜尋資料（已保存）（已保存）（已保存）
2026-09-24,kobe 20,男鞋,momo購物網,"【NIKE 耐吉】Nike Kobe 6 Protro ""All-Star 2.0"" 曼巴 全明星 籃球鞋 白 男鞋 FQ3546-100", https://www.momoshop.com.tw/TP/TP0004893/goodsDetail/TP00048930011391,12860,momo 即時搜尋資料（已保存）（已保存）
