更新日期,平台,鞋款類別,商品名稱,價格,評價,評論數,賣家,賣家穩定度,網路價,優惠,推薦分數,價格說明,資料來源,商品連結
2026-05-21,momo購物網,未標示,【TOD’S】x MM6 MARGIELA 瑪莉珍鞋 / Kate / BARRETTA 豆豆鞋 樂福鞋 涼鞋-多款,14688,4.5,0,momo購物網,0.88,14688,0%,49.8,momo 搜尋頁售價,momo 即時搜尋資料,https://www.momoshop.com.tw/goods/GoodsDetail.jsp?i_code=15260519&Area=search&mdiv=403&oid=1_13&cid=index&kw=S
2026-05-21,momo購物網,女鞋,【NIKE 耐吉】運動鞋 休閒鞋 女鞋 WMNS NIKE DUNK LOW 麂皮 板鞋 復古 銀色小勾  灰米 (IO4244105),0,5.0,1,momo購物網,0.88,0,0%,88.4,momo 搜尋頁售價,momo 即時搜尋資料（已保存）,https://www.momoshop.com.tw/goods/GoodsDetail.jsp?i_code=15162787&Area=search&mdiv=403&oid=1_22&cid=index&kw=Dunk
2026-05-21,momo購物網,童鞋,【NIKE 耐吉】休閒鞋_中大童 女性_NIKE DUNK LOW GS TOT_黑色 (HQ3815001),1111,4.9,12,momo購物網,0.88,1111,0%,86.1,momo 搜尋頁售價,momo 即時搜尋資料（已保存）,https://www.momoshop.com.tw/goods/GoodsDetail.jsp?i_code=15149548&Area=search&mdiv=403&oid=1_9&cid=index&kw=Dunk
2026-05-21,momo購物網,童鞋,【NIKE 耐吉】休閒鞋 籃球鞋 童鞋 DUNK TATUM G.T. CUT 多款任選 (FB9109114&FD7033004&FZ4352600),1190,4.9,31,momo購物網,0.88,1190,0%,87.1,momo 搜尋頁售價,momo 即時搜尋資料（已保存）,https://www.momoshop.com.tw/goods/GoodsDetail.jsp?i_code=15006044&Area=search&mdiv=403&oid=1_8&cid=index&kw=Dunk
2026-05-21,momo購物網,未標示,【NIKE 耐吉】休閒鞋_女_W NIKE DUNK LOW_白紫 (HF1985001),1404,5.0,3,momo購物網,0.88,1404,0%,87.0,momo 搜尋頁售價,momo 即時搜尋資料（已保存）,https://www.momoshop.com.tw/goods/GoodsDetail.jsp?i_code=15052777&Area=search&mdiv=403&oid=1_15&cid=index&kw=Dunk
2026-05-21,momo購物網,男女通用,【NIKE 耐吉】運動鞋 休閒鞋 男鞋 女鞋 NIKE DUNK LOW RETRO Midnight Navy 午夜藍 深藍(HF5441107),1880,4.9,33,momo購物網,0.88,1880,0%,86.1,momo 搜尋頁售價,momo 即時搜尋資料（已保存）,https://www.momoshop.com.tw/goods/GoodsDetail.jsp?i_code=13674657&Area=search&mdiv=403&oid=1_12&cid=index&kw=Dunk
2026-05-21,momo購物網,男鞋,【NIKE 耐吉】DUNK LOW RETRO 男鞋 休閒鞋 運動鞋 白藍(HF5441107),1938,5.0,15,momo購物網,0.88,1938,0%,87.8,momo 搜尋頁售價,momo 即時搜尋資料（已保存）,https://www.momoshop.com.tw/goods/GoodsDetail.jsp?i_code=13837108&Area=search&mdiv=403&oid=1_14&cid=index&kw=Dunk
2026-05-21,momo購物網,女鞋,【NIKE 耐吉】運動鞋 休閒鞋 女鞋 W NIKE DUNK LOW 緩震 抓地力 經典 低筒 灰白(DD1503103),2089,4.9,47,momo購物網,0.88,2089,0%,86.1,momo 搜尋頁售價,momo 即時搜尋資料（已保存）,https://www.momoshop.com.tw/goods/GoodsDetail.jsp?i_code=14283973&Area=search&mdiv=403&oid=1_6&cid=index&kw=Dunk
2026-05-21,momo購物網,男女通用,【NIKE 耐吉】運動鞋 休閒鞋 女鞋 男鞋 W NIKE DUNK LOW SE 灰白 黑 雙勾 麂皮(HV1800101),2184,4.9,24,momo購物網,0.88,2184,0%,85.2,momo 搜尋頁售價,momo 即時搜尋資料（已保存）,https://www.momoshop.com.tw/goods/GoodsDetail.jsp?i_code=13472589&Area=search&mdiv=403&oid=1_23&cid=index&kw=Dunk
2026-05-21,momo購物網,男女通用,【NIKE 耐吉】運動鞋 休閒鞋 情侶鞋 AIR FORCE 1 07 / DUNK 男鞋 女鞋 AF1 麂皮 黑白綠 多款(FZ0627-010&),2199,4.9,259,momo購物網,0.88,2199,0%,88.0,momo 搜尋頁售價,momo 即時搜尋資料（已保存）,https://www.momoshop.com.tw/goods/GoodsDetail.jsp?i_code=13840658&Area=search&mdiv=403&oid=1_3&cid=index&kw=Dunk
2026-05-21,momo購物網,男女通用,【NIKE 耐吉】運動鞋 休閒鞋 NIKE SB DUNK LOW PRO 男鞋 女鞋 綠咖紅 多款(FV8493-401&),2199,4.8,18,momo購物網,0.88,2199,0%,82.0,momo 搜尋頁售價,momo 即時搜尋資料（已保存）,https://www.momoshop.com.tw/goods/GoodsDetail.jsp?i_code=13613660&Area=search&mdiv=403&oid=1_16&cid=index&kw=Dunk
2026-05-21,momo購物網,男鞋,【NIKE 耐吉】運動鞋 滑板鞋 男鞋 NIKE SB DUNK LOW PRO 緩震 經典 撞色 棕 藍(HQ1625200),2280,5.0,6,momo購物網,0.88,2280,0%,86.3,momo 搜尋頁售價,momo 即時搜尋資料（已保存）,https://www.momoshop.com.tw/goods/GoodsDetail.jsp?i_code=14910230&Area=search&mdiv=403&oid=1_20&cid=index&kw=Dunk
2026-05-21,momo購物網,男鞋,【NIKE 耐吉】休閒鞋 男鞋 運動鞋 DUNK LOW RETRO 灰白 HF5441-105,2422,5.0,13,momo購物網,0.88,2422,0%,86.9,momo 搜尋頁售價,momo 即時搜尋資料（已保存）,https://www.momoshop.com.tw/goods/GoodsDetail.jsp?i_code=13622795&Area=search&mdiv=403&oid=1_26&cid=index&kw=Dunk
2026-05-21,momo購物網,男鞋,【NIKE 耐吉】DUNK LOW RETRO 男鞋 休閒鞋 運動鞋 灰白(HF5441105),2546,4.9,19,momo購物網,0.88,2546,0%,84.3,momo 搜尋頁售價,momo 即時搜尋資料（已保存）,https://www.momoshop.com.tw/goods/GoodsDetail.jsp?i_code=13993143&Area=search&mdiv=403&oid=1_13&cid=index&kw=Dunk
2026-05-21,momo購物網,女鞋,【NIKE 耐吉】NIKE DUNK LOW 粉色 情人節 天鵝絨 愛心 女鞋 休閒鞋 IQ1145-610,2788,5.0,6,momo購物網,0.88,2788,0%,85.5,momo 搜尋頁售價,momo 即時搜尋資料（已保存）,https://www.momoshop.com.tw/goods/GoodsDetail.jsp?i_code=15073854&Area=search&mdiv=403&oid=1_19&cid=index&kw=Dunk
2026-05-21,momo購物網,女鞋,【NIKE 耐吉】休閒鞋 W Dunk Low 女鞋 白 金屬銀 復古 經典 FV1311-100,3021,4.5,0,momo購物網,0.88,3021,0%,68.7,momo 搜尋頁售價,momo 即時搜尋資料（已保存）,https://www.momoshop.com.tw/goods/GoodsDetail.jsp?i_code=15194437&Area=search&mdiv=403&oid=1_24&cid=index&kw=Dunk
2026-05-21,momo購物網,未標示,【NIKE 耐吉】NIKE DUNK LOW 'Pearl Pink' IO4244-100 粉紫 金屬小勾 麂皮 復古 休閒鞋,3030,5.0,1,momo購物網,0.88,3030,0%,83.5,momo 搜尋頁售價,momo 即時搜尋資料（已保存）, https://www.momoshop.com.tw/TP/TP0003634/goodsDetail/TP00036340001267
2026-05-21,momo購物網,男鞋,【NIKE 耐吉】休閒鞋 Dunk Low GTX 男鞋 白 灰 防水 皮革 經典 HQ2053-100,4122,4.8,12,momo購物網,0.88,4122,0%,78.4,momo 搜尋頁售價,momo 即時搜尋資料（已保存）,https://www.momoshop.com.tw/goods/GoodsDetail.jsp?i_code=14875866&Area=search&mdiv=403&oid=1_21&cid=index&kw=Dunk
2026-05-21,momo購物網,男鞋,【NIKE 耐吉】休閒鞋 Bluetile x Nike SB Dunk Low Pro 帝王斑蝶 深藍 黑色 男鞋 IQ1323-001,4256,4.5,0,momo購物網,0.88,4256,0%,66.7,momo 搜尋頁售價,momo 即時搜尋資料（已保存）,https://www.momoshop.com.tw/goods/GoodsDetail.jsp?i_code=15245911&Area=search&mdiv=403&oid=1_7&cid=index&kw=Dunk
2026-05-21,momo購物網,女鞋,【NEW BALANCE】NB 運動鞋/復古鞋_女鞋_WL373XB2-B_ML373XF2-D(373系列),1299,4.8,3587,momo購物網,0.88,1299,0%,89.9,momo 搜尋頁售價,momo 即時搜尋資料（已保存）,https://www.momoshop.com.tw/goods/GoodsDetail.jsp?i_code=12486897&Area=search&mdiv=403&oid=1_8&cid=index&kw=New%2BBalance
2026-05-21,momo購物網,男女通用,【NEW BALANCE】NB 373系列 復古鞋/運動鞋_女鞋/男鞋(多款可選),1299,4.7,164,momo購物網,0.88,1299,0%,83.3,momo 搜尋頁售價,momo 即時搜尋資料（已保存）,https://www.momoshop.com.tw/goods/GoodsDetail.jsp?i_code=14645968&Area=search&mdiv=403&oid=1_17&cid=index&kw=New%2BBalance
2026-05-21,momo購物網,男女通用,【NEW BALANCE】TIER 2 530 男鞋 女鞋 奶茶色 復古 運動 休閒鞋 MR530AA1,1470,4.7,6,momo購物網,0.88,1470,0%,79.2,momo 搜尋頁售價,momo 即時搜尋資料（已保存）,https://www.momoshop.com.tw/goods/GoodsDetail.jsp?i_code=11947952&Area=search&mdiv=403&oid=1_22&cid=index&kw=New%2BBalance
2026-05-21,momo購物網,女鞋,【NEW BALANCE】NB 327復古鞋_WS327JB-B_女性_海鹽牛仔,1599,4.5,0,momo購物網,0.88,1599,0%,71.0,momo 搜尋頁售價,momo 即時搜尋資料（已保存）,https://www.momoshop.com.tw/goods/GoodsDetail.jsp?i_code=13160176&Area=search&mdiv=403&oid=1_3&cid=index&kw=New%2BBalance
2026-05-21,momo購物網,男女通用,【NEW BALANCE】NB 327 運動鞋 休閒鞋 男鞋 女鞋 多色任選(WS327FTB-B&WS327FTC-B&),1699,4.7,67,momo購物網,0.88,1699,0%,81.6,momo 搜尋頁售價,momo 即時搜尋資料（已保存）,https://www.momoshop.com.tw/goods/GoodsDetail.jsp?i_code=14531848&Area=search&mdiv=403&oid=1_12&cid=index&kw=New%2BBalance
2026-05-21,momo購物網,男女通用,【NEW BALANCE】NB 530運動鞋 情侶鞋 休閒鞋 男鞋 女鞋 多款任選(U530ESA-D&U530ESB-D&),1899,5.0,25,momo購物網,0.88,1899,0%,88.5,momo 搜尋頁售價,momo 即時搜尋資料（已保存）,https://www.momoshop.com.tw/goods/GoodsDetail.jsp?i_code=12749966&Area=search&mdiv=403&oid=1_10&cid=index&kw=New%2BBalance
2026-05-21,momo購物網,男女通用,【NEW BALANCE】530 男鞋 女鞋 白灰色 復古 拼接 緩震 運動 休閒鞋 MR530CE,1931,5.0,1,momo購物網,0.88,1931,0%,85.3,momo 搜尋頁售價,momo 即時搜尋資料（已保存）,https://www.momoshop.com.tw/goods/GoodsDetail.jsp?i_code=15238426&Area=search&mdiv=403&oid=1_27&cid=index&kw=New%2BBalance
2026-05-21,momo購物網,女鞋,【NEW BALANCE】NB 530 復古休閒鞋/運動鞋_男女鞋_U530ESA-D_U530SUB-D_U530SEA-D(530系列),1999,4.5,0,momo購物網,0.88,1999,0%,70.4,momo 搜尋頁售價,momo 即時搜尋資料（已保存）,https://www.momoshop.com.tw/goods/GoodsDetail.jsp?i_code=15217518&Area=search&mdiv=403&oid=1_18&cid=index&kw=New%2BBalance
2026-05-21,momo購物網,男女通用,【NEW BALANCE】204L 男鞋 女鞋 奶油黑銀色 IU 張員瑛 復古 穿搭 運動 休閒鞋 U204LSWD,2081,5.0,5,momo購物網,0.88,2081,0%,86.4,momo 搜尋頁售價,momo 即時搜尋資料（已保存）,https://www.momoshop.com.tw/goods/GoodsDetail.jsp?i_code=14594984&Area=search&mdiv=403&oid=1_23&cid=index&kw=New%2BBalance
2026-05-21,momo購物網,男女通用,【NEW BALANCE】NB 1080 運動鞋 休閒鞋 男鞋 女鞋 多色任選(W1080H14-D&W108014D-D&),2191,5.0,17,momo購物網,0.88,2191,0%,87.6,momo 搜尋頁售價,momo 即時搜尋資料（已保存）,https://www.momoshop.com.tw/goods/GoodsDetail.jsp?i_code=14518604&Area=search&mdiv=403&oid=1_26&cid=index&kw=New%2BBalance
2026-05-21,momo購物網,男女通用,【NEW BALANCE】1906R 男鞋 女鞋 灰杏色 中性 復古 休閒 運動 情侶鞋 休閒鞋 U1906ROC,2272,4.7,5,momo購物網,0.88,2272,0%,77.7,momo 搜尋頁售價,momo 即時搜尋資料（已保存）,https://www.momoshop.com.tw/goods/GoodsDetail.jsp?i_code=14085060&Area=search&mdiv=403&oid=1_9&cid=index&kw=New%2BBalance
2026-05-21,momo購物網,男女通用,【NEW BALANCE】2002R 男鞋 女鞋 淺灰色 緩震 麂皮 中性 運動 復古 休閒鞋 U2002RGR,2278,5.0,2,momo購物網,0.88,2278,0%,85.2,momo 搜尋頁售價,momo 即時搜尋資料（已保存）,https://www.momoshop.com.tw/goods/GoodsDetail.jsp?i_code=14181800&Area=search&mdiv=403&oid=1_19&cid=index&kw=New%2BBalance
2026-05-21,momo購物網,女鞋,【NEW BALANCE】NB 530 復古休閒鞋/運動鞋_男女鞋_MR530EWB-D_MR530CE-D_MR530CC-D(530系列),2299,4.6,31,momo購物網,0.88,2299,0%,76.9,momo 搜尋頁售價,momo 即時搜尋資料（已保存）,https://www.momoshop.com.tw/goods/GoodsDetail.jsp?i_code=14991665&Area=search&mdiv=403&oid=1_25&cid=index&kw=New%2BBalance
2026-05-21,momo購物網,男女通用,【NEW BALANCE】2010 男鞋 女鞋 奶油灰色 復古 穿搭 IU 楊祐寧 緩震 運動 休閒鞋 U2010TTO,2331,5.0,4,momo購物網,0.88,2331,0%,85.8,momo 搜尋頁售價,momo 即時搜尋資料（已保存）,https://www.momoshop.com.tw/goods/GoodsDetail.jsp?i_code=14410219&Area=search&mdiv=403&oid=1_28&cid=index&kw=New%2BBalance
2026-05-21,momo購物網,男女通用,【NEW BALANCE】1906R 男鞋 女鞋 白灰色 中性 緩震 復古 休閒 運動 休閒鞋 U1906RCA,2331,4.9,9,momo購物網,0.88,2331,0%,83.8,momo 搜尋頁售價,momo 即時搜尋資料（已保存）,https://www.momoshop.com.tw/goods/GoodsDetail.jsp?i_code=13717548&Area=search&mdiv=403&oid=1_20&cid=index&kw=New%2BBalance
2026-05-21,momo購物網,男女通用,【NEW BALANCE】1906R 男鞋 女鞋 雲雨灰色 運動 休閒 復古 抗撕裂 緩震 休閒鞋 U1906ROA,2331,4.8,8,momo購物網,0.88,2331,0%,80.9,momo 搜尋頁售價,momo 即時搜尋資料（已保存）,https://www.momoshop.com.tw/goods/GoodsDetail.jsp?i_code=14181812&Area=search&mdiv=403&oid=1_21&cid=index&kw=New%2BBalance
2026-05-21,momo購物網,男女通用,【NEW BALANCE】NB 復古運動鞋_男鞋/女鞋_白銀_MR530SG-D楦,2464,4.9,81,momo購物網,0.88,2464,0%,86.2,momo 搜尋頁售價,momo 即時搜尋資料（已保存）,https://www.momoshop.com.tw/goods/GoodsDetail.jsp?i_code=14500645&Area=search&mdiv=403&oid=1_13&cid=index&kw=New%2BBalance
2026-05-21,momo購物網,男女通用,【NEW BALANCE】2002R 男鞋 女鞋 雲霧灰色 復古 運動 慢跑 休閒鞋 ML2002R0,2740,5.0,8,momo購物網,0.88,2740,0%,85.8,momo 搜尋頁售價,momo 即時搜尋資料（已保存）,https://www.momoshop.com.tw/goods/GoodsDetail.jsp?i_code=12954210&Area=search&mdiv=403&oid=1_24&cid=index&kw=New%2BBalance
2026-05-21,momo購物網,未標示,【NEW BALANCE】NB 204L復古鞋/運動鞋_U204L2SZ-D_U204L4HH-D_U204L6A6-D_U204L1ZH-D_燕麥/灰藍(附雙鞋帶),2794,4.9,57,momo購物網,0.88,2794,0%,85.2,momo 搜尋頁售價,momo 即時搜尋資料（已保存）,https://www.momoshop.com.tw/goods/GoodsDetail.jsp?i_code=15018766&Area=search&mdiv=403&oid=1_14&cid=index&kw=New%2BBalance
2026-05-21,momo購物網,未標示,【NEW BALANCE】NB 204L復古鞋/運動鞋_U204L1KP-D_中性_灰色(GREY DAY 主打品),2794,4.9,18,momo購物網,0.88,2794,0%,83.9,momo 搜尋頁售價,momo 即時搜尋資料（已保存）,https://www.momoshop.com.tw/goods/GoodsDetail.jsp?i_code=15178220&Area=search&mdiv=403&oid=1_11&cid=index&kw=New%2BBalance
2026-05-21,momo購物網,未標示,【NEW BALANCE】NB 1906R復古鞋/運動鞋_中性_M1906RER-D_黑白,3444,4.9,115,momo購物網,0.88,3444,0%,85.0,momo 搜尋頁售價,momo 即時搜尋資料（已保存）,https://www.momoshop.com.tw/goods/GoodsDetail.jsp?i_code=14834539&Area=search&mdiv=403&oid=1_7&cid=index&kw=New%2BBalance
2026-05-21,momo購物網,未標示,【NEW BALANCE】NB 2010 復古鞋/運動鞋_U2010753-D_中性_銀灰色,3604,4.5,0,momo購物網,0.88,3604,0%,67.8,momo 搜尋頁售價,momo 即時搜尋資料（已保存）,https://www.momoshop.com.tw/goods/GoodsDetail.jsp?i_code=15228868&Area=search&mdiv=403&oid=1_16&cid=index&kw=New%2BBalance
2026-05-21,momo購物網,未標示,【NEW BALANCE】NB 204L復古鞋/運動鞋_U204LMMA-D_U204LMMC-D_中性_附雙色鞋帶(張員瑛同款),3880,4.9,14,momo購物網,0.88,3880,0%,81.8,momo 搜尋頁售價,momo 即時搜尋資料（已保存）,https://www.momoshop.com.tw/goods/GoodsDetail.jsp?i_code=15149891&Area=search&mdiv=403&oid=1_15&cid=index&kw=New%2BBalance
2026-05-21,PChome,童鞋,童鞋 Dunk Low TDE 熊貓 黑 白 小童 學步鞋 親子鞋 經典款 CW1589-100,1480,4.5,0,PChome 24h購物,0.9,1480,0%,71.6,PChome API 價格,PChome 即時資料（已保存）,https://24h.pchome.com.tw/prod/DXAX7T-A900I42ZK
2026-05-21,PChome,童鞋,童鞋 Dunk Low PS 中童 黑 白 熊貓 經典 Panda 小朋友 CW1588-100,1680,4.5,0,PChome 24h購物,0.9,1680,0%,71.3,PChome API 價格,PChome 即時資料（已保存）,https://24h.pchome.com.tw/prod/DXAX2C-A900HOOYO
2026-05-21,PChome,女鞋,休閒鞋 Wmns Dunk Low Twist 女鞋 黑 白 熊貓 厚鞋舌 Panda DZ2794-001,1788,4.5,0,PChome 24h購物,0.9,2080,14%,71.1,PChome API 最低折扣價,PChome 即時資料（已保存）,https://24h.pchome.com.tw/prod/DXAX69-A900JZ801
2026-05-21,PChome,女鞋,休閒鞋 Wmns Dunk Low Disrupt 2 女鞋 黑 白 解構 熊貓   DV4024-002,1960,4.5,0,PChome 24h購物,0.9,2280,14%,70.8,PChome API 最低折扣價,PChome 即時資料（已保存）,https://24h.pchome.com.tw/prod/DXAX69-A900IXEJF
2026-05-21,PChome,未標示,Dunk Low SE Red Panda 黑紅熊貓 漆皮 休閒鞋 HQ1965-600,2068,4.5,0,PChome 24h購物,0.9,2433,15%,70.6,PChome API 最低折扣價,PChome 即時資料（已保存）,https://24h.pchome.com.tw/prod/DXAX69-A900J533A
2026-05-21,PChome,男鞋,休閒鞋 Dunk HI Retro 男鞋 黑 白 經典款 高筒 熊貓配色 皮革 DD1399-105,2132,4.5,0,PChome 24h購物,0.9,2480,14%,70.5,PChome API 最低折扣價,PChome 即時資料（已保存）,https://24h.pchome.com.tw/prod/DXAX69-A900JVEVI
2026-05-21,PChome,童鞋,Nike Dunk Low GS CW1590-100 大童 休閒鞋 經典 運動 低筒 滑板 熊貓 簡約 穿搭 黑白,2133,4.5,0,PChome 24h購物,0.9,2133,0%,70.5,PChome API 價格,PChome 即時資料（已保存）,https://24h.pchome.com.tw/prod/DXAX7T-A900JBQC2
2026-05-21,PChome,童鞋,DUNK LOW GS 女 大童 休閒鞋 熊貓 經典款 低筒 黑白-CW1590100,2162,4.5,0,PChome 24h購物,0.9,2430,11%,70.5,PChome API 最低折扣價,PChome 即時資料（已保存）,https://24h.pchome.com.tw/prod/DXAX69-A900JT4WT
2026-05-21,PChome,未標示,Nike W Dunk Low Twist [DZ2794-001] 女 休閒鞋 運動 經典 低筒 流行 穿搭 熊貓 黑白,2200,4.5,0,PChome 24h購物,0.9,2200,0%,70.4,PChome API 價格,PChome 即時資料（已保存）,https://24h.pchome.com.tw/prod/DXAX69-A900IE2N2
2026-05-21,PChome,未標示,Dunk Low SE Panda 漆皮熊貓 休閒鞋 HQ1965-100,2346,4.5,0,PChome 24h購物,0.9,2760,15%,70.2,PChome API 最低折扣價,PChome 即時資料（已保存）,https://24h.pchome.com.tw/prod/DXAX69-A900J4L14
2026-05-21,PChome,男鞋,Dunk Low Black White 黑白 新版熊貓 經典 耐用 休閒鞋 男鞋 HF5441-100,2367,4.5,0,PChome 24h購物,0.9,2785,15%,70.2,PChome API 最低折扣價,PChome 即時資料（已保存）,https://24h.pchome.com.tw/prod/DXAX69-A900I8VSK
2026-05-21,PChome,男鞋,DUNK LOW RETRO 男鞋 休閒鞋 運動鞋 經典 百搭 熊貓 黑白-HF5441100,2420,4.5,0,PChome 24h購物,0.9,2720,11%,70.1,PChome API 最低折扣價,PChome 即時資料（已保存）,https://24h.pchome.com.tw/prod/DXAX69-A900JHF2F
2026-05-21,PChome,童鞋,NIKE 休閒鞋 DUNK LOW GS 黑白 熊貓 大童 女 CW1590-100,2430,4.5,0,PChome 24h購物,0.9,2430,0%,70.1,搜尋頁價格（價格 API 失敗）,PChome 即時資料（已保存）,https://24h.pchome.com.tw/prod/DXAX69-A900JQGBW
2026-05-21,PChome,女鞋,Dunk High “Panda” 女鞋 黑白色 紅LOGO 熊貓 高筒 休閒鞋 DD1869-103,2520,4.5,0,PChome 24h購物,0.9,2520,0%,69.9,PChome API 價格,PChome 即時資料（已保存）,https://24h.pchome.com.tw/prod/DXAX2B-A900J12EA
2026-05-21,PChome,女鞋,W DUNK LOW 女鞋 休閒鞋 熊貓 經典 皮革 滑板鞋 黑白-DD1503101,2723,4.5,0,PChome 24h購物,0.9,3060,11%,69.6,PChome API 最低折扣價,PChome 即時資料（已保存）,https://24h.pchome.com.tw/prod/DXAX69-A900JSHM6
2026-05-21,PChome,未標示,NIKE 休閒鞋 DUNK LOW RETRO 黑白 熊貓 經典 復古 男 HF5441-100,2890,4.5,0,PChome 24h購物,0.9,2890,0%,69.3,搜尋頁價格（價格 API 失敗）,PChome 即時資料（已保存）,https://24h.pchome.com.tw/prod/DXAX69-A900JO6GN
2026-05-21,PChome,女鞋,"Dunk Low ""Black White"" Wmns 女鞋 休閒鞋 黑 白 熊貓 復古 經典 運動鞋 情侶鞋 DD1503-101",3380,4.5,0,PChome 24h購物,0.9,3380,0%,68.5,搜尋頁價格,PChome 即時資料（已保存）,https://24h.pchome.com.tw/prod/DXAX69-A900JFOXI
2026-05-21,PChome,女鞋,W DUNK LOW 女鞋 休閒鞋 黑白色 熊貓-DD1503101,3400,4.5,0,PChome 24h購物,0.9,3400,0%,68.5,搜尋頁價格,PChome 即時資料（已保存）,https://24h.pchome.com.tw/prod/DXAX69-A900IJXFW
2026-05-21,momo購物網,童鞋,【NIKE 耐吉】童鞋 Dunk Low TDE 熊貓 黑 白 小童 學步鞋 親子鞋 經典款(CW1589-100),1406,5.0,13,momo購物網,0.88,1406,0%,88.5,momo 搜尋頁售價,momo 即時搜尋資料（已保存）,https://www.momoshop.com.tw/goods/GoodsDetail.jsp?i_code=10702094&Area=search&mdiv=403&oid=1_18&cid=index&kw=NIKE%2Bdunk%2B%E7%86%8A%E8%B2%93
2026-05-21,momo購物網,童鞋,【NIKE 耐吉】DUNK LOW PS 中童 兒童 休閒鞋 經典 親子 熊貓 黑白(CW1588100),1584,5.0,2,momo購物網,0.88,1584,0%,86.4,momo 搜尋頁售價,momo 即時搜尋資料（已保存）,https://www.momoshop.com.tw/goods/GoodsDetail.jsp?i_code=14563037&Area=search&mdiv=403&oid=1_15&cid=index&kw=NIKE%2Bdunk%2B%E7%86%8A%E8%B2%93
2026-05-21,momo購物網,童鞋,【NIKE 耐吉】NIKE Dunk Low CW1588-100 親子穿搭 潮流 經典 中童鞋 休閒鞋 低筒 黑白 熊貓,1680,5.0,1,momo購物網,0.88,1680,0%,85.7,momo 搜尋頁售價,momo 即時搜尋資料（已保存）, https://www.momoshop.com.tw/TP/TP0003634/goodsDetail/TP00036340000331
2026-05-21,momo購物網,童鞋,【NIKE 耐吉】Nike Dunk Low WHITE BLACK 黑白 熊貓 大童 休閒鞋 CW1590-100,1691,4.9,121,momo購物網,0.88,1691,0%,87.9,momo 搜尋頁售價,momo 即時搜尋資料（已保存）,https://www.momoshop.com.tw/goods/GoodsDetail.jsp?i_code=10312827&Area=search&mdiv=403&oid=1_5&cid=index&kw=NIKE%2Bdunk%2B%E7%86%8A%E8%B2%93
2026-05-21,momo購物網,童鞋,【NIKE 耐吉】Nike Dunk Low WHITE BLACK 黑白 熊貓 大童 休閒鞋 CW1590-100,1764,4.6,3,momo購物網,0.88,1764,0%,75.2,momo 搜尋頁售價,momo 即時搜尋資料（已保存）, https://www.momoshop.com.tw/TP/TP0004485/goodsDetail/TP00044850000212
2026-05-21,momo購物網,童鞋,【NIKE 耐吉】休閒鞋 熊貓 Dunk Low GS 大童 黑白 經典款 皮革 女鞋 CW1590-100,1819,4.8,39,momo購物網,0.88,1819,0%,83.6,momo 搜尋頁售價,momo 即時搜尋資料（已保存）,https://www.momoshop.com.tw/goods/GoodsDetail.jsp?i_code=10430998&Area=search&mdiv=403&oid=1_8&cid=index&kw=NIKE%2Bdunk%2B%E7%86%8A%E8%B2%93
2026-05-21,momo購物網,童鞋,【NIKE 耐吉】休閒鞋 熊貓 Dunk Low GS 大童 黑白 經典款 皮革 女鞋 CW1590-100,1820,4.7,30,momo購物網,0.88,1820,0%,80.4,momo 搜尋頁售價,momo 即時搜尋資料（已保存）, https://www.momoshop.com.tw/TP/TP0000087/goodsDetail/TP00000870000016
2026-05-21,momo購物網,童鞋,【NIKE 耐吉】Dunk Low Retro 中童 黑白色 熊貓 休閒鞋 CW1588-100,1839,5.0,2,momo購物網,0.88,1839,0%,86.0,momo 搜尋頁售價,momo 即時搜尋資料（已保存）,https://www.momoshop.com.tw/goods/GoodsDetail.jsp?i_code=14428234&Area=search&mdiv=403&oid=1_14&cid=index&kw=NIKE%2Bdunk%2B%E7%86%8A%E8%B2%93
2026-05-21,momo購物網,童鞋,【NIKE 耐吉】DUNK LOW GS 女鞋 大童 休閒鞋 運動鞋 熊貓 黑白(CW1590100),1846,5.0,23,momo購物網,0.88,1846,0%,88.5,momo 搜尋頁售價,momo 即時搜尋資料（已保存）,https://www.momoshop.com.tw/goods/GoodsDetail.jsp?i_code=13437561&Area=search&mdiv=403&oid=1_23&cid=index&kw=NIKE%2Bdunk%2B%E7%86%8A%E8%B2%93
2026-05-21,momo購物網,童鞋,【NIKE 耐吉】Nike Court 小DUNK 小熊貓 黑白 兒童 運動鞋 童鞋 板鞋 休閒鞋 DN1230-100,1900,0.0,0,momo購物網,0.88,1900,0%,56.5,momo 搜尋頁售價,momo 即時搜尋資料（已保存）, https://www.momoshop.com.tw/TP/TP0004022/goodsDetail/TP00040220000574
2026-05-21,momo購物網,童鞋,【NIKE 耐吉】運動鞋 休閒鞋 女鞋 中大童 男鞋 NIKE DUNK LOW GS 黑白 熊貓 經典(CW1590100),1949,4.9,11,momo購物網,0.88,1949,0%,84.7,momo 搜尋頁售價,momo 即時搜尋資料（已保存）,https://www.momoshop.com.tw/goods/GoodsDetail.jsp?i_code=13387188&Area=search&mdiv=403&oid=1_22&cid=index&kw=NIKE%2Bdunk%2B%E7%86%8A%E8%B2%93
2026-05-21,momo購物網,童鞋,【NIKE 耐吉】NIKE DUNK LOW GS CW1590-100 女鞋 大童 休閒鞋 運動鞋 熊貓 黑白,1990,5.0,3,momo購物網,0.88,1990,0%,86.1,momo 搜尋頁售價,momo 即時搜尋資料（已保存）, https://www.momoshop.com.tw/TP/TP0003634/goodsDetail/TP00036340000458
2026-05-21,momo購物網,女鞋,【NIKE 耐吉】運動鞋 休閒鞋 女鞋 W NIKE DUNK LOW 緩震 抓地力 經典 低筒 熊貓 黑 白(DD1503101),2089,4.9,63,momo購物網,0.88,2089,0%,86.5,momo 搜尋頁售價,momo 即時搜尋資料（已保存）,https://www.momoshop.com.tw/goods/GoodsDetail.jsp?i_code=14270959&Area=search&mdiv=403&oid=1_4&cid=index&kw=NIKE%2Bdunk%2B%E7%86%8A%E8%B2%93
2026-05-21,momo購物網,女鞋,【NIKE 耐吉】休閒鞋 運動鞋 NIKE DUNK LOW 女鞋 黑白黃藍米紫 熊貓 魚骨灰 多款(FV1311-100&),2099,4.9,133,momo購物網,0.88,2099,0%,87.4,momo 搜尋頁售價,momo 即時搜尋資料（已保存）,https://www.momoshop.com.tw/goods/GoodsDetail.jsp?i_code=12039259&Area=search&mdiv=403&oid=1_6&cid=index&kw=NIKE%2Bdunk%2B%E7%86%8A%E8%B2%93
2026-05-21,momo購物網,男鞋,【NIKE 耐吉】運動鞋 休閒鞋 板鞋 NIKE DUNK LOW RETRO 男鞋 熊貓 Dior灰 復古 多款(HF5441-107&),2099,4.8,413,momo購物網,0.88,2099,0%,86.0,momo 搜尋頁售價,momo 即時搜尋資料（已保存）,https://www.momoshop.com.tw/goods/GoodsDetail.jsp?i_code=14086690&Area=search&mdiv=403&oid=1_1&cid=index&kw=NIKE%2Bdunk%2B%E7%86%8A%E8%B2%93
2026-05-21,momo購物網,女鞋,【NIKE 耐吉】運動鞋 休閒鞋 W NIKE DUNK LOW 女鞋 復古鞋 經典 熊貓 灰白 多色(DD1503-101&),2099,4.8,115,momo購物網,0.88,2099,0%,84.4,momo 搜尋頁售價,momo 即時搜尋資料（已保存）,https://www.momoshop.com.tw/goods/GoodsDetail.jsp?i_code=14581234&Area=search&mdiv=403&oid=1_2&cid=index&kw=NIKE%2Bdunk%2B%E7%86%8A%E8%B2%93
2026-05-21,momo購物網,男鞋,【NIKE 耐吉】熊貓出清!!!休閒鞋 Nike Dunk Low Retro 經典款 低筒 黑白 熊貓 男鞋 HF5441-100,2099,4.8,50,momo購物網,0.88,2099,0%,83.4,momo 搜尋頁售價,momo 即時搜尋資料（已保存）, https://www.momoshop.com.tw/TP/TP0000087/goodsDetail/TP00000870000054
2026-05-21,momo購物網,童鞋,【NIKE 耐吉】休閒鞋 熊貓 Dunk Low GS 大童鞋 經典 皮革 白 黑 女鞋(CW1590-100),2166,4.8,151,momo購物網,0.88,2166,0%,84.6,momo 搜尋頁售價,momo 即時搜尋資料（已保存）,https://www.momoshop.com.tw/goods/GoodsDetail.jsp?i_code=8423997&Area=search&mdiv=403&oid=1_12&cid=index&kw=NIKE%2Bdunk%2B%E7%86%8A%E8%B2%93
2026-05-21,momo購物網,男鞋,【NIKE 耐吉】休閒鞋 男鞋 運動鞋 DUNK LOW RETRO SE 熊貓 HQ1965-100,2166,4.5,0,momo購物網,0.88,2166,0%,70.1,momo 搜尋頁售價,momo 即時搜尋資料（已保存）,https://www.momoshop.com.tw/goods/GoodsDetail.jsp?i_code=14433337&Area=search&mdiv=403&oid=1_10&cid=index&kw=NIKE%2Bdunk%2B%E7%86%8A%E8%B2%93
2026-05-21,momo購物網,男鞋,【NIKE 耐吉】休閒鞋 男鞋 運動鞋 DUNK LOW RETRO SE 毛毛熊貓 IB2990-100,2166,4.5,0,momo購物網,0.88,2166,0%,70.1,momo 搜尋頁售價,momo 即時搜尋資料（已保存）,https://www.momoshop.com.tw/goods/GoodsDetail.jsp?i_code=14433334&Area=search&mdiv=403&oid=1_16&cid=index&kw=NIKE%2Bdunk%2B%E7%86%8A%E8%B2%93
2026-05-21,momo購物網,男鞋,【NIKE 耐吉】運動鞋 休閒鞋 男鞋 NIKE DUNK LOW RETRO SE 板鞋 緩震 亮皮 熊貓 黑白(HQ1965100),2233,5.0,3,momo購物網,0.88,2233,0%,85.7,momo 搜尋頁售價,momo 即時搜尋資料（已保存）,https://www.momoshop.com.tw/goods/GoodsDetail.jsp?i_code=14353262&Area=search&mdiv=403&oid=1_21&cid=index&kw=NIKE%2Bdunk%2B%E7%86%8A%E8%B2%93
2026-05-21,momo購物網,男鞋,【NIKE 耐吉】休閒鞋 Dunk Low Retro SE 男鞋 熊貓 毛絨 麂皮 黑 米白(IB2990-100),2322,5.0,3,momo購物網,0.88,2322,0%,85.5,momo 搜尋頁售價,momo 即時搜尋資料（已保存）,https://www.momoshop.com.tw/goods/GoodsDetail.jsp?i_code=14325239&Area=search&mdiv=403&oid=1_11&cid=index&kw=NIKE%2Bdunk%2B%E7%86%8A%E8%B2%93
2026-05-21,momo購物網,女鞋,【NIKE 耐吉】休閒鞋 Dunk HI Retro 運動 男女鞋 經典款 高筒 熊貓配色 情侶穿搭 皮革 黑 白(DD1399-105),2356,5.0,4,momo購物網,0.88,2356,0%,85.7,momo 搜尋頁售價,momo 即時搜尋資料（已保存）,https://www.momoshop.com.tw/goods/GoodsDetail.jsp?i_code=9774100&Area=search&mdiv=403&oid=1_20&cid=index&kw=NIKE%2Bdunk%2B%E7%86%8A%E8%B2%93
2026-05-21,momo購物網,女鞋,【NIKE 耐吉】休閒鞋 熊貓 Dunk Low 女鞋 復刻 Black 黑 白(DD1503-101),2451,4.8,152,momo購物網,0.88,2451,0%,84.2,momo 搜尋頁售價,momo 即時搜尋資料（已保存）,https://www.momoshop.com.tw/goods/GoodsDetail.jsp?i_code=8409346&Area=search&mdiv=403&oid=1_17&cid=index&kw=NIKE%2Bdunk%2B%E7%86%8A%E8%B2%93
2026-05-21,momo購物網,男鞋,【NIKE 耐吉】Dunk Low Retro 男鞋 黑白色 熊貓 低筒 Dunk 休閒 皮革 透氣 休閒鞋 HF5441-100,2451,5.0,2,momo購物網,0.88,2451,0%,85.0,momo 搜尋頁售價,momo 即時搜尋資料（已保存）,https://www.momoshop.com.tw/goods/GoodsDetail.jsp?i_code=13663580&Area=search&mdiv=403&oid=1_19&cid=index&kw=NIKE%2Bdunk%2B%E7%86%8A%E8%B2%93
2026-05-21,momo購物網,男女通用,【NIKE 耐吉】運動鞋 休閒鞋 男鞋 女鞋 DUNK LOW RETRO White Black Panda 2025 黑白 熊貓(HF5441100),2454,4.9,33,momo購物網,0.88,2454,0%,85.1,momo 搜尋頁售價,momo 即時搜尋資料（已保存）,https://www.momoshop.com.tw/goods/GoodsDetail.jsp?i_code=13674659&Area=search&mdiv=403&oid=1_3&cid=index&kw=NIKE%2Bdunk%2B%E7%86%8A%E8%B2%93
2026-05-21,momo購物網,男鞋,【NIKE 耐吉】DUNK LOW RETRO 男鞋 休閒鞋 運動鞋 經典 百搭 熊貓 黑白(HF5441100),2517,4.8,6,momo購物網,0.88,2517,0%,80.3,momo 搜尋頁售價,momo 即時搜尋資料（已保存）,https://www.momoshop.com.tw/goods/GoodsDetail.jsp?i_code=13836734&Area=search&mdiv=403&oid=1_9&cid=index&kw=NIKE%2Bdunk%2B%E7%86%8A%E8%B2%93
2026-05-21,momo購物網,未標示,【NIKE 耐吉】Dunk Low Retro 男 運動休閒鞋 低筒 復古 舒適 穿搭 熊貓 黑白(HF5441-100),2581,5.0,3,momo購物網,0.88,2581,0%,85.1,momo 搜尋頁售價,momo 即時搜尋資料（已保存）,https://www.momoshop.com.tw/goods/GoodsDetail.jsp?i_code=13649763&Area=search&mdiv=403&oid=1_13&cid=index&kw=NIKE%2Bdunk%2B%E7%86%8A%E8%B2%93
2026-05-21,momo購物網,男女通用,【NIKE 耐吉】休閒鞋 W Dunk Low 女鞋 男鞋 黑白浮雕 反轉熊貓 馬年 穿搭 潮流 限量 IF3944-001,4417,4.9,14,momo購物網,0.88,4417,0%,80.9,momo 搜尋頁售價,momo 即時搜尋資料（已保存）,https://www.momoshop.com.tw/goods/GoodsDetail.jsp?i_code=14988639&Area=search&mdiv=403&oid=1_7&cid=index&kw=NIKE%2Bdunk%2B%E7%86%8A%E8%B2%93
2026-05-21,momo購物網,女鞋,【NIKE 耐吉】運動鞋 休閒鞋 女鞋 W NIKE DUNK LOW 緩震 抓地力 經典 低筒 熊貓 黑 白(DD1503101),2089,4.9,63,momo購物網,0.88,2089,0%,86.5,momo 搜尋頁售價,momo 即時搜尋資料（已保存）（已保存）（已保存）（已保存）,https://www.momoshop.com.tw/goods/GoodsDetail.jsp?i_code=14270959&Area=search&mdiv=403&oid=1_11&cid=index&kw=Dunk
2026-05-21,momo購物網,女鞋,【NIKE 耐吉】休閒鞋 運動鞋 NIKE DUNK LOW 女鞋 黑白黃藍米紫 熊貓 魚骨灰 多款(FV1311-100&),2099,4.9,133,momo購物網,0.88,2099,0%,87.4,momo 搜尋頁售價,momo 即時搜尋資料（已保存）（已保存）（已保存）（已保存）,https://www.momoshop.com.tw/goods/GoodsDetail.jsp?i_code=12039259&Area=search&mdiv=403&oid=1_10&cid=index&kw=Dunk
2026-05-21,momo購物網,女鞋,【NIKE 耐吉】運動鞋 休閒鞋 W NIKE DUNK LOW 女鞋 復古鞋 經典 熊貓 灰白 多色(DD1503-101&),2099,4.8,115,momo購物網,0.88,2099,0%,84.4,momo 搜尋頁售價,momo 即時搜尋資料（已保存）（已保存）（已保存）（已保存）,https://www.momoshop.com.tw/goods/GoodsDetail.jsp?i_code=14581234&Area=search&mdiv=403&oid=1_2&cid=index&kw=Dunk
2026-05-21,momo購物網,男女通用,【NIKE 耐吉】運動鞋 休閒鞋 男鞋 女鞋 DUNK LOW RETRO White Black Panda 2025 黑白 熊貓(HF5441100),2454,4.9,33,momo購物網,0.88,2454,0%,85.1,momo 搜尋頁售價,momo 即時搜尋資料（已保存）（已保存）（已保存）（已保存）,https://www.momoshop.com.tw/goods/GoodsDetail.jsp?i_code=13674659&Area=search&mdiv=403&oid=1_25&cid=index&kw=Dunk
2026-05-21,momo購物網,男女通用,【NIKE 耐吉】休閒鞋 W Dunk Low 女鞋 男鞋 黑白浮雕 反轉熊貓 馬年 穿搭 潮流 限量 IF3944-001,4417,4.9,14,momo購物網,0.88,4417,0%,80.9,momo 搜尋頁售價,momo 即時搜尋資料（已保存）（已保存）（已保存）（已保存）,https://www.momoshop.com.tw/goods/GoodsDetail.jsp?i_code=14988639&Area=search&mdiv=403&oid=1_17&cid=index&kw=Dunk
2026-05-21,PChome,童鞋,Kobe 5 Protro Year Of The Mamba 蛇年限定 金屬紫金 GS 低筒 緩震 休閒鞋 大童鞋 HM3753-500,4014,4.5,0,PChome 24h購物,0.9,4014,0%,67.5,搜尋頁價格,PChome 即時資料（已保存）,https://24h.pchome.com.tw/prod/DXAX69-A900I9MJB
2026-05-21,PChome,童鞋,"Kobe 5 Protro GS ""Year of the Mamba"" 曼巴之年 大童 女鞋 紫 黑 金 籃球鞋 運動鞋 童鞋 HM3753-500",5480,4.5,0,PChome 24h購物,0.9,5480,0%,65.1,搜尋頁價格,PChome 即時資料（已保存）,https://24h.pchome.com.tw/prod/DXAX7S-A900JFOU3
2026-05-21,PChome,女鞋,休閒鞋 Wmns Dunk Low 女鞋 泰迪熊棕 咖啡 藍 FZ2552-001,1480,4.5,0,PChome 24h購物,0.9,1480,0%,71.6,PChome API 價格,PChome 即時資料（已保存）,https://24h.pchome.com.tw/prod/DXAX69-A900I7CCX
2026-05-21,PChome,童鞋,Nike Dunk Low Beach 海灘 GS 漸層 棕櫚樹 休閒鞋 大童鞋 IB8891-191,1501,4.5,0,PChome 24h購物,0.9,1766,15%,71.6,PChome API 最低折扣價,PChome 即時資料（已保存）,https://24h.pchome.com.tw/prod/DXAX69-A900IK63R
2026-05-21,PChome,未標示,Dunk Low Honeydew 男 哈密瓜 低筒 潮流 運動 休閒 休閒鞋 DV0831-105,1512,4.5,0,PChome 24h購物,0.9,1699,11%,71.5,PChome API 最低折扣價,PChome 即時資料（已保存）,https://24h.pchome.com.tw/prod/DXAX2B-A900H10AV
2026-05-21,PChome,童鞋,DUNK LOW (TDE) 嬰幼 童鞋 休閒鞋 黑白 熊貓-CW1589100,1512,4.5,0,PChome 24h購物,0.9,1800,16%,71.5,PChome API 最低折扣價,PChome 即時資料（已保存）,https://24h.pchome.com.tw/prod/DXAX7T-A900IJWRG
2026-05-21,PChome,未標示,W  DUNK HIGH SE 休閒鞋 女 -FD0882400,1600,4.5,0,PChome 24h購物,0.9,1905,16%,71.4,PChome API 最低折扣價,PChome 即時資料（已保存）,https://24h.pchome.com.tw/prod/DXAX2W-A900FYAIB
2026-05-21,PChome,男鞋,Dunk Low Retro PRM Cacao Wow 摩卡可可棕 休閒鞋 運動鞋 低筒 男鞋 HV1794-211,1606,4.5,0,PChome 24h購物,0.9,1890,15%,71.4,PChome API 最低折扣價,PChome 即時資料（已保存）,https://24h.pchome.com.tw/prod/DXAX69-A900IXU3K
2026-05-21,PChome,童鞋,NIKE DUNK LOW BG 大童鞋 女鞋 休閒鞋 鐵灰 螢光綠-HQ3569068,1611,4.5,0,PChome 24h購物,0.9,1918,16%,71.4,PChome API 最低折扣價,PChome 即時資料（已保存）,https://24h.pchome.com.tw/prod/DXBY2O-A900I15ZA
2026-05-21,PChome,未標示,DUNK LOW 男女休閒鞋,1631,4.5,0,PChome 24h購物,0.9,1699,4%,71.4,PChome API 最低折扣價,PChome 即時資料（已保存）,https://24h.pchome.com.tw/prod/DXAX69-A900IX2Z5
2026-05-21,PChome,童鞋,NIKE DUNK LOW GS 中大童 休閒鞋 白綠-FB9109114,1640,4.5,0,PChome 24h購物,0.9,2025,19%,71.3,PChome API 最低折扣價,PChome 即時資料（已保存）,https://24h.pchome.com.tw/prod/DXAX7T-A900IIFRI
2026-05-21,PChome,女鞋,Dunk Low Next Nature Sesame 奶棕 環保 透氣 休閒鞋 女鞋 DD1873-201,1684,4.5,0,PChome 24h購物,0.9,1982,15%,71.3,PChome API 最低折扣價,PChome 即時資料（已保存）,https://24h.pchome.com.tw/prod/DXAX69-A900I979L
2026-05-21,PChome,童鞋,Dunk Low Dark Team Red 酒漬櫻桃 GS 深紅白 低筒 休閒鞋 大童鞋 FZ4352-600,1684,4.5,0,PChome 24h購物,0.9,1982,15%,71.3,PChome API 最低折扣價,PChome 即時資料（已保存）,https://24h.pchome.com.tw/prod/DXAX69-A900I8VJR
2026-05-21,PChome,童鞋,Dunk Low WHITE BLACK 黑白 熊貓 大童 休閒鞋 CW1590-100,1699,4.5,0,PChome 24h購物,0.9,1999,15%,71.2,PChome API 最低折扣價,PChome 即時資料（已保存）,https://24h.pchome.com.tw/prod/DXAX2C-A900FY06G
2026-05-21,PChome,女鞋,W Nike Dunk Low Disrupt Ash Green 灰綠 解構 質感 絨布 休閒鞋 女鞋 DO5219-010,1705,4.5,0,PChome 24h購物,0.9,2006,15%,71.2,PChome API 最低折扣價,PChome 即時資料（已保存）,https://24h.pchome.com.tw/prod/DXAX69-A900IV5R9
2026-05-21,PChome,女鞋,WMNS DUNK LOW 女鞋 休閒鞋 白棕色-HJ7673100,1726,4.5,0,PChome 24h購物,0.9,2132,19%,71.2,PChome API 最低折扣價,PChome 即時資料（已保存）,https://24h.pchome.com.tw/prod/DXBY2L-A900HRT4Y
2026-05-21,PChome,女鞋,W DUNK LOW LX 女鞋 休閒鞋 奶茶金 卡其金-HM3695071,1742,4.5,0,PChome 24h購物,0.9,2151,19%,71.2,PChome API 最低折扣價,PChome 即時資料（已保存）,https://24h.pchome.com.tw/prod/DXBY2L-A900HN8O5
2026-05-21,PChome,童鞋,DUNK LOW (PS) 中大童 童鞋 女鞋 休閒鞋 黑白色-CW1588100,1782,4.5,0,PChome 24h購物,0.9,2200,19%,71.1,PChome API 最低折扣價,PChome 即時資料（已保存）,https://24h.pchome.com.tw/prod/DXBY2L-A900HRY5G
2026-05-21,PChome,童鞋,Dunk Low GS Year of the Snake 蛇年限定 白綠 低筒 舒適 2025春節限定 休閒鞋 大童鞋 HV6001-101,1784,4.5,0,PChome 24h購物,0.9,2099,15%,71.1,PChome API 最低折扣價,PChome 即時資料（已保存）,https://24h.pchome.com.tw/prod/DIEL09-A900I8UW0
2026-05-21,PChome,女鞋,休閒鞋 Wmns Dunk Low 女鞋 米白 紫 浮雕 麻繩 低筒 IH0639-011,1960,4.5,0,PChome 24h購物,0.9,2280,14%,70.8,PChome API 最低折扣價,PChome 即時資料（已保存）,https://24h.pchome.com.tw/prod/DXAX69-A900J031Q
2026-05-21,PChome,童鞋,休閒鞋 Dunk Low GS 女鞋 大童鞋 白 黑 熊貓 低筒 經典款  CW1590-100,1960,4.5,0,PChome 24h購物,0.9,2280,14%,70.8,PChome API 最低折扣價,PChome 即時資料（已保存）,https://24h.pchome.com.tw/prod/DXAX69-A900H1HJ0
2026-05-21,PChome,男鞋,休閒鞋 Dunk Low Retro QS 萬聖節 男鞋 爆裂紋 骷髏頭 牛油果綠 黑 HV6103-300,1960,4.5,0,PChome 24h購物,0.9,2280,14%,70.8,PChome API 最低折扣價,PChome 即時資料（已保存）,https://24h.pchome.com.tw/prod/DXAX69-A900I2UJ6
2026-05-21,PChome,男鞋,DUNK LOW RETRO 男鞋 休閒鞋,1999,4.5,0,PChome 24h購物,0.9,1999,0%,70.8,PChome API 價格,PChome 即時資料（已保存）,https://24h.pchome.com.tw/prod/DXAX69-A900J198Z
2026-05-21,PChome,未標示,經典Dunk Low Next Nature 板鞋 休閒鞋 經典logo 戶外休閒 DD1873-402,2090,4.5,0,PChome 24h購物,0.9,2090,0%,70.6,PChome API 價格,PChome 即時資料（已保存）,https://24h.pchome.com.tw/prod/DXAX69-A900IV6B6
2026-05-21,PChome,男女通用,休閒鞋 Dunk Low 男鞋 女鞋 深藍 午夜藍 白 復古 低筒 HF5441-107,2280,4.5,0,PChome 24h購物,0.9,2280,0%,70.3,搜尋頁價格,PChome 即時資料（已保存）,https://24h.pchome.com.tw/prod/DXAX69-A900IAMF8
2026-05-21,PChome,男鞋,Nike Dunk Low Mustard Yellow 芥末黃 低筒 休閒鞋 男鞋 HF5441-109,2305,4.5,0,PChome 24h購物,0.9,2305,0%,70.3,搜尋頁價格,PChome 即時資料（已保存）,https://24h.pchome.com.tw/prod/DXAX69-A900IQEKO
2026-05-21,PChome,男鞋,滑板鞋 SB Dunk Low Pro PRM 男鞋 綠 灰 麂皮 撞色 休閒鞋 HQ1626-300,2380,4.5,0,PChome 24h購物,0.9,2380,0%,70.1,搜尋頁價格,PChome 即時資料（已保存）,https://24h.pchome.com.tw/prod/DXAX69-A900J5DY1
2026-05-21,PChome,男鞋,Dunk Low Retro LT Photo Blue 藍色 低筒 復古 休閒鞋 男鞋 HF5441-002,2433,4.5,0,PChome 24h購物,0.9,2433,0%,70.1,搜尋頁價格,PChome 即時資料（已保存）,https://24h.pchome.com.tw/prod/DXAX69-A900IQEKC
2026-05-21,PChome,未標示,Dunk Low Avocado 酪梨 牛油果綠 休閒鞋 DM7606-300,2433,4.5,0,PChome 24h購物,0.9,2433,0%,70.1,搜尋頁價格,PChome 即時資料（已保存）,https://24h.pchome.com.tw/prod/DXAX2J-A900FRCXG
2026-05-21,PChome,未標示,DUNK LOW RETRO PRM 男 休閒鞋 棕色-FN5825100,2454,4.5,0,PChome 24h購物,0.9,2454,0%,70.0,搜尋頁價格,PChome 即時資料（已保存）,https://24h.pchome.com.tw/prod/DXBY2L-A900HLJGM
2026-05-21,PChome,女鞋,W DUNK LOW PRM 女鞋 休閒鞋 白藍綠-FB7910100,2454,4.5,0,PChome 24h購物,0.9,2454,0%,70.0,搜尋頁價格,PChome 即時資料（已保存）,https://24h.pchome.com.tw/prod/DXBY2L-A900HT67T
2026-05-21,PChome,女鞋,W DUNK LOW SE 女鞋 休閒鞋 米白 黑 麂皮-HQ3502100,2454,4.5,0,PChome 24h購物,0.9,2454,0%,70.0,搜尋頁價格,PChome 即時資料（已保存）,https://24h.pchome.com.tw/prod/DXAX69-A900I5DIK
2026-05-21,PChome,男鞋,Nike 男鞋 Dunk/Force系列 休閒鞋 FJ4146112 HQ2037100 HF5441104 HF5441111 HJ4465700 HF5441102,2480,4.5,0,PChome 24h購物,0.9,2480,0%,70.0,搜尋頁價格,PChome 即時資料（已保存）,https://24h.pchome.com.tw/prod/DXAX69-A900ITLPV
2026-05-21,PChome,男鞋,休閒鞋 Dunk Low Retro SE 男鞋 灰 綠 麂皮 復古 經典 IB6399-002,2480,4.5,0,PChome 24h購物,0.9,2480,0%,70.0,搜尋頁價格,PChome 即時資料（已保存）,https://24h.pchome.com.tw/prod/DXAX69-A900J24D2
2026-05-21,PChome,女鞋,Wmns Dunk Low Retro Black 黑 白 熊貓 女鞋 低筒 DD1503-101,2488,4.5,0,PChome 24h購物,0.9,2488,0%,70.0,搜尋頁價格,PChome 即時資料（已保存）,https://24h.pchome.com.tw/prod/DXAX69-A900F60VY
2026-05-21,PChome,男鞋,DUNK LOW RETRO 男鞋 休閒鞋 白色 芥末黃-HF5441109,2561,4.5,0,PChome 24h購物,0.9,2561,0%,69.8,搜尋頁價格,PChome 即時資料（已保存）,https://24h.pchome.com.tw/prod/DXAX69-A900IUX5B
2026-05-21,PChome,男鞋,DUNK LOW RETRO 男鞋 休閒鞋 白色 藍紅-HF5441601,2561,4.5,0,PChome 24h購物,0.9,2561,0%,69.8,搜尋頁價格,PChome 即時資料（已保存）,https://24h.pchome.com.tw/prod/DXAX69-A900IUX6E
2026-05-21,PChome,女鞋,W DUNK LOW LX 女鞋 休閒鞋 棕色 丹寧藍-HQ3459212,2561,4.5,0,PChome 24h購物,0.9,2561,0%,69.8,搜尋頁價格,PChome 即時資料（已保存）,https://24h.pchome.com.tw/prod/DXBY2L-A900I21VM
2026-05-21,PChome,男鞋,SB DUNK LOW PRO WC 男鞋 滑板鞋 酪梨綠-FQ7585200,2561,4.5,0,PChome 24h購物,0.9,2561,0%,69.8,搜尋頁價格,PChome 即時資料（已保存）,https://24h.pchome.com.tw/prod/DXBY2L-A900HYZ5A
2026-05-21,PChome,男鞋,DUNK LOW RETRO 男鞋 休閒鞋 黃黑色-HF5441700,2561,4.5,0,PChome 24h購物,0.9,2561,0%,69.8,搜尋頁價格,PChome 即時資料（已保存）,https://24h.pchome.com.tw/prod/DXAX69-A900IUX61
2026-05-21,PChome,未標示,W DUNK LOW NEXT NATURE 女 休閒鞋 奶棕-DD1873201,2561,4.5,0,PChome 24h購物,0.9,2561,0%,69.8,搜尋頁價格,PChome 即時資料（已保存）,https://24h.pchome.com.tw/prod/DXAX69-A900ICTJX
2026-05-21,PChome,未標示,W DUNK LOW NN 女 休閒鞋 紫 奶油白-FZ4349100,2561,4.5,0,PChome 24h購物,0.9,2561,0%,69.8,搜尋頁價格,PChome 即時資料（已保存）,https://24h.pchome.com.tw/prod/DXAX69-A900ICTM2
2026-05-21,PChome,男鞋,休閒鞋 Dunk Low Retro SE 男鞋 熊貓 毛絨 麂皮 黑 米白 IB2990-100,2580,4.5,0,PChome 24h購物,0.9,2580,0%,69.8,搜尋頁價格,PChome 即時資料（已保存）,https://24h.pchome.com.tw/prod/DXAX69-A900J54VY
2026-05-21,PChome,未標示,Dunk Low WHITE BLACK 黑白 熊貓 休閒鞋 DD1503-101,2649,4.5,0,PChome 24h購物,0.9,2649,0%,69.7,搜尋頁價格,PChome 即時資料（已保存）,https://24h.pchome.com.tw/prod/DXAX2J-A900FRID5
2026-05-21,PChome,女鞋,WMNS DUNK LOW 女 休閒鞋 白灰綠-IB3484001,2668,4.5,0,PChome 24h購物,0.9,2668,0%,69.7,搜尋頁價格,PChome 即時資料（已保存）,https://24h.pchome.com.tw/prod/DXAX69-A900ICTPP
2026-05-21,PChome,女鞋,W DUNK LOW SE 女鞋 休閒鞋 灰白 黑 雙勾 麂皮-HV1800101,2668,4.5,0,PChome 24h購物,0.9,2668,0%,69.7,搜尋頁價格,PChome 即時資料（已保存）,https://24h.pchome.com.tw/prod/DXAX69-A900I5DI8
2026-05-21,PChome,未標示,W DUNK LOW 女 休閒鞋 灰白紫-HF1985001,2668,4.5,0,PChome 24h購物,0.9,2668,0%,69.7,搜尋頁價格,PChome 即時資料（已保存）,https://24h.pchome.com.tw/prod/DXAX69-A900ICTM5
2026-05-21,PChome,女鞋,休閒鞋 Wmns Dunk Low Next Nature 女鞋 灰 白 百搭 低筒 DD1873-113,2680,4.5,0,PChome 24h購物,0.9,2680,0%,69.7,搜尋頁價格,PChome 即時資料（已保存）,https://24h.pchome.com.tw/prod/DXAX69-A900IGTVI
2026-05-21,PChome,童鞋,DUNK LOW (GS) 中大童 童鞋 女鞋 休閒鞋 黑白色-CW1590100,2700,4.5,0,PChome 24h購物,0.9,2700,0%,69.6,搜尋頁價格,PChome 即時資料（已保存）,https://24h.pchome.com.tw/prod/DXBY2L-A900HRY6G
2026-05-21,PChome,未標示,Dunk Low Retro SE Panda 絨毛熊貓 休閒鞋 IB2990-100,2776,4.5,0,PChome 24h購物,0.9,2776,0%,69.5,搜尋頁價格,PChome 即時資料（已保存）,https://24h.pchome.com.tw/prod/DXAX69-A900J4L19
2026-05-21,PChome,女鞋,Dunk Low Photon Dust (W) 灰白 女款 休閒鞋 DD1503-103,2776,4.5,0,PChome 24h購物,0.9,2776,0%,69.5,搜尋頁價格,PChome 即時資料（已保存）,https://24h.pchome.com.tw/prod/DXAX2J-A900FWI1N
2026-05-21,PChome,男鞋,Dunk Low Light Smoke Grey 灰白 舒適 百搭 低筒 撞色 休閒鞋 男鞋 HF5441-105,2776,4.5,0,PChome 24h購物,0.9,2776,0%,69.5,搜尋頁價格,PChome 即時資料（已保存）,https://24h.pchome.com.tw/prod/DXAX69-A900I90OK
2026-05-21,PChome,男女通用,休閒鞋 Dunk Low Retro 男鞋 女鞋 黑 白 熊貓 經典 低筒 HF5441-100,2788,4.5,0,PChome 24h購物,0.9,2788,0%,69.5,搜尋頁價格,PChome 即時資料（已保存）,https://24h.pchome.com.tw/prod/DXAX69-A900IAMFM
2026-05-21,PChome,未標示,DUNK LOW RETRO 男 休閒鞋 IH7333200,2850,4.5,0,PChome 24h購物,0.9,2850,0%,69.4,搜尋頁價格,PChome 即時資料（已保存）,https://24h.pchome.com.tw/prod/DXAX69-A900J55QZ
2026-05-21,PChome,男鞋,休閒鞋 Dunk Low Retro 灰 淺灰 白 男鞋 百搭 低筒 HF5441-105,2880,4.5,0,PChome 24h購物,0.9,2880,0%,69.3,搜尋頁價格,PChome 即時資料（已保存）,https://24h.pchome.com.tw/prod/DXAX69-A900I9HNU
2026-05-21,PChome,女鞋,休閒鞋 Wmns Dunk Low 女鞋 灰 白 Photon Dust 經典款 DD1503-103,2880,4.5,0,PChome 24h購物,0.9,2880,0%,69.3,搜尋頁價格,PChome 即時資料（已保存）,https://24h.pchome.com.tw/prod/DXAX69-A900G7WWC
2026-05-21,PChome,男鞋,DUNK LOW QS 男鞋 休閒鞋 紅灰色-FQ6965600,2882,4.5,0,PChome 24h購物,0.9,2882,0%,69.3,搜尋頁價格,PChome 即時資料（已保存）,https://24h.pchome.com.tw/prod/DXBY2L-A900HQAIZ
2026-05-21,PChome,未標示,DUNK LOW SE 男 休閒鞋 蛇紋 灰紫褐-HV6932299,2882,4.5,0,PChome 24h購物,0.9,2882,0%,69.3,搜尋頁價格,PChome 即時資料（已保存）,https://24h.pchome.com.tw/prod/DXAX69-A900ICZFY
2026-05-21,PChome,未標示,W NIKE DUNK LOW SE 女 休閒鞋 HQ7487700,2882,4.5,0,PChome 24h購物,0.9,2882,0%,69.3,搜尋頁價格,PChome 即時資料（已保存）,https://24h.pchome.com.tw/prod/DXAX69-A900J5V4A
2026-05-21,PChome,未標示,DUNK LOW RETRO SE 男 休閒鞋 米綠色 紫-HV5750133,2882,4.5,0,PChome 24h購物,0.9,2882,0%,69.3,搜尋頁價格,PChome 即時資料（已保存）,https://24h.pchome.com.tw/prod/DXAX69-A900IHP3G
2026-05-21,PChome,未標示,經典Dunk Low Next Nature 板鞋 休閒鞋 經典logo 戶外休閒 DD1873-113,2890,4.5,0,PChome 24h購物,0.9,2890,0%,69.3,搜尋頁價格,PChome 即時資料（已保存）,https://24h.pchome.com.tw/prod/DXAX69-A900IV5Z8
2026-05-21,PChome,男鞋,Dunk Low Glacier Blue Pale Ivory 天空藍 經典 撞色 舒適 休閒鞋 男鞋 HF5441-103,2891,4.5,0,PChome 24h購物,0.9,2891,0%,69.3,搜尋頁價格,PChome 即時資料（已保存）,https://24h.pchome.com.tw/prod/DXAX69-A900IC2G8
2026-05-21,PChome,童鞋,DUNK LOW RETRO LTD HWN 男 休閒鞋 IB2267001,2989,4.5,0,PChome 24h購物,0.9,2989,0%,69.2,搜尋頁價格,PChome 即時資料（已保存）,https://24h.pchome.com.tw/prod/DIBPGT-A900JAOJ8
2026-05-21,PChome,童鞋,DUNK LOW RETRO LTD 男女鞋 休閒鞋 卡其棕 橘 迷彩-IB2260500,2989,4.5,0,PChome 24h購物,0.9,2989,0%,69.2,搜尋頁價格,PChome 即時資料（已保存）,https://24h.pchome.com.tw/prod/DXAX69-A900IUXAT
2026-05-21,PChome,未標示,SB DUNK LOW PRO B 男 滑板鞋 HJ0367301,2989,4.5,0,PChome 24h購物,0.9,2989,0%,69.2,搜尋頁價格,PChome 即時資料（已保存）,https://24h.pchome.com.tw/prod/DXAX69-A900J4VQC
2026-05-21,PChome,女鞋,NIKE SB DUNK LOW PRO 男女鞋 滑板鞋 粉 橘 綠-HJ4135600,2989,4.5,0,PChome 24h購物,0.9,2989,0%,69.2,搜尋頁價格,PChome 即時資料（已保存）,https://24h.pchome.com.tw/prod/DXAX69-A900IUX2B
2026-05-21,PChome,女鞋,W DUNK LOW LX 女鞋 休閒鞋 白色 酒紅 金 CNY 蛇年-HV5991171,2989,4.5,0,PChome 24h購物,0.9,2989,0%,69.2,搜尋頁價格,PChome 即時資料（已保存）,https://24h.pchome.com.tw/prod/DXAX69-A900I7KR1
2026-05-21,PChome,未標示,SB DUNK LOW PRO 男 滑板鞋 HQ1625600,2989,4.5,0,PChome 24h購物,0.9,2989,0%,69.2,搜尋頁價格,PChome 即時資料（已保存）,https://24h.pchome.com.tw/prod/DXAX69-A900J4UWM
2026-05-21,PChome,未標示,DUNK LOW RETRO 男 休閒鞋 黑白 熊貓-HF5441100,3400,4.5,0,PChome 24h購物,0.9,3400,0%,68.5,搜尋頁價格,PChome 即時資料（已保存）,https://24h.pchome.com.tw/prod/DXAX69-A900ICZBD
2026-05-21,PChome,未標示,DUNK LOW RETRO 男 休閒鞋 白 深藍-HF5441107,3400,4.5,0,PChome 24h購物,0.9,3400,0%,68.5,搜尋頁價格,PChome 即時資料（已保存）,https://24h.pchome.com.tw/prod/DXAX69-A900ICZD2
2026-05-21,PChome,男鞋,DUNK LOW RETRO 男鞋 休閒鞋 白灰色-HF5441105,3400,4.5,0,PChome 24h購物,0.9,3400,0%,68.5,搜尋頁價格,PChome 即時資料（已保存）,https://24h.pchome.com.tw/prod/DXAX69-A900IJY8A
2026-05-21,PChome,未標示,Dunk Low 變形蟲 白藍 天空藍 休閒鞋 DH4401-101,3724,4.5,0,PChome 24h購物,0.9,3724,0%,68.0,搜尋頁價格,PChome 即時資料（已保存）,https://24h.pchome.com.tw/prod/DXAX2J-A900FSAA6
2026-05-21,momo購物網,童鞋,【NIKE 耐吉】休閒鞋 籃球鞋 童鞋 DUNK TATUM G.T. CUT 多款任選 (FB9109114&FD7033004&FZ4352600),1190,4.9,32,momo購物網,0.88,1190,0%,87.1,momo 搜尋頁售價,momo 即時搜尋資料（已保存）,https://www.momoshop.com.tw/goods/GoodsDetail.jsp?i_code=15006044&Area=search&mdiv=403&oid=1_24&cid=index&kw=Dunk
2026-05-21,momo購物網,男女通用,【NIKE 耐吉】運動鞋 休閒鞋 慢跑鞋 NIKE P-6000 DUNK 液態銀 經典男鞋 女鞋 灰銀復古 多款(IO3496-001&),1804,5.0,2,momo購物網,0.88,1804,0%,86.0,momo 搜尋頁售價,momo 即時搜尋資料（已保存）,https://www.momoshop.com.tw/goods/GoodsDetail.jsp?i_code=15231076&Area=search&mdiv=403&oid=1_5&cid=index&kw=Dunk
2026-05-21,momo購物網,男女通用,【NIKE 耐吉】運動鞋 休閒鞋 男鞋 女鞋 NIKE DUNK LOW RETRO Midnight Navy 午夜藍 深藍(HF5441107),1880,4.9,34,momo購物網,0.88,1880,0%,86.1,momo 搜尋頁售價,momo 即時搜尋資料（已保存）,https://www.momoshop.com.tw/goods/GoodsDetail.jsp?i_code=13674657&Area=search&mdiv=403&oid=1_7&cid=index&kw=Dunk
2026-05-21,momo購物網,男鞋,【NIKE 耐吉】Dunk Low Retro 男鞋 寶寶藍色 休閒 透氣 Dunk 皮革 低筒 運動 休閒鞋 HF5441-103,1899,5.0,1,momo購物網,0.88,1899,0%,85.4,momo 搜尋頁售價,momo 即時搜尋資料（已保存）,https://www.momoshop.com.tw/goods/GoodsDetail.jsp?i_code=13771288&Area=search&mdiv=403&oid=1_17&cid=index&kw=Dunk
2026-05-21,momo購物網,男鞋,【NIKE 耐吉】DUNK LOW RETRO 男鞋 休閒鞋 運動鞋 白藍(HF5441107),1938,5.0,15,momo購物網,0.88,1938,0%,87.8,momo 搜尋頁售價,momo 即時搜尋資料（已保存）,https://www.momoshop.com.tw/goods/GoodsDetail.jsp?i_code=13837108&Area=search&mdiv=403&oid=1_8&cid=index&kw=Dunk
2026-05-21,momo購物網,男鞋,【NIKE 耐吉】DUNK LOW RETRO 男鞋 墨綠 休閒鞋 穿搭 運動(HF5441-102),1938,4.7,6,momo購物網,0.88,1938,0%,78.4,momo 搜尋頁售價,momo 即時搜尋資料（已保存）,https://www.momoshop.com.tw/goods/GoodsDetail.jsp?i_code=13604324&Area=search&mdiv=403&oid=1_22&cid=index&kw=Dunk
2026-05-21,momo購物網,女鞋,【NIKE 耐吉】運動鞋 休閒鞋 女鞋 W NIKE DUNK LOW 緩震 抓地力 經典 低筒 灰白(DD1503103),2089,4.9,49,momo購物網,0.88,2089,0%,86.2,momo 搜尋頁售價,momo 即時搜尋資料（已保存）,https://www.momoshop.com.tw/goods/GoodsDetail.jsp?i_code=14283973&Area=search&mdiv=403&oid=1_18&cid=index&kw=Dunk
2026-05-21,momo購物網,男鞋,【NIKE 耐吉】運動鞋 休閒鞋 板鞋 NIKE DUNK LOW RETRO 男鞋 熊貓 Dior灰 復古 多款(HF5441-107&),2099,4.8,414,momo購物網,0.88,2099,0%,86.0,momo 搜尋頁售價,momo 即時搜尋資料（已保存）,https://www.momoshop.com.tw/goods/GoodsDetail.jsp?i_code=14086690&Area=search&mdiv=403&oid=1_1&cid=index&kw=Dunk
2026-05-21,momo購物網,女鞋,【NIKE 耐吉】運動鞋 休閒鞋 W NIKE DUNK LOW 女鞋 復古鞋 經典 熊貓 灰白 多色(DD1503-101&),2099,4.8,115,momo購物網,0.88,2099,0%,84.4,momo 搜尋頁售價,momo 即時搜尋資料（已保存）,https://www.momoshop.com.tw/goods/GoodsDetail.jsp?i_code=14581234&Area=search&mdiv=403&oid=1_3&cid=index&kw=Dunk
2026-05-21,momo購物網,男鞋,【NIKE 耐吉】運動鞋 休閒鞋 板鞋 NIKE DUNK LOW RETRO 男鞋 漆皮 麂皮 經典 復古 多款(FQ8249-104&),2099,4.9,16,momo購物網,0.88,2099,0%,84.9,momo 搜尋頁售價,momo 即時搜尋資料（已保存）,https://www.momoshop.com.tw/goods/GoodsDetail.jsp?i_code=14693544&Area=search&mdiv=403&oid=1_4&cid=index&kw=Dunk
2026-05-21,momo購物網,男女通用,【NIKE 耐吉】運動鞋 休閒鞋 情侶鞋 AIR FORCE 1 07 / DUNK 男鞋 女鞋 AF1 麂皮 黑白綠 多款(FZ0627-010&),2199,4.9,261,momo購物網,0.88,2199,0%,88.0,momo 搜尋頁售價,momo 即時搜尋資料（已保存）,https://www.momoshop.com.tw/goods/GoodsDetail.jsp?i_code=13840658&Area=search&mdiv=403&oid=1_2&cid=index&kw=Dunk
2026-05-21,momo購物網,男女通用,【NIKE 耐吉】運動鞋 休閒鞋 NIKE SB DUNK LOW PRO 男鞋 女鞋 綠咖紅 多款(FV8493-401&),2199,4.8,18,momo購物網,0.88,2199,0%,82.0,momo 搜尋頁售價,momo 即時搜尋資料（已保存）,https://www.momoshop.com.tw/goods/GoodsDetail.jsp?i_code=13613660&Area=search&mdiv=403&oid=1_9&cid=index&kw=Dunk
2026-05-21,momo購物網,男鞋,【NIKE 耐吉】運動鞋 滑板鞋 男鞋 NIKE SB DUNK LOW PRO 緩震 經典 撞色 棕 藍(HQ1625200),2280,5.0,6,momo購物網,0.88,2280,0%,86.3,momo 搜尋頁售價,momo 即時搜尋資料（已保存）,https://www.momoshop.com.tw/goods/GoodsDetail.jsp?i_code=14910230&Area=search&mdiv=403&oid=1_13&cid=index&kw=Dunk
2026-05-21,momo購物網,男鞋,【NIKE 耐吉】運動鞋 休閒鞋 男鞋 NIKE DUNK LOW RETRO SE 經典 板鞋 麂皮 (IB6752101),2351,5.0,1,momo購物網,0.88,2351,0%,84.6,momo 搜尋頁售價,momo 即時搜尋資料（已保存）,https://www.momoshop.com.tw/goods/GoodsDetail.jsp?i_code=15051103&Area=search&mdiv=403&oid=1_23&cid=index&kw=Dunk
2026-05-21,momo購物網,男鞋,【NIKE 耐吉】Dunk Low Retro 男鞋 灰白色 滑板 經典 Dunk 低筒 休閒 運動 休閒鞋 HF5441-105,2380,5.0,2,momo購物網,0.88,2380,0%,85.1,momo 搜尋頁售價,momo 即時搜尋資料（已保存）,https://www.momoshop.com.tw/goods/GoodsDetail.jsp?i_code=13658948&Area=search&mdiv=403&oid=1_20&cid=index&kw=Dunk
2026-05-21,momo購物網,男鞋,【NIKE 耐吉】休閒鞋 男鞋 運動鞋 DUNK LOW RETRO 灰白 HF5441-105,2422,5.0,13,momo購物網,0.88,2422,0%,86.9,momo 搜尋頁售價,momo 即時搜尋資料（已保存）,https://www.momoshop.com.tw/goods/GoodsDetail.jsp?i_code=13622795&Area=search&mdiv=403&oid=1_16&cid=index&kw=Dunk
2026-05-21,momo購物網,未標示,【NIKE 耐吉】NIKE 休閒鞋 DUNK LOW 城市系列 柏林 黑漆皮 反光 復古 男 FZ3053-001,2450,0.0,0,momo購物網,0.88,2450,0%,55.6,momo 搜尋頁售價,momo 即時搜尋資料（已保存）, https://www.momoshop.com.tw/TP/TP0008895/goodsDetail/TP00088950003819
2026-05-21,momo購物網,男女通用,【NIKE 耐吉】運動鞋 休閒鞋 男鞋 女鞋 DUNK LOW RETRO White Black Panda 2025 黑白 熊貓(HF5441100),2454,4.9,34,momo購物網,0.88,2454,0%,85.2,momo 搜尋頁售價,momo 即時搜尋資料（已保存）,https://www.momoshop.com.tw/goods/GoodsDetail.jsp?i_code=13674659&Area=search&mdiv=403&oid=1_15&cid=index&kw=Dunk
2026-05-21,momo購物網,男鞋,【NIKE 耐吉】休閒鞋 Nike Dunk Low Retro Grey Fog 灰白 板鞋 男鞋 HF5441-105,2498,4.7,13,momo購物網,0.88,2498,0%,78.4,momo 搜尋頁售價,momo 即時搜尋資料（已保存）,https://www.momoshop.com.tw/goods/GoodsDetail.jsp?i_code=11368288&Area=search&mdiv=403&oid=1_21&cid=index&kw=Dunk
2026-05-21,momo購物網,男鞋,【NIKE 耐吉】DUNK LOW RETRO 男鞋 休閒鞋 運動鞋 灰白(HF5441105),2546,4.9,19,momo購物網,0.88,2546,0%,84.3,momo 搜尋頁售價,momo 即時搜尋資料（已保存）,https://www.momoshop.com.tw/goods/GoodsDetail.jsp?i_code=13993143&Area=search&mdiv=403&oid=1_12&cid=index&kw=Dunk
2026-05-21,momo購物網,男鞋,【NIKE 耐吉】運動鞋 休閒鞋 AIR FORCE 1 DUNK LOW GTX 男鞋 AF1 GTX 多款(CK2630-004&),2599,4.9,12,momo購物網,0.88,2599,0%,83.7,momo 搜尋頁售價,momo 即時搜尋資料（已保存）,https://www.momoshop.com.tw/goods/GoodsDetail.jsp?i_code=14688251&Area=search&mdiv=403&oid=1_19&cid=index&kw=Dunk
2026-05-21,momo購物網,男鞋,【NIKE 耐吉】HQ2053-001 Nike Dunk Low Gore-Tex 時尚潮流 低幫 板鞋 男款 黑色,3200,0.0,0,momo購物網,0.88,3200,0%,54.4,momo 搜尋頁售價,momo 即時搜尋資料（已保存）, https://www.momoshop.com.tw/TP/TP0009562/goodsDetail/TP00095620009654
2026-05-21,momo購物網,男鞋,【NIKE 耐吉】Nike Dunk Low GTX 防水 休閒鞋 淺灰黑 HQ2053-100 男款 皮革 復古鞋 經典 運動鞋,3900,0.0,0,momo購物網,0.88,3900,0%,53.3,momo 搜尋頁售價,momo 即時搜尋資料（已保存）, https://www.momoshop.com.tw/TP/TP0003634/goodsDetail/TP00036340001378
2026-05-21,momo購物網,男鞋,【NIKE 耐吉】Dunk Low Gore-Tex 煙灰 防潑水 反光 休閒鞋 運動鞋 男鞋 HQ2053-100,3937,4.9,11,momo購物網,0.88,3937,0%,81.5,momo 搜尋頁售價,momo 即時搜尋資料（已保存）,https://www.momoshop.com.tw/goods/GoodsDetail.jsp?i_code=14937049&Area=search&mdiv=403&oid=1_25&cid=index&kw=Dunk
2026-05-21,momo購物網,男鞋,【NIKE 耐吉】休閒鞋 Dunk Low GTX 男鞋 白 灰 防水 皮革 經典 HQ2053-100,4122,4.8,12,momo購物網,0.88,4122,0%,78.4,momo 搜尋頁售價,momo 即時搜尋資料（已保存）,https://www.momoshop.com.tw/goods/GoodsDetail.jsp?i_code=14875866&Area=search&mdiv=403&oid=1_14&cid=index&kw=Dunk
2026-05-21,momo購物網,男鞋,【NIKE 耐吉】休閒鞋 Bluetile x Nike SB Dunk Low Pro 帝王斑蝶 深藍 黑色 男鞋 IQ1323-001,4256,5.0,1,momo購物網,0.88,4256,0%,81.5,momo 搜尋頁售價,momo 即時搜尋資料（已保存）,https://www.momoshop.com.tw/goods/GoodsDetail.jsp?i_code=15245911&Area=search&mdiv=403&oid=1_6&cid=index&kw=Dunk
2026-05-21,momo購物網,男鞋,【NIKE 耐吉】NIKE SB DUNK LOW PRO 休閒鞋 黑 HF3704-003 麂皮 運動鞋 男鞋,4330,0.0,0,momo購物網,0.88,4330,0%,52.6,momo 搜尋頁售價,momo 即時搜尋資料（已保存）, https://www.momoshop.com.tw/TP/TP0003634/goodsDetail/TP00036340001374
2026-05-21,momo購物網,男女通用,【NIKE 耐吉】休閒鞋 W Dunk Low 女鞋 男鞋 黑白浮雕 反轉熊貓 馬年 穿搭 潮流 限量 IF3944-001,4417,4.9,14,momo購物網,0.88,4417,0%,80.9,momo 搜尋頁售價,momo 即時搜尋資料（已保存）,https://www.momoshop.com.tw/goods/GoodsDetail.jsp?i_code=14988639&Area=search&mdiv=403&oid=1_10&cid=index&kw=Dunk
2026-05-21,PChome,童鞋,Air Force 1 Low Valentines Day 白粉紅 情人節 GS AF1 皮革 休閒鞋 大童鞋 HV5165-121,1589,4.5,0,PChome 24h購物,0.9,1870,15%,71.4,PChome API 最低折扣價,PChome 即時資料（已保存）,https://24h.pchome.com.tw/prod/DXAX69-A900ICJ8F
2026-05-21,PChome,女鞋,W Nike Air Force 1 Low '07 Cacao Wow 摩卡棕 女鞋 HQ3905-200,1589,4.5,0,PChome 24h購物,0.9,1870,15%,71.4,PChome API 最低折扣價,PChome 即時資料（已保存）,https://24h.pchome.com.tw/prod/DXAXC4-A900JA03F
2026-05-21,PChome,童鞋,AIR FORCE 1 LV8 4 (GS) 中大童 休閒鞋 灰綠-FQ6948001,1611,4.5,0,PChome 24h購物,0.9,1918,16%,71.4,PChome API 最低折扣價,PChome 即時資料（已保存）,https://24h.pchome.com.tw/prod/DXBY2L-A900HLN7Z
2026-05-21,PChome,童鞋,AIR FORCE 1 GS 童鞋 大童 女鞋 休閒鞋 白藍-FV5948115,1726,4.5,0,PChome 24h購物,0.9,2132,19%,71.2,PChome API 最低折扣價,PChome 即時資料（已保存）,https://24h.pchome.com.tw/prod/DXAX7T-A900IDACM
2026-05-21,PChome,童鞋,休閒鞋 Air Force 1 GS 大童 女鞋 海軍藍 黑 AF1 HJ9201-400,1780,4.5,0,PChome 24h購物,0.9,1780,0%,71.1,PChome API 價格,PChome 即時資料（已保存）,https://24h.pchome.com.tw/prod/DXAX7T-A900JEWO2
2026-05-21,PChome,女鞋,休閒鞋 Wmns Air Force 1 Sage Low 女鞋 黑 白 厚底 AF1 AR5339-002,1788,4.5,0,PChome 24h購物,0.9,2080,14%,71.1,PChome API 最低折扣價,PChome 即時資料（已保存）,https://24h.pchome.com.tw/prod/DXAX69-A900JA454
2026-05-21,PChome,童鞋,休閒鞋 Air Force 1 Mid EasyOn GS 大童 女鞋 橘 紅 龍年 新年 CNY 魔鬼氈,1788,4.5,0,PChome 24h購物,0.9,2080,14%,71.1,PChome API 最低折扣價,PChome 即時資料（已保存）,https://24h.pchome.com.tw/prod/DXAX7T-A900JNBMY
2026-05-21,PChome,童鞋,休閒鞋 Air Force 1 LV8 GS 大童 女鞋 黑 白 金 AF1 小勾 HF0095-001,1880,4.5,0,PChome 24h購物,0.9,1880,0%,71.0,PChome API 價格,PChome 即時資料（已保存）,https://24h.pchome.com.tw/prod/DXAX7T-A900J8E2A
2026-05-21,PChome,女鞋,W  Air Force 1 Pixel 粉色麂皮 女鞋 休閒鞋 DQ5570-600,1898,4.5,0,PChome 24h購物,0.9,2233,15%,70.9,PChome API 最低折扣價,PChome 即時資料（已保存）,https://24h.pchome.com.tw/prod/DXAX2J-A900HGAU6
2026-05-21,PChome,童鞋,AIR FORCE 1 LV8 3 (GS) 中大童 休閒鞋 HQ1911001,1900,4.5,0,PChome 24h購物,0.9,2346,19%,70.9,PChome API 最低折扣價,PChome 即時資料（已保存）,https://24h.pchome.com.tw/prod/DXAX7T-A900J5MEP
2026-05-21,PChome,童鞋,AIR FORCE 1 BG 中大童 休閒鞋 紅粉白 愛心 皮革 緩震 AF1-HV5165121,1900,4.5,0,PChome 24h購物,0.9,2346,19%,70.9,PChome API 最低折扣價,PChome 即時資料（已保存）,https://24h.pchome.com.tw/prod/DXAX7T-A900IIFS6
2026-05-21,PChome,男鞋,休閒鞋 Air Force 1 Low Canvas 男鞋 綠 帆布 AF1 HV1204-300,1960,4.5,0,PChome 24h購物,0.9,2280,14%,70.8,PChome API 最低折扣價,PChome 即時資料（已保存）,https://24h.pchome.com.tw/prod/DXAX69-A900J0KWT
2026-05-21,PChome,男鞋,休閒鞋 Air Force 1 07 LV8 Time Warp AF1 男鞋 藍 灰 白  FJ5471-121,1980,4.5,0,PChome 24h購物,0.9,1980,0%,70.8,PChome API 價格,PChome 即時資料（已保存）,https://24h.pchome.com.tw/prod/DXAX69-A900J9U5S
2026-05-21,PChome,女鞋,休閒鞋 Wmns Air Force 1 07 Next Nature 女鞋 米白 紅 AF1 DC9486-109,1980,4.5,0,PChome 24h購物,0.9,1980,0%,70.8,PChome API 價格,PChome 即時資料（已保存）,https://24h.pchome.com.tw/prod/DXAX69-A900JNSFY
2026-05-21,PChome,女鞋,W AIR FORCE 1 DANCE 女鞋 休閒鞋 淺銅 棕色 AF1 復古-HV2057209,1987,4.5,0,PChome 24h購物,0.9,2454,19%,70.8,PChome API 最低折扣價,PChome 即時資料（已保存）,https://24h.pchome.com.tw/prod/DXAX69-A900I7KP8
2026-05-21,PChome,男鞋,休閒鞋 Air Force 1 07 LV8 男鞋 酒紅 綠 黃 AF1 低筒 復古 HQ3612-113,2046,4.5,0,PChome 24h購物,0.9,2380,14%,70.7,PChome API 最低折扣價,PChome 即時資料（已保存）,https://24h.pchome.com.tw/prod/DXAX69-A900IBNB4
2026-05-21,PChome,女鞋,休閒鞋 Wmns Air Force 1 07 Next Nature 女鞋 白 棕 AF1 DC9486-103,2046,4.5,0,PChome 24h購物,0.9,2380,14%,70.7,PChome API 最低折扣價,PChome 即時資料（已保存）,https://24h.pchome.com.tw/prod/DXAX69-A900IYPVB
2026-05-21,PChome,女鞋,W AIR FORCE 1 07 PRM 女鞋 休閒鞋 灰白色-FV6519001,2074,4.5,0,PChome 24h購物,0.9,2561,19%,70.6,PChome API 最低折扣價,PChome 即時資料（已保存）,https://24h.pchome.com.tw/prod/DXBY2L-A900HT6ES
2026-05-21,PChome,女鞋,休閒鞋 Wmns Air Force 1 Wild 女鞋 紅棕 帆布 麂皮 AF1 FB2348-202,2132,4.5,0,PChome 24h購物,0.9,2480,14%,70.5,PChome API 最低折扣價,PChome 即時資料（已保存）,https://24h.pchome.com.tw/prod/DXAX69-A900J3304
2026-05-21,PChome,童鞋,休閒鞋 Air Force 1 LE GS 大童鞋 女鞋 白 全白 皮革 AF1 經典 DH2920-111,2132,4.5,0,PChome 24h購物,0.9,2480,14%,70.5,PChome API 最低折扣價,PChome 即時資料（已保存）,https://24h.pchome.com.tw/prod/DXAX7T-A900J47LI
2026-05-21,PChome,男鞋,休閒鞋 Air Force 1 07 男鞋 卡其 棕 紅 AF1 復古 情侶鞋 HQ3447-222,2132,4.5,0,PChome 24h購物,0.9,2480,14%,70.5,PChome API 最低折扣價,PChome 即時資料（已保存）,https://24h.pchome.com.tw/prod/DXAX69-A900JLH6S
2026-05-21,PChome,男鞋,Nike Air Force 1 Low 1 07 WB Light Bone Gum 焦糖奶茶 男鞋 FD3365-001,2134,4.5,0,PChome 24h購物,0.9,2511,15%,70.5,PChome API 最低折扣價,PChome 即時資料（已保存）,https://24h.pchome.com.tw/prod/DXAXFH-A900J97K0
2026-05-21,PChome,未標示,Nike Air Force 1'07 女 灰 AF1 運動 休閒 透氣 皮革 休閒鞋 HF2014-200,2135,4.5,0,PChome 24h購物,0.9,2399,11%,70.5,PChome API 最低折扣價,PChome 即時資料（已保存）,https://24h.pchome.com.tw/prod/DXAX2B-A900J35EI
2026-05-21,PChome,未標示,AIR FORCE 1 07 男女 休閒鞋,2499,4.5,0,PChome 24h購物,0.9,2499,0%,69.9,PChome API 價格,PChome 即時資料（已保存）,https://24h.pchome.com.tw/prod/DXBY2L-A900HLS6P
2026-05-21,PChome,童鞋,休閒鞋 Air Force 1 LV8 GS 大童 女鞋 綠 CNY 新年 蛇年 AF1 中國結 HV6000-131,2580,4.5,0,PChome 24h購物,0.9,2580,0%,69.8,搜尋頁價格,PChome 即時資料（已保存）,https://24h.pchome.com.tw/prod/DXAX7T-A900JY53N
2026-05-21,PChome,女鞋,休閒鞋 Wmns Air Force 1 07 女鞋 米白 酒紅 豹紋 AF1 IM7510-262,2580,4.5,0,PChome 24h購物,0.9,2580,0%,69.8,搜尋頁價格,PChome 即時資料（已保存）,https://24h.pchome.com.tw/prod/DXAX69-A900JBR0L
2026-05-21,PChome,未標示,Nike Air Force 1'07 LV8 男 棕 麂皮 休閒 AF1 經典 運動 休閒鞋 HJ4465-200,2660,4.5,0,PChome 24h購物,0.9,2660,0%,69.7,搜尋頁價格,PChome 即時資料（已保存）,https://24h.pchome.com.tw/prod/DXAX69-A900J3N31
2026-05-21,PChome,男鞋,AIR FORCE 1 LOW CANVAS 男鞋 休閒鞋 綠色-HV1204300,2668,4.5,0,PChome 24h購物,0.9,2668,0%,69.7,搜尋頁價格,PChome 即時資料（已保存）,https://24h.pchome.com.tw/prod/DXAX69-A900J0I6D
2026-05-21,PChome,女鞋,休閒鞋 Wmns Air Force 1 07 LX 女鞋 CNY 新年 蛇年 AF1 奶茶色 HV5990-172,2680,4.5,0,PChome 24h購物,0.9,2680,0%,69.7,搜尋頁價格,PChome 即時資料（已保存）,https://24h.pchome.com.tw/prod/DXAX69-A900JUGGE
2026-05-21,PChome,女鞋,休閒鞋 Air Force 1 Wild 女鞋 白 米白 麂皮 AF1 經典  FB2348-002,2680,4.5,0,PChome 24h購物,0.9,2680,0%,69.7,搜尋頁價格,PChome 即時資料（已保存）,https://24h.pchome.com.tw/prod/DXAX69-A900JIDQA
2026-05-21,PChome,女鞋,休閒鞋 Wmns Air Force 1 07 LX 女鞋 粉紅 咖啡 AF1 草莓巧克力,2780,4.5,0,PChome 24h購物,0.9,2780,0%,69.5,搜尋頁價格,PChome 即時資料（已保存）,https://24h.pchome.com.tw/prod/DXAX69-A900JPZ8V
2026-05-21,PChome,女鞋,Nike 休閒鞋 Air Force 1 07 女鞋 經典款 AF1 皮革 小白鞋 白 全白 DD8959-100,2788,4.5,0,PChome 24h購物,0.9,2788,0%,69.5,搜尋頁價格,PChome 即時資料（已保存）,https://24h.pchome.com.tw/prod/DXAX69-A900FR3S5
2026-05-21,PChome,未標示,Nike W Air Force 1 07 Next Nature DC9486-111 女 運動休閒鞋 白 粉紅,2844,4.5,0,PChome 24h購物,0.9,2844,0%,69.4,搜尋頁價格,PChome 即時資料（已保存）,https://24h.pchome.com.tw/prod/DXAX69-A900ICGY4
2026-05-21,PChome,未標示,Nike W Air Force 1 '07 IB3881-001 女 運動休閒鞋 經典 AF1 穿搭 灰綠,2844,4.5,0,PChome 24h購物,0.9,2844,0%,69.4,搜尋頁價格,PChome 即時資料（已保存）,https://24h.pchome.com.tw/prod/DXAX69-A900IT3HL
2026-05-21,PChome,男鞋,Nike Air Force 1 07 CW2288-111 男鞋 運動 休閒 經典 舒適 避震 穿搭 簡約 白,2844,4.5,0,PChome 24h購物,0.9,2844,0%,69.4,搜尋頁價格,PChome 即時資料（已保存）,https://24h.pchome.com.tw/prod/DXAX69-A900I3UF8
2026-05-21,PChome,女鞋,Nike Wmns Air Force 1 07 DD8959-100 女 休閒鞋 經典 AF1 皮革 穿搭 全白,2844,4.5,0,PChome 24h購物,0.9,2844,0%,69.4,搜尋頁價格,PChome 即時資料（已保存）,https://24h.pchome.com.tw/prod/DXAX69-A900I3UFB
2026-05-21,PChome,女鞋,WMNS AIR FORCE 1 07 LX 女 休閒鞋 IH7352001,2850,4.5,0,PChome 24h購物,0.9,2850,0%,69.4,搜尋頁價格,PChome 即時資料（已保存）,https://24h.pchome.com.tw/prod/DXAX69-A900J55SR
2026-05-21,PChome,男鞋,AIR FORCE 1 LOW EVO 男鞋 休閒鞋 綠色-HF3630300,2882,4.5,0,PChome 24h購物,0.9,2882,0%,69.3,搜尋頁價格,PChome 即時資料（已保存）,https://24h.pchome.com.tw/prod/DXBY2L-A900HWJL3
2026-05-21,PChome,未標示,W AIR FORCE 1 07 女 休閒鞋 金屬棕-HF2014200,2882,4.5,0,PChome 24h購物,0.9,2882,0%,69.3,搜尋頁價格,PChome 即時資料（已保存）,https://24h.pchome.com.tw/prod/DXAX69-A900ICTS3
2026-05-21,PChome,未標示,W AIR FORCE 1 DANCE 女 休閒鞋 FJ7409601,2882,4.5,0,PChome 24h購物,0.9,2882,0%,69.3,搜尋頁價格,PChome 即時資料（已保存）,https://24h.pchome.com.tw/prod/DXAX69-A900J5MUS
2026-05-21,PChome,男鞋,AIR FORCE 1 07 LV8 男鞋 休閒鞋 綠色-IB6388300,2882,4.5,0,PChome 24h購物,0.9,2882,0%,69.3,搜尋頁價格,PChome 即時資料（已保存）,https://24h.pchome.com.tw/prod/DXAX69-A900IUXDU
2026-05-21,PChome,未標示,AIR FORCE 1 07 LV8 男 休閒鞋 黃色-HJ4465700,2882,4.5,0,PChome 24h購物,0.9,2882,0%,69.3,搜尋頁價格,PChome 即時資料（已保存）,https://24h.pchome.com.tw/prod/DXAX69-A900IHP1R
2026-05-21,PChome,男鞋,Air Force 1 Low Gore-Tex 咖橘 防潑水 經典 休閒鞋 男鞋 CK2630-201,2898,4.5,0,PChome 24h購物,0.9,2898,0%,69.3,搜尋頁價格,PChome 即時資料（已保存）,https://24h.pchome.com.tw/prod/DXAX6U-A900JHUQX
2026-05-21,PChome,女鞋,W Nike Air Force 1 珍珠橘紅 解構 厚底 休閒鞋 女鞋 CU8591-600,2923,4.5,0,PChome 24h購物,0.9,2923,0%,69.3,搜尋頁價格,PChome 即時資料（已保存）,https://24h.pchome.com.tw/prod/DXAX69-A900IV18B
2026-05-21,PChome,童鞋,Air Force 1 Low GS 大童 白綠 AF1 長舌 經典 潮流 低筒 休閒鞋 FB7402-100,2945,4.5,0,PChome 24h購物,0.9,2945,0%,69.2,搜尋頁價格,PChome 即時資料（已保存）,https://24h.pchome.com.tw/prod/DXAX69-A900H0X17
2026-05-21,PChome,女鞋,休閒鞋 Wmns Air Force 1 07 女鞋 白 乾燥玫瑰粉 AF1 銀勾 IB6543-100,2980,4.5,0,PChome 24h購物,0.9,2980,0%,69.2,搜尋頁價格,PChome 即時資料（已保存）,https://24h.pchome.com.tw/prod/DXAX69-A900J1HXV
2026-05-21,PChome,女鞋,休閒鞋 Wmns Air Force 1 07 LX 女鞋 米色 小勾 CNY IQ9802-022,2980,4.5,0,PChome 24h購物,0.9,2980,0%,69.2,搜尋頁價格,PChome 即時資料（已保存）,https://24h.pchome.com.tw/prod/DXAX69-A900JTZCA
2026-05-21,PChome,男鞋,休閒鞋 Air Force 1 07 男鞋 深棕 AF1 IH1698-200,2980,4.5,0,PChome 24h購物,0.9,2980,0%,69.2,搜尋頁價格,PChome 即時資料（已保存）,https://24h.pchome.com.tw/prod/DXAX69-A900JODND
2026-05-21,PChome,男鞋,休閒鞋 Air Force 1 07 LV8 男鞋 綠 灰綠 AF1 HM9483-300,2980,4.5,0,PChome 24h購物,0.9,2980,0%,69.2,搜尋頁價格,PChome 即時資料（已保存）,https://24h.pchome.com.tw/prod/DXAX69-A900JZYHI
2026-05-21,PChome,男鞋,休閒鞋 Air Force 1 07 男鞋 經典款 AF1 皮革 小白鞋 全白 CW2288-111,2988,4.5,0,PChome 24h購物,0.9,2988,0%,69.2,搜尋頁價格,PChome 即時資料（已保存）,https://24h.pchome.com.tw/prod/DXAX2B-A900FPM32
2026-05-21,PChome,男鞋,休閒鞋 Air Force 1 07 男鞋 白 灰 灰勾 百搭 小白鞋 AF1 FJ4146-100,2988,4.5,0,PChome 24h購物,0.9,2988,0%,69.2,搜尋頁價格,PChome 即時資料（已保存）,https://24h.pchome.com.tw/prod/DXAX69-A900IJNMP
2026-05-21,PChome,未標示,Nike W Air Force 1 Dance FJ7409-100 女 運動休閒鞋 緩震 AF1 穿搭 全白,3002,4.5,0,PChome 24h購物,0.9,3002,0%,69.1,搜尋頁價格,PChome 即時資料（已保存）,https://24h.pchome.com.tw/prod/DXAX69-A900INBUQ
2026-05-21,PChome,未標示,Nike 耐吉 Air Force 1 07 LV8 IB6388-101 男 運動休閒鞋 經典 AF1 米灰 紅,3002,4.5,0,PChome 24h購物,0.9,3002,0%,69.1,搜尋頁價格,PChome 即時資料（已保存）,https://24h.pchome.com.tw/prod/DXAX69-A900JIYNT
2026-05-21,PChome,未標示,NIKE 休閒鞋 AIR FORCE 1 07 AF1 白綠 金勾 經典款 女 CZ0270-106,3060,4.5,0,PChome 24h購物,0.9,3060,0%,69.0,搜尋頁價格,PChome 即時資料（已保存）,https://24h.pchome.com.tw/prod/DXAX69-A900JY4P3
2026-05-21,PChome,男鞋,Air Force 1 全白 經典款 休閒鞋 男鞋 CW2288-111,3070,4.5,0,PChome 24h購物,0.9,3070,0%,69.0,搜尋頁價格,PChome 即時資料（已保存）,https://24h.pchome.com.tw/prod/DXAX2I-A900FRR2G
2026-05-21,PChome,男鞋,休閒鞋 Air Force 1 07 Tech Ess 男鞋 黑 白 AF1 IR5599-001,3080,4.5,0,PChome 24h購物,0.9,3080,0%,69.0,搜尋頁價格,PChome 即時資料（已保存）,https://24h.pchome.com.tw/prod/DXAX69-A900JYGJN
2026-05-21,PChome,女鞋,休閒鞋 Wmns Air Force 1 07 LX 女鞋 黑 金屬小勾 銀勾 AF1 HQ1180-001,3080,4.5,0,PChome 24h購物,0.9,3080,0%,69.0,搜尋頁價格,PChome 即時資料（已保存）,https://24h.pchome.com.tw/prod/DXAX69-A900J5PJB
2026-05-21,PChome,童鞋,Nike Air Force 1 Lv8 1 GS [FV7725-100] 大童 休閒鞋 運動 經典 緩震 骨白 藍,3100,4.5,0,PChome 24h購物,0.9,3100,0%,69.0,搜尋頁價格,PChome 即時資料（已保存）,https://24h.pchome.com.tw/prod/DXAX7T-A900J0163
2026-05-21,PChome,女鞋,W Nike Air Force 1 Low 07 PRM Wolf Grey 灰色 AF1 百搭 休閒鞋 女鞋 DR9503-001,3138,4.5,0,PChome 24h購物,0.9,3138,0%,68.9,搜尋頁價格,PChome 即時資料（已保存）,https://24h.pchome.com.tw/prod/DXAX69-A900IV6YK
2026-05-21,PChome,未標示,W AIR FORCE 1 07 PRM+ 女 休閒鞋 IO1259002,3155,4.5,0,PChome 24h購物,0.9,3155,0%,68.9,搜尋頁價格,PChome 即時資料（已保存）,https://24h.pchome.com.tw/prod/DXAX69-A900JMTWL
2026-05-21,PChome,女鞋,WMNS AIR FORCE 1 07 LX 女 休閒鞋 IQ9802022,3167,4.5,0,PChome 24h購物,0.9,3167,0%,68.9,搜尋頁價格,PChome 即時資料（已保存）,https://24h.pchome.com.tw/prod/DXAX69-A900JNQO8
2026-05-21,PChome,未標示,W Air Force 1 Low '07 Light Bone 白灰色 休閒鞋 HV1813-001,3213,4.5,0,PChome 24h購物,0.9,3213,0%,68.8,搜尋頁價格,PChome 即時資料（已保存）,https://24h.pchome.com.tw/prod/DXAX69-A900J5BJ3
2026-05-21,PChome,男鞋,Air Force 1 Low World Tour Shanghai 紅棕 厚底 低筒 休閒鞋 男鞋 FZ3081-200,3223,4.5,0,PChome 24h購物,0.9,3223,0%,68.8,搜尋頁價格,PChome 即時資料（已保存）,https://24h.pchome.com.tw/prod/DXAX69-A900I5T4C
2026-05-21,PChome,男鞋,Air Force 1 Low '07 黑灰 冰底 仿舊 休閒鞋 運動鞋 男鞋 IQ0614-060,3236,4.5,0,PChome 24h購物,0.9,3236,0%,68.8,搜尋頁價格,PChome 即時資料（已保存）,https://24h.pchome.com.tw/prod/DXAXFC-A900JRMWJ
2026-05-21,PChome,未標示,NIKE 休閒鞋 AF1 AIR FORCE 1 07 全白 基本款 經典款 男 CW2288-111,3240,4.5,0,PChome 24h購物,0.9,3240,0%,68.7,搜尋頁價格,PChome 即時資料（已保存）,https://24h.pchome.com.tw/prod/DXAX69-A900J9W2X
2026-05-21,PChome,男鞋,AIR FORCE 1 07 男鞋 運動 經典休閒鞋-白(CW2288111),3240,4.5,0,PChome 24h購物,0.9,3240,0%,68.7,搜尋頁價格,PChome 即時資料（已保存）,https://24h.pchome.com.tw/prod/DXBY2K-A900HR3MI
2026-05-21,PChome,女鞋,AIR FORCE 1 07 女鞋 運動 經典休閒鞋-白(DD8959100),3240,4.5,0,PChome 24h購物,0.9,3240,0%,68.7,搜尋頁價格,PChome 即時資料（已保存）,https://24h.pchome.com.tw/prod/DXBY2K-A900HR3W2
2026-05-21,PChome,未標示,NIKE 休閒鞋 AIR FORCE 1 07 AF1 全白 小白鞋 經典款 女 DD8959-100,3240,4.5,0,PChome 24h購物,0.9,3240,0%,68.7,搜尋頁價格,PChome 即時資料（已保存）,https://24h.pchome.com.tw/prod/DXAX69-A900J9W4J
2026-05-21,PChome,女鞋,休閒鞋 Wmns AF1 Shadow 女鞋 白 米金色 拼接 Air Force DZ1847-111,3280,4.5,0,PChome 24h購物,0.9,3280,0%,68.7,搜尋頁價格,PChome 即時資料（已保存）,https://24h.pchome.com.tw/prod/DXAX69-A900J1CTM
2026-05-21,PChome,男鞋,休閒鞋 Air Force 1 07 男鞋 白 卡其 AF1 FJ4146-120,3280,4.5,0,PChome 24h購物,0.9,3280,0%,68.7,搜尋頁價格,PChome 即時資料（已保存）,https://24h.pchome.com.tw/prod/DXAX69-A900JXVY0
2026-05-21,PChome,男鞋,休閒鞋 Air Force 1 07 男鞋 黑 全黑 AF1 基本款 CW2288-001,3288,4.5,0,PChome 24h購物,0.9,3288,0%,68.7,搜尋頁價格,PChome 即時資料（已保存）,https://24h.pchome.com.tw/prod/DXAX2B-A900HO191
2026-05-21,PChome,女鞋,休閒鞋 Wmns Air Force 1 07 LX 米白 金屬勾勾 女鞋 炫雅 AF1 FV3654-111,3380,4.5,0,PChome 24h購物,0.9,3380,0%,68.5,搜尋頁價格,PChome 即時資料（已保存）,https://24h.pchome.com.tw/prod/DXAX69-A900GP81N
2026-05-21,PChome,男鞋,休閒鞋 Air Force 1 Retro 男鞋 白 蒼蠅 AF1 低筒 IM3081-100,3380,4.5,0,PChome 24h購物,0.9,3380,0%,68.5,搜尋頁價格,PChome 即時資料（已保存）,https://24h.pchome.com.tw/prod/DXAX69-A900JK6JZ
2026-05-21,PChome,男鞋,Air Force 1 Low 情人節限定 大學紅 紡織鞋面 緩震 舒適 休閒鞋 男鞋 IB6836-600,3429,4.5,0,PChome 24h購物,0.9,3429,0%,68.4,搜尋頁價格,PChome 即時資料（已保存）,https://24h.pchome.com.tw/prod/DXAXFC-A900JRCPS
2026-05-21,PChome,男鞋,Stash x Nike Air Force 1 Low SP 黑藍 聯名 低筒 休閒鞋 男鞋 HF5516-001,3452,4.5,0,PChome 24h購物,0.9,3452,0%,68.4,搜尋頁價格,PChome 即時資料（已保存）,https://24h.pchome.com.tw/prod/DXAX69-A900I6KBX
2026-05-21,PChome,女鞋,Air Force 1 Fontanka 女鞋 白色 經典 運動鞋 休閒鞋 DO2332-111,3499,4.5,0,PChome 24h購物,0.9,3499,0%,68.3,搜尋頁價格,PChome 即時資料（已保存）,https://24h.pchome.com.tw/prod/DXAX69-A900F1YYT
2026-05-21,PChome,男鞋,Nike Air Force 1 Low Escape 深棕 男鞋 低筒 粒面皮革 HJ4323-100,3538,4.5,0,PChome 24h購物,0.9,3538,0%,68.3,搜尋頁價格,PChome 即時資料（已保存）,https://24h.pchome.com.tw/prod/DXAX69-A900IQEPM
2026-05-21,PChome,男鞋,休閒鞋 Air Force 1 07 WB 男鞋 AF1 經典 麥色 膠底 棕 麂皮 Flax CJ9179-200,3588,4.5,0,PChome 24h購物,0.9,3588,0%,68.2,搜尋頁價格,PChome 即時資料（已保存）,https://24h.pchome.com.tw/prod/DXAX69-A900J59F1
2026-05-21,momo購物網,未標示,【NIKE 耐吉】W AIR FORCE 1 07 VINTAGE 男女運動休閒鞋(HV4403-601),2099,5.0,1,momo購物網,0.88,2099,0%,85.0,momo 搜尋頁售價,momo 即時搜尋資料（已保存）,https://www.momoshop.com.tw/goods/GoodsDetail.jsp?i_code=14651333&Area=search&mdiv=403&oid=1_24&cid=index&kw=Air%2BForce%2B1
2026-05-21,momo購物網,男女通用,【NIKE 耐吉】運動鞋 休閒鞋 情侶鞋 AIR FORCE 1 07 / DUNK 男鞋 女鞋 AF1 麂皮 黑白綠 多款(FZ0627-010&),2199,4.9,261,momo購物網,0.88,2199,0%,88.0,momo 搜尋頁售價,momo 即時搜尋資料（已保存）,https://www.momoshop.com.tw/goods/GoodsDetail.jsp?i_code=13840658&Area=search&mdiv=403&oid=1_2&cid=index&kw=Air%2BForce%2B1
2026-05-21,momo購物網,女鞋,【NIKE 耐吉】運動鞋 休閒鞋 WMNS AIR FORCE 1 07 LX 女鞋 粉白紫 小勾 低筒 多款(HQ1180-001&),2199,4.9,73,momo購物網,0.88,2199,0%,86.5,momo 搜尋頁售價,momo 即時搜尋資料（已保存）,https://www.momoshop.com.tw/goods/GoodsDetail.jsp?i_code=13840290&Area=search&mdiv=403&oid=1_4&cid=index&kw=Air%2BForce%2B1
2026-05-21,momo購物網,男女通用,【NIKE 耐吉】運動鞋 休閒鞋 男鞋 女鞋 AIR FORCE 1 07 全黑 白勾 AF1 低筒 皮革 情侶鞋(FZ0627010),2295,5.0,26,momo購物網,0.88,2295,0%,87.9,momo 搜尋頁售價,momo 即時搜尋資料（已保存）,https://www.momoshop.com.tw/goods/GoodsDetail.jsp?i_code=13157069&Area=search&mdiv=403&oid=1_6&cid=index&kw=Air%2BForce%2B1
2026-05-21,momo購物網,男女通用,【NIKE 耐吉】運動鞋 男鞋 女鞋 休閒鞋 AIR FORCE 1 07 白 CW2288-111(3N1336),2394,5.0,16,momo購物網,0.88,2394,0%,87.2,momo 搜尋頁售價,momo 即時搜尋資料（已保存）,https://www.momoshop.com.tw/goods/GoodsDetail.jsp?i_code=13445258&Area=search&mdiv=403&oid=1_10&cid=index&kw=Air%2BForce%2B1
2026-05-21,momo購物網,未標示,【NIKE 耐吉】NIKE AIR FORCE 1 全白 鐵牌 休閒鞋 FV5951-111 CW2288-111 DD8959-100,2399,4.9,34,momo購物網,0.88,2399,0%,85.3,momo 搜尋頁售價,momo 即時搜尋資料（已保存）, https://www.momoshop.com.tw/TP/TP0003634/goodsDetail/TP00036340000108
2026-05-21,momo購物網,男女通用,【NIKE 耐吉】AIR FORCE 1 07 運動鞋 休閒鞋 男鞋 女鞋 白FORCE(CW2288-111&DD8959-100),2499,4.9,1613,momo購物網,0.88,2499,0%,89.8,momo 搜尋頁售價,momo 即時搜尋資料（已保存）,https://www.momoshop.com.tw/goods/GoodsDetail.jsp?i_code=8462055&Area=search&mdiv=403&oid=1_1&cid=index&kw=Air%2BForce%2B1
2026-05-21,momo購物網,男鞋,【NIKE 耐吉】休閒鞋 運動鞋 AIR FORCE 1 07 男鞋 黑(CW2288001),2499,4.9,174,momo購物網,0.88,2499,0%,87.1,momo 搜尋頁售價,momo 即時搜尋資料（已保存）,https://www.momoshop.com.tw/goods/GoodsDetail.jsp?i_code=12309553&Area=search&mdiv=403&oid=1_5&cid=index&kw=Air%2BForce%2B1
2026-05-21,momo購物網,女鞋,【NIKE 耐吉】運動鞋 休閒鞋 女鞋 WMNS AIR FORCE 1 07 全黑 白 AF1(DD8959-001&),2499,4.9,76,momo購物網,0.88,2499,0%,86.1,momo 搜尋頁售價,momo 即時搜尋資料（已保存）,https://www.momoshop.com.tw/goods/GoodsDetail.jsp?i_code=13372935&Area=search&mdiv=403&oid=1_7&cid=index&kw=Air%2BForce%2B1
2026-05-21,momo購物網,男女通用,【NIKE 耐吉】運動鞋 休閒鞋 情侶鞋 AIR FORCE 1 RETRO 男鞋 女鞋 AF1 麂皮 黑白綠 多款(IQ1122-320&),2499,5.0,9,momo購物網,0.88,2499,0%,86.4,momo 搜尋頁售價,momo 即時搜尋資料（已保存）,https://www.momoshop.com.tw/goods/GoodsDetail.jsp?i_code=15155032&Area=search&mdiv=403&oid=1_8&cid=index&kw=Air%2BForce%2B1
2026-05-21,momo購物網,未標示,【NIKE 耐吉】Nike Air Force 1 全白 經典款 休閒鞋 CW2288-111,2546,4.9,301,momo購物網,0.88,2546,0%,87.6,momo 搜尋頁售價,momo 即時搜尋資料（已保存）,https://www.momoshop.com.tw/goods/GoodsDetail.jsp?i_code=10165537&Area=search&mdiv=403&oid=1_9&cid=index&kw=Air%2BForce%2B1
2026-05-21,momo購物網,男鞋,【NIKE 耐吉】休閒鞋 Air Force 1 SP 男鞋 黑 全黑 AF1 沖孔皮革(HF8189-001),2546,5.0,4,momo購物網,0.88,2546,0%,85.4,momo 搜尋頁售價,momo 即時搜尋資料（已保存）,https://www.momoshop.com.tw/goods/GoodsDetail.jsp?i_code=13331578&Area=search&mdiv=403&oid=1_18&cid=index&kw=Air%2BForce%2B1
2026-05-21,momo購物網,男女通用,【NIKE 耐吉】休閒鞋 Air Force 1 07 男鞋 女鞋 穿搭 百搭 經典 低筒 空軍一號 灰色 白色(FJ4146-100),2565,5.0,49,momo購物網,0.88,2565,0%,88.2,momo 搜尋頁售價,momo 即時搜尋資料（已保存）,https://www.momoshop.com.tw/goods/GoodsDetail.jsp?i_code=14557231&Area=search&mdiv=403&oid=1_3&cid=index&kw=Air%2BForce%2B1
2026-05-21,momo購物網,男鞋,【NIKE 耐吉】Nike Air Force 1 經典款 休閒鞋 全白 百搭 男鞋(CW2288-111),2565,4.9,95,momo購物網,0.88,2565,0%,86.2,momo 搜尋頁售價,momo 即時搜尋資料（已保存）,https://www.momoshop.com.tw/goods/GoodsDetail.jsp?i_code=11445883&Area=search&mdiv=403&oid=1_14&cid=index&kw=Air%2BForce%2B1
2026-05-21,momo購物網,男鞋,【NIKE 耐吉】AIR FORCE 1 07 運動鞋 休閒鞋 男鞋 百搭 海軍藍(FJ4146-119),2592,4.9,10,momo購物網,0.88,2592,0%,83.5,momo 搜尋頁售價,momo 即時搜尋資料（已保存）,https://www.momoshop.com.tw/goods/GoodsDetail.jsp?i_code=14640314&Area=search&mdiv=403&oid=1_16&cid=index&kw=Air%2BForce%2B1
2026-05-21,momo購物網,男女通用,【NIKE 耐吉】NIKE Air Force 1 07 全黑 CW2288-001 DD8959-001 鐵牌 皮革 休閒鞋 男鞋 女鞋,2680,4.9,21,momo購物網,0.88,2680,0%,84.2,momo 搜尋頁售價,momo 即時搜尋資料（已保存）, https://www.momoshop.com.tw/TP/TP0003634/goodsDetail/TP00036340000106
2026-05-21,momo購物網,男女通用,【NIKE 耐吉】休閒鞋 Air Force 1 07 男鞋 女鞋 白 藍 經典 AF1 FJ4146-123,2682,5.0,4,momo購物網,0.88,2682,0%,85.2,momo 搜尋頁售價,momo 即時搜尋資料（已保存）,https://www.momoshop.com.tw/goods/GoodsDetail.jsp?i_code=14985026&Area=search&mdiv=403&oid=1_26&cid=index&kw=Air%2BForce%2B1
2026-05-21,momo購物網,男鞋,【NIKE 耐吉】Nike Air Force 1 Court Blue 白藍勾 男鞋 板鞋 休閒鞋 FJ4146-123,2736,5.0,13,momo購物網,0.88,2736,0%,86.4,momo 搜尋頁售價,momo 即時搜尋資料（已保存）,https://www.momoshop.com.tw/goods/GoodsDetail.jsp?i_code=15035322&Area=search&mdiv=403&oid=1_13&cid=index&kw=Air%2BForce%2B1
2026-05-21,momo購物網,男鞋,【NIKE 耐吉】運動鞋 休閒鞋 男鞋 AIR FORCE 1 07 LV8 板鞋 AF1 舒適 復古 耐穿 白 (IR0952100),2796,4.5,0,momo購物網,0.88,2796,0%,69.1,momo 搜尋頁售價,momo 即時搜尋資料（已保存）,https://www.momoshop.com.tw/goods/GoodsDetail.jsp?i_code=15231052&Area=search&mdiv=403&oid=1_19&cid=index&kw=Air%2BForce%2B1
2026-05-21,momo購物網,女鞋,【NIKE 耐吉】運動鞋 休閒鞋 女鞋 WMNS AIR FORCE 1 07 LX 白 液態 溶解 金屬 黑勾 透氣 皮革(IF1686101),2888,5.0,21,momo購物網,0.88,2888,0%,86.7,momo 搜尋頁售價,momo 即時搜尋資料（已保存）,https://www.momoshop.com.tw/goods/GoodsDetail.jsp?i_code=13681865&Area=search&mdiv=403&oid=1_15&cid=index&kw=Air%2BForce%2B1
2026-05-21,momo購物網,男鞋,【NIKE 耐吉】運動鞋 休閒鞋 男鞋 AIR FORCE 1 07 LV8 ESS+ AF1 編織 卡其白 (IR7011121),2888,5.0,6,momo購物網,0.88,2888,0%,85.3,momo 搜尋頁售價,momo 即時搜尋資料（已保存）,https://www.momoshop.com.tw/goods/GoodsDetail.jsp?i_code=15162768&Area=search&mdiv=403&oid=1_22&cid=index&kw=Air%2BForce%2B1
2026-05-21,momo購物網,男鞋,【NIKE 耐吉】AIR FORCE 1 07男鞋 休閒鞋 運動鞋 白(CT2302100),2907,5.0,9,momo購物網,0.88,2907,0%,85.7,momo 搜尋頁售價,momo 即時搜尋資料（已保存）,https://www.momoshop.com.tw/goods/GoodsDetail.jsp?i_code=12049459&Area=search&mdiv=403&oid=1_25&cid=index&kw=Air%2BForce%2B1
2026-05-21,momo購物網,男鞋,【NIKE 耐吉】AIR FORCE 1 07 男鞋 休閒鞋 運動鞋 黑(CW2288001),2916,4.9,21,momo購物網,0.88,2916,0%,83.8,momo 搜尋頁售價,momo 即時搜尋資料（已保存）,https://www.momoshop.com.tw/goods/GoodsDetail.jsp?i_code=14220702&Area=search&mdiv=403&oid=1_17&cid=index&kw=Air%2BForce%2B1
2026-05-21,momo購物網,男鞋,【NIKE 耐吉】休閒鞋 AIR FORCE 1 07 WB 男鞋 駝色(CJ9179200),3010,4.9,151,momo購物網,0.88,3010,0%,86.1,momo 搜尋頁售價,momo 即時搜尋資料（已保存）,https://www.momoshop.com.tw/goods/GoodsDetail.jsp?i_code=9484654&Area=search&mdiv=403&oid=1_20&cid=index&kw=Air%2BForce%2B1
2026-05-21,momo購物網,女鞋,【NIKE 耐吉】休閒鞋 運動鞋 WMNS AIR FORCE 1 07 LX 女鞋 白(CT1990100),3040,4.9,72,momo購物網,0.88,3040,0%,85.1,momo 搜尋頁售價,momo 即時搜尋資料（已保存）,https://www.momoshop.com.tw/goods/GoodsDetail.jsp?i_code=10863127&Area=search&mdiv=403&oid=1_23&cid=index&kw=Air%2BForce%2B1
2026-05-21,momo購物網,男鞋,【NIKE 耐吉】AIR FORCE 1 GTX VIBRAM 男鞋 休閒鞋 運動鞋 防潑水 皮革 白(HV5953100),3888,5.0,12,momo購物網,0.88,3888,0%,84.4,momo 搜尋頁售價,momo 即時搜尋資料（已保存）,https://www.momoshop.com.tw/goods/GoodsDetail.jsp?i_code=15046095&Area=search&mdiv=403&oid=1_11&cid=index&kw=Air%2BForce%2B1
2026-05-21,momo購物網,男鞋,【NIKE 耐吉】AIR FORCE 1 GTX VIBRAM 男鞋 休閒鞋 運動鞋 防潑水 皮革 黑(HV5953001),3888,5.0,5,momo購物網,0.88,3888,0%,83.5,momo 搜尋頁售價,momo 即時搜尋資料（已保存）,https://www.momoshop.com.tw/goods/GoodsDetail.jsp?i_code=15046050&Area=search&mdiv=403&oid=1_12&cid=index&kw=Air%2BForce%2B1
2026-05-21,PChome,未標示,新款輕量430系列運動鞋_多款任選(WE430RP3-D/WE430RW3-D),1410,4.5,0,PChome 24h購物,0.9,1410,0%,71.7,PChome API 價格,PChome 即時資料（已保存）,https://24h.pchome.com.tw/prod/DXBD47-A900IMDS0
2026-05-21,PChome,未標示,獨家款_復古運動鞋_多款任選(ML373SW2/SH2/DC2/GW2/GM500MO2),1499,4.5,0,PChome 24h購物,0.9,1499,0%,71.6,PChome API 價格,PChome 即時資料（已保存）,https://24h.pchome.com.tw/prod/DXBD48-A900HIX3U
2026-05-21,PChome,女鞋,373復古運動鞋_女性_多款任選(WL373XB2/WL373QB2/WL373QC2/WL373TM2/WL373XA2/WL373XH2),1499,4.5,0,PChome 24h購物,0.9,1499,0%,71.6,PChome API 價格,PChome 即時資料（已保存）,https://24h.pchome.com.tw/prod/DXBD03-A900I46AS
2026-05-21,PChome,未標示,[New Balance]復古鞋_中性_灰色_ML373SP2-D楦,1499,4.5,0,PChome 24h購物,0.9,1499,0%,71.6,PChome API 價格,PChome 即時資料（已保存）,https://24h.pchome.com.tw/prod/DXBD48-A900IDLLG
2026-05-21,PChome,女鞋,[New Balance]慢跑鞋_女性_白黑色_WE430RW3-D楦,1499,4.5,0,PChome 24h購物,0.9,1499,0%,71.6,PChome API 價格,PChome 即時資料（已保存）,https://24h.pchome.com.tw/prod/DXBD47-A900IAJH0
2026-05-21,PChome,女鞋,[New Balance]復古鞋_女性_灰粉色_WL373SO2-B楦,1499,4.5,0,PChome 24h購物,0.9,1499,0%,71.6,PChome API 價格,PChome 即時資料（已保存）,https://24h.pchome.com.tw/prod/DXBD48-A900IDLNZ
2026-05-21,PChome,女鞋,[New Balance]復古鞋_女性_杏灰色_WL373SR2-B楦,1499,4.5,0,PChome 24h購物,0.9,1499,0%,71.6,PChome API 價格,PChome 即時資料（已保存）,https://24h.pchome.com.tw/prod/DXBD48-A900IDLO1
2026-05-21,PChome,女鞋,[New Balance]復古鞋_女性_杏灰色_WL373SJ2-B楦,1499,4.5,0,PChome 24h購物,0.9,1499,0%,71.6,PChome API 價格,PChome 即時資料（已保存）,https://24h.pchome.com.tw/prod/DXBD48-A900I6NVI
2026-05-21,PChome,童鞋,[New Balance]童鞋_中性_紫色(4-8歲)_PANTRLV6-W楦,1513,4.5,0,PChome 24h購物,0.9,1513,0%,71.5,PChome API 價格,PChome 即時資料（已保存）,https://24h.pchome.com.tw/prod/DXBD2C-A900ILTL0
2026-05-21,PChome,女鞋,[New Balance]復古鞋_女性_灰色_WL373SH2-B楦,1860,4.5,0,PChome 24h購物,0.9,1860,0%,71.0,PChome API 價格,PChome 即時資料（已保存）,https://24h.pchome.com.tw/prod/DXBD48-A900I6NVW
2026-05-21,PChome,未標示,[New Balance]復古鞋_中性_灰色_ML373XC2-D楦,1860,4.5,0,PChome 24h購物,0.9,1860,0%,71.0,PChome API 價格,PChome 即時資料（已保存）,https://24h.pchome.com.tw/prod/DXBD48-A900IYUG0
2026-05-21,PChome,未標示,[New Balance]復古鞋_中性_淺灰杏_ML373GW2-D,1860,4.5,0,PChome 24h購物,0.9,1860,0%,71.0,PChome API 價格,PChome 即時資料（已保存）,https://24h.pchome.com.tw/prod/DXBD48-A900J4336
2026-05-21,PChome,童鞋,480系列復古鞋_任選賣場(BB480LFB/BB480LTA/BB480LTD),1899,4.5,0,PChome 24h購物,0.9,1899,0%,70.9,PChome API 價格,PChome 即時資料（已保存）,https://24h.pchome.com.tw/prod/DXBD48-A900IDANU
2026-05-21,PChome,未標示,480新款復古運動鞋_多款任選(W480GG5-4E/W480KB5-4E/W480TG5-4E/W480SM5-4E/W480RG5-4E),1999,4.5,0,PChome 24h購物,0.9,1999,0%,70.8,PChome API 價格,PChome 即時資料（已保存）,https://24h.pchome.com.tw/prod/DXBD47-A900IMDQB
2026-05-21,PChome,女鞋,[New Balance]跑鞋_女性_奶油白_W480SM5-4E,1999,4.5,0,PChome 24h購物,0.9,1999,0%,70.8,PChome API 價格,PChome 即時資料（已保存）,https://24h.pchome.com.tw/prod/DXBD48-A900J42F5
2026-05-21,PChome,未標示,健走鞋_卡其色_中性_UA900FM1-2E楦,2010,4.5,0,PChome 24h購物,0.9,2010,0%,70.7,PChome API 價格,PChome 即時資料（已保存）,https://24h.pchome.com.tw/prod/DXBD47-A900HFLGP
2026-05-21,PChome,未標示,健走鞋_深灰色_中性_UA900FG1-2E楦,2010,4.5,0,PChome 24h購物,0.9,2010,0%,70.7,PChome API 價格,PChome 即時資料（已保存）,https://24h.pchome.com.tw/prod/DXBD47-A900HFLE1
2026-05-21,PChome,未標示,[New Balance]慢跑鞋_中性_白杏色_UA900AR2-2E楦,2144,4.5,0,PChome 24h購物,0.9,2144,0%,70.5,PChome API 價格,PChome 即時資料（已保存）,https://24h.pchome.com.tw/prod/DXBD47-A900IAJG6
2026-05-21,PChome,未標示,[New Balance]慢跑鞋_中性_灰色_UA950AP1-2E楦,2144,4.5,0,PChome 24h購物,0.9,2144,0%,70.5,PChome API 價格,PChome 即時資料（已保存）,https://24h.pchome.com.tw/prod/DXBD47-A900ILTLZ
2026-05-21,PChome,未標示,健走鞋_灰色_中性_UA900CG2-2E楦,2144,4.5,0,PChome 24h購物,0.9,2144,0%,70.5,PChome API 價格,PChome 即時資料（已保存）,https://24h.pchome.com.tw/prod/DXBD47-A900HOQZQ
2026-05-21,PChome,未標示,[New Balance]慢跑鞋_中性_黑色_UA950CA1-2E楦,2144,4.5,0,PChome 24h購物,0.9,2144,0%,70.5,PChome API 價格,PChome 即時資料（已保存）,https://24h.pchome.com.tw/prod/DXBD47-A900ILTN9
2026-05-21,PChome,未標示,574系列復古鞋_中性_4款任選(U574SKB/U574SNV/U574SRR/U574SGG),2235,4.5,0,PChome 24h購物,0.9,2235,0%,70.4,PChome API 價格,PChome 即時資料（已保存）,https://24h.pchome.com.tw/prod/DXBD48-A900IXE0K
2026-05-21,PChome,未標示,[New Balance]復古鞋_中性_黑灰色_U327GPD-D楦,2235,4.5,0,PChome 24h購物,0.9,2235,0%,70.4,PChome API 價格,PChome 即時資料（已保存）,https://24h.pchome.com.tw/prod/DXBD48-A900ILFOV
2026-05-21,PChome,未標示,327系列復古鞋_多款任選(WS327KG/WS327KE/WS327KH/WS327KF),2235,4.5,0,PChome 24h購物,0.9,2235,0%,70.4,PChome API 價格,PChome 即時資料（已保存）,https://24h.pchome.com.tw/prod/DXBD1E-A900HS4Z8
2026-05-21,PChome,女鞋,復古鞋_寶寶藍_女性_WL574QA2-B楦,2235,4.5,0,PChome 24h購物,0.9,2235,0%,70.4,搜尋頁價格,PChome 即時資料（已保存）,https://24h.pchome.com.tw/prod/DXBD48-A900HCMJF
2026-05-21,PChome,未標示,[New Balance]復古鞋_中性_森林綠_U327SKC-D楦,2235,4.5,0,PChome 24h購物,0.9,2235,0%,70.4,搜尋頁價格,PChome 即時資料（已保存）,https://24h.pchome.com.tw/prod/DXBD48-A900IDLMI
2026-05-21,PChome,女鞋,[New Balance]慢跑鞋_女性_白色_W520LW9-D楦,2299,4.5,0,PChome 24h購物,0.9,2299,0%,70.3,搜尋頁價格,PChome 即時資料（已保存）,https://24h.pchome.com.tw/prod/DXBD47-A900IAJGG
2026-05-21,PChome,未標示,[New Balance]復古鞋_中性_灰色_ML565EG1-D楦,2299,4.5,0,PChome 24h購物,0.9,2299,0%,70.3,搜尋頁價格,PChome 即時資料（已保存）,https://24h.pchome.com.tw/prod/DXBD48-A900IHB4N
2026-05-21,PChome,未標示,[New Balance]復古鞋_中性_黑色_BB80BLK-D,2299,4.5,0,PChome 24h購物,0.9,2299,0%,70.3,搜尋頁價格,PChome 即時資料（已保存）,https://24h.pchome.com.tw/prod/DXBD48-A900J4NAZ
2026-05-21,PChome,未標示,[New Balance]復古鞋_中性_灰藍色_U574WGN-D,2299,4.5,0,PChome 24h購物,0.9,2299,0%,70.3,搜尋頁價格,PChome 即時資料（已保存）,https://24h.pchome.com.tw/prod/DXBD48-A900J42HW
2026-05-21,PChome,未標示,【New Balance】BB100復古運動鞋_多款任選(BB100VTC/BB100CVA/BB100CVB/BB100LBK/BB100LGY),2304,4.5,0,PChome 24h購物,0.9,2304,0%,70.3,搜尋頁價格,PChome 即時資料（已保存）,https://24h.pchome.com.tw/prod/DXBD4T-A900IV22A
2026-05-21,PChome,未標示,復古鞋_深灰色_中性_BB480LEC-D楦,2310,4.5,0,PChome 24h購物,0.9,2310,0%,70.3,搜尋頁價格,PChome 即時資料（已保存）,https://24h.pchome.com.tw/prod/DXBD48-A900H5288
2026-05-21,PChome,未標示,復古鞋_白色_中性_BB480LFR-D楦,2310,4.5,0,PChome 24h購物,0.9,2310,0%,70.3,搜尋頁價格,PChome 即時資料（已保存）,https://24h.pchome.com.tw/prod/DXBD48-A900HCNTU
2026-05-21,PChome,未標示,Gray Day 327系列復古鞋_2款任選(U327WGA/U327WGC),2310,4.5,0,PChome 24h購物,0.9,2310,0%,70.3,搜尋頁價格,PChome 即時資料（已保存）,https://24h.pchome.com.tw/prod/DXBD1E-A900HQ0OM
2026-05-21,PChome,未標示,復古鞋_灰色_中性_U327WGC-D楦,2310,4.5,0,PChome 24h購物,0.9,2310,0%,70.3,搜尋頁價格,PChome 即時資料（已保存）,https://24h.pchome.com.tw/prod/DXBD48-A900HFFOS
2026-05-21,PChome,男鞋,[New Balance]慢跑鞋_男性_白色_M680CW8-2E楦,2384,4.5,0,PChome 24h購物,0.9,2384,0%,70.1,搜尋頁價格,PChome 即時資料（已保存）,https://24h.pchome.com.tw/prod/DXBD47-A900HZF7A
2026-05-21,PChome,女鞋,復古鞋_雲杉綠_女性_WS327GA-B楦,2384,4.5,0,PChome 24h購物,0.9,2384,0%,70.1,搜尋頁價格,PChome 即時資料（已保存）,https://24h.pchome.com.tw/prod/DXBD48-A900HIYZN
2026-05-21,PChome,女鞋,[New Balance]復古鞋_女性_果凍綠_WL574CGR-B楦,2384,4.5,0,PChome 24h購物,0.9,2384,0%,70.1,搜尋頁價格,PChome 即時資料（已保存）,https://24h.pchome.com.tw/prod/DXBD48-A900ILFTG
2026-05-21,PChome,女鞋,復古鞋_白黑灰_女性_WS327GD-B楦,2384,4.5,0,PChome 24h購物,0.9,2384,0%,70.1,搜尋頁價格,PChome 即時資料（已保存）,https://24h.pchome.com.tw/prod/DXBD48-A900HIZ2O
2026-05-21,PChome,女鞋,[New Balance]復古鞋_女性_灰色_WL574GQ2-B楦,2384,4.5,0,PChome 24h購物,0.9,2384,0%,70.1,搜尋頁價格,PChome 即時資料（已保存）,https://24h.pchome.com.tw/prod/DXBD48-A900I0UK2
2026-05-21,PChome,未標示,牛仔327系列復古鞋_2款任選(WS327JB/WS327JA),2384,4.5,0,PChome 24h購物,0.9,2384,0%,70.1,搜尋頁價格,PChome 即時資料（已保存）,https://24h.pchome.com.tw/prod/DXBD1E-A900HSTIK
2026-05-21,PChome,未標示,[New Balance]復古鞋_中性_米白色_ML610TAG-D楦,2384,4.5,0,PChome 24h購物,0.9,2384,0%,70.1,搜尋頁價格,PChome 即時資料（已保存）,https://24h.pchome.com.tw/prod/DXBD48-A900IHB47
2026-05-21,PChome,女鞋,[New Balance]復古鞋_女性_黑色_WS327DCB-B楦,2384,4.5,0,PChome 24h購物,0.9,2384,0%,70.1,搜尋頁價格,PChome 即時資料（已保存）,https://24h.pchome.com.tw/prod/DXBD48-A900IDLOB
2026-05-21,PChome,女鞋,【New Balance】復古鞋_女性_莫蘭迪粉_WS327AL-B楦,2384,4.5,0,PChome 24h購物,0.9,2384,0%,70.1,搜尋頁價格,PChome 即時資料（已保存）,https://24h.pchome.com.tw/prod/DXBD1E-A900FWCH4
2026-05-21,PChome,女鞋,[]復古鞋_女性_奶杏色_WS327AN-B楦,2384,4.5,0,PChome 24h購物,0.9,2384,0%,70.1,搜尋頁價格,PChome 即時資料（已保存）,https://24h.pchome.com.tw/prod/DXBD1E-A900FWCH8
2026-05-21,PChome,未標示,[New Balance]復古鞋_中性_灰色_U574BKR-D楦,2384,4.5,0,PChome 24h購物,0.9,2384,0%,70.1,搜尋頁價格,PChome 即時資料（已保存）,https://24h.pchome.com.tw/prod/DXBD48-A900IAJAR
2026-05-21,PChome,女鞋,[New Balance]復古鞋_女性_奶茶色_WS327DBA-B楦,2399,4.5,0,PChome 24h購物,0.9,2399,0%,70.1,搜尋頁價格,PChome 即時資料（已保存）,https://24h.pchome.com.tw/prod/DXBD48-A900IAJBC
2026-05-21,PChome,女鞋,[New Balance]復古鞋_女性_碳灰色_WS327PL-B,2399,4.5,0,PChome 24h購物,0.9,2399,0%,70.1,搜尋頁價格,PChome 即時資料（已保存）,https://24h.pchome.com.tw/prod/DXBD48-A900J425X
2026-05-21,PChome,未標示,[New Balance]復古鞋_中性_奶白色_ML725CH-D楦,2399,4.5,0,PChome 24h購物,0.9,2399,0%,70.1,搜尋頁價格,PChome 即時資料（已保存）,https://24h.pchome.com.tw/prod/DXBD48-A900IDLMA
2026-05-21,PChome,女鞋,[New Balance]復古鞋_女性_白色_WS327TBB-B楦,2399,4.5,0,PChome 24h購物,0.9,2399,0%,70.1,搜尋頁價格,PChome 即時資料（已保存）,https://24h.pchome.com.tw/prod/DXBD48-A900I6NVM
2026-05-21,PChome,未標示,PC旗艦店獨家款_復古鞋_中性_藍色_U327GPC-D楦,2399,4.5,0,PChome 24h購物,0.9,2399,0%,70.1,搜尋頁價格,PChome 即時資料（已保存）,https://24h.pchome.com.tw/prod/DXBD48-A900ILFO4
2026-05-21,PChome,未標示,復古鞋_中性_灰色_MS327LAB-D楦,2460,4.5,0,PChome 24h購物,0.9,2460,0%,70.0,搜尋頁價格,PChome 即時資料（已保存）,https://24h.pchome.com.tw/prod/DXBD1E-A900BTHLL
2026-05-21,PChome,未標示,[New Balance]復古鞋_中性_粉紫銀白_U740PK2-D楦,2460,4.5,0,PChome 24h購物,0.9,2460,0%,70.0,搜尋頁價格,PChome 即時資料（已保存）,https://24h.pchome.com.tw/prod/DXBD48-A900IV0BZ
2026-05-21,PChome,未標示,復古鞋_灰色_中性_U574LGGD-D楦,2460,4.5,0,PChome 24h購物,0.9,2460,0%,70.0,搜尋頁價格,PChome 即時資料（已保存）,https://24h.pchome.com.tw/prod/DXBD48-A900HCN8I
2026-05-21,PChome,女鞋,[New Balance]復古鞋_女性_灰白色_WL996EH2-B楦,2460,4.5,0,PChome 24h購物,0.9,2460,0%,70.0,搜尋頁價格,PChome 即時資料（已保存）,https://24h.pchome.com.tw/prod/DXBD48-A900IDLNI
2026-05-21,PChome,女鞋,[New Balance]復古鞋_女性_灰杏色_WL996SJ2-B楦,2460,4.5,0,PChome 24h購物,0.9,2460,0%,70.0,搜尋頁價格,PChome 即時資料（已保存）,https://24h.pchome.com.tw/prod/DXBD48-A900I6NVZ
2026-05-21,PChome,未標示,530新款復古運動鞋_兩款任選(MR530EMA/MR530RD),2464,4.5,0,PChome 24h購物,0.9,2464,0%,70.0,搜尋頁價格,PChome 即時資料（已保存）,https://24h.pchome.com.tw/prod/DXBD48-A900HGAB1
2026-05-21,PChome,未標示,[New Balance]復古鞋_中性_灰色_U370AH-D楦,2464,4.5,0,PChome 24h購物,0.9,2464,0%,70.0,搜尋頁價格,PChome 即時資料（已保存）,https://24h.pchome.com.tw/prod/DXBD48-A900I6NR7
2026-05-21,PChome,男鞋,[New Balance]慢跑鞋_男性_黑色_MTTTRSLK-2E楦,2464,4.5,0,PChome 24h購物,0.9,2464,0%,70.0,搜尋頁價格,PChome 即時資料（已保存）,https://24h.pchome.com.tw/prod/DXBD47-A900IHB8N
2026-05-21,PChome,女鞋,[New Balance]慢跑鞋_女性_米白色_WTTTRSLW-D楦,2464,4.5,0,PChome 24h購物,0.9,2464,0%,70.0,搜尋頁價格,PChome 即時資料（已保存）,https://24h.pchome.com.tw/prod/DXBD47-A900IHB9Z
2026-05-21,PChome,未標示,[New Balance]復古鞋_中性_白褐色_U530CSB-D楦,2464,4.5,0,PChome 24h購物,0.9,2464,0%,70.0,搜尋頁價格,PChome 即時資料（已保存）,https://24h.pchome.com.tw/prod/DXBD48-A900I6NRW
2026-05-21,PChome,未標示,[New Balance]復古鞋_中性_白黑色_U370CA-D楦,2464,4.5,0,PChome 24h購物,0.9,2464,0%,70.0,搜尋頁價格,PChome 即時資料（已保存）,https://24h.pchome.com.tw/prod/DXBD48-A900I6NRA
2026-05-21,PChome,未標示,[New Balance]復古鞋_中性_白灰色_U530NEC-D楦,2464,4.5,0,PChome 24h購物,0.9,2464,0%,70.0,搜尋頁價格,PChome 即時資料（已保存）,https://24h.pchome.com.tw/prod/DXBD48-A900IAJAP
2026-05-21,PChome,未標示,復古鞋_中性_灰色_CM997HCA-D楦,2499,4.5,0,PChome 24h購物,0.9,2499,0%,69.9,搜尋頁價格,PChome 即時資料（已保存）,https://24h.pchome.com.tw/prod/DXBD2S-A900B1JCI
2026-05-21,PChome,未標示,[New Balance]復古鞋_中性_白灰色_ML408NB-D楦,2499,4.5,0,PChome 24h購物,0.9,2499,0%,69.9,搜尋頁價格,PChome 即時資料（已保存）,https://24h.pchome.com.tw/prod/DXBD48-A900I6NPZ
2026-05-21,PChome,未標示,IU著用款復古鞋_中性_米灰色_ML574EVW-D楦,2533,4.5,0,PChome 24h購物,0.9,2533,0%,69.9,搜尋頁價格,PChome 即時資料（已保存）,https://24h.pchome.com.tw/prod/DXBD0I-A900ERTHK
2026-05-21,PChome,未標示,[New Balance]復古鞋_中性_藍紫色_U574SHB-D楦,2533,4.5,0,PChome 24h購物,0.9,2533,0%,69.9,搜尋頁價格,PChome 即時資料（已保存）,https://24h.pchome.com.tw/prod/DXBD48-A900IV0B9
2026-05-21,PChome,未標示,IU著用款[]復古鞋_中性_灰色_ML574EVG-D楦,2533,4.5,0,PChome 24h購物,0.9,2533,0%,69.9,搜尋頁價格,PChome 即時資料（已保存）,https://24h.pchome.com.tw/prod/DXBD0I-A900ES3DC
2026-05-21,PChome,未標示,復古鞋_中性_灰色_CT500OGA-D楦,2610,4.5,0,PChome 24h購物,0.9,2610,0%,69.8,搜尋頁價格,PChome 即時資料（已保存）,https://24h.pchome.com.tw/prod/DXBD48-A900ILFKV
2026-05-21,PChome,童鞋,復古鞋_中性_淺灰色_U740GS2-D楦,2624,4.5,0,PChome 24h購物,0.9,2624,0%,69.7,搜尋頁價格,PChome 即時資料（已保存）,https://24h.pchome.com.tw/prod/DXBD48-A900ILFPP
2026-05-21,PChome,未標示,RC42復古鞋/運動鞋_3款任選(URC42EA/URC42EB/URC42LA),2624,4.5,0,PChome 24h購物,0.9,2624,0%,69.7,搜尋頁價格,PChome 即時資料（已保存）,https://24h.pchome.com.tw/prod/DXBD44-A900HNWBU
2026-05-21,PChome,未標示,復古鞋_灰色_中性_U574LGAN-D楦,2624,4.5,0,PChome 24h購物,0.9,2624,0%,69.7,搜尋頁價格,PChome 即時資料（已保存）,https://24h.pchome.com.tw/prod/DXBD48-A900HMR08
2026-05-21,PChome,未標示,復古鞋_奶杏綠_中性_URC42HG-D楦,2624,4.5,0,PChome 24h購物,0.9,2624,0%,69.7,搜尋頁價格,PChome 即時資料（已保存）,https://24h.pchome.com.tw/prod/DXBD48-A900HRHJP
2026-05-21,PChome,未標示,[New Balance]復古鞋_中性_黑色_U574LGBG-D楦,2624,4.5,0,PChome 24h購物,0.9,2624,0%,69.7,搜尋頁價格,PChome 即時資料（已保存）,https://24h.pchome.com.tw/prod/DXBD48-A900IDLN9
2026-05-21,PChome,未標示,530復古運動鞋_2款任選 (MR530SG/MR530SH),2680,4.5,0,PChome 24h購物,0.9,2680,0%,69.7,搜尋頁價格,PChome 即時資料（已保存）,https://24h.pchome.com.tw/prod/DXBD56-A900HTKMZ
2026-05-21,momo購物網,女鞋,【NEW BALANCE】NB 運動鞋/復古鞋_女鞋_WL373XB2-B_ML373XF2-D(373系列),1299,4.8,3587,momo購物網,0.88,1299,0%,89.9,momo 搜尋頁售價,momo 即時搜尋資料（已保存）,https://www.momoshop.com.tw/goods/GoodsDetail.jsp?i_code=12486897&Area=search&mdiv=403&oid=1_7&cid=index&kw=New%2BBalance
2026-05-21,momo購物網,男女通用,【NEW BALANCE】NB 373系列 復古鞋/運動鞋_女鞋/男鞋(多款可選),1299,4.7,164,momo購物網,0.88,1299,0%,83.3,momo 搜尋頁售價,momo 即時搜尋資料（已保存）,https://www.momoshop.com.tw/goods/GoodsDetail.jsp?i_code=14645968&Area=search&mdiv=403&oid=1_16&cid=index&kw=New%2BBalance
2026-05-21,momo購物網,男女通用,【NEW BALANCE】TIER 2 530 男鞋 女鞋 奶茶色 復古 運動 休閒鞋 MR530AA1,1470,4.7,6,momo購物網,0.88,1470,0%,79.2,momo 搜尋頁售價,momo 即時搜尋資料（已保存）,https://www.momoshop.com.tw/goods/GoodsDetail.jsp?i_code=11947952&Area=search&mdiv=403&oid=1_21&cid=index&kw=New%2BBalance
2026-05-21,momo購物網,女鞋,【NEW BALANCE】NB 復古鞋/運動鞋_女性_海鹽杏_WS327KG-B,1599,4.5,0,momo購物網,0.88,1599,0%,71.0,momo 搜尋頁售價,momo 即時搜尋資料（已保存）,https://www.momoshop.com.tw/goods/GoodsDetail.jsp?i_code=12986660&Area=search&mdiv=403&oid=1_1&cid=index&kw=New%2BBalance
2026-05-21,momo購物網,女鞋,【NEW BALANCE】NB 327 復古休閒鞋/運動鞋_男女鞋_U327FF-D_WS327KG-B_WS327JB-B(327系列),1599,4.5,0,momo購物網,0.88,1599,0%,71.0,momo 搜尋頁售價,momo 即時搜尋資料（已保存）,https://www.momoshop.com.tw/goods/GoodsDetail.jsp?i_code=15218168&Area=search&mdiv=403&oid=1_28&cid=index&kw=New%2BBalance
2026-05-21,momo購物網,男女通用,【NEW BALANCE】NB 327 運動鞋 休閒鞋 男鞋 女鞋 多色任選(WS327FTB-B&WS327FTC-B&),1699,4.7,67,momo購物網,0.88,1699,0%,81.6,momo 搜尋頁售價,momo 即時搜尋資料（已保存）,https://www.momoshop.com.tw/goods/GoodsDetail.jsp?i_code=14531848&Area=search&mdiv=403&oid=1_11&cid=index&kw=New%2BBalance
2026-05-21,momo購物網,男女通用,【NEW BALANCE】NB 530運動鞋 情侶鞋 休閒鞋 男鞋 女鞋 多款任選(U530ESA-D&U530ESB-D&),1899,5.0,25,momo購物網,0.88,1899,0%,88.5,momo 搜尋頁售價,momo 即時搜尋資料（已保存）,https://www.momoshop.com.tw/goods/GoodsDetail.jsp?i_code=12749966&Area=search&mdiv=403&oid=1_9&cid=index&kw=New%2BBalance
2026-05-21,momo購物網,男女通用,【NEW BALANCE】530 男鞋 女鞋 白灰色 復古 拼接 緩震 運動 休閒鞋 MR530CE,1931,5.0,1,momo購物網,0.88,1931,0%,85.3,momo 搜尋頁售價,momo 即時搜尋資料（已保存）,https://www.momoshop.com.tw/goods/GoodsDetail.jsp?i_code=15238426&Area=search&mdiv=403&oid=1_26&cid=index&kw=New%2BBalance
2026-05-21,momo購物網,女鞋,【NEW BALANCE】NB 運動鞋/復古鞋_WS327TBB-B_女性_白色,1999,4.5,0,momo購物網,0.88,1999,0%,70.4,momo 搜尋頁售價,momo 即時搜尋資料（已保存）,https://www.momoshop.com.tw/goods/GoodsDetail.jsp?i_code=14309314&Area=search&mdiv=403&oid=1_2&cid=index&kw=New%2BBalance
2026-05-21,momo購物網,女鞋,【NEW BALANCE】NB 530 復古休閒鞋/運動鞋_男女鞋_U530ESA-D_U530SUB-D_U530SEA-D(530系列),1999,4.5,0,momo購物網,0.88,1999,0%,70.4,momo 搜尋頁售價,momo 即時搜尋資料（已保存）,https://www.momoshop.com.tw/goods/GoodsDetail.jsp?i_code=15217518&Area=search&mdiv=403&oid=1_17&cid=index&kw=New%2BBalance
2026-05-21,momo購物網,男女通用,【NEW BALANCE】204L 男鞋 女鞋 奶油黑銀色 IU 張員瑛 復古 穿搭 運動 休閒鞋 U204LSWD,2081,5.0,5,momo購物網,0.88,2081,0%,86.4,momo 搜尋頁售價,momo 即時搜尋資料（已保存）,https://www.momoshop.com.tw/goods/GoodsDetail.jsp?i_code=14594984&Area=search&mdiv=403&oid=1_22&cid=index&kw=New%2BBalance
2026-05-21,momo購物網,男女通用,【NEW BALANCE】NB 1080 運動鞋 休閒鞋 男鞋 女鞋 多色任選(W1080H14-D&W108014D-D&),2191,5.0,17,momo購物網,0.88,2191,0%,87.6,momo 搜尋頁售價,momo 即時搜尋資料（已保存）,https://www.momoshop.com.tw/goods/GoodsDetail.jsp?i_code=14518604&Area=search&mdiv=403&oid=1_25&cid=index&kw=New%2BBalance
2026-05-21,momo購物網,男女通用,【NEW BALANCE】NB 327復古鞋/運動鞋_男鞋/女鞋_WS327GD-B,2235,4.5,0,momo購物網,0.88,2235,0%,70.0,momo 搜尋頁售價,momo 即時搜尋資料（已保存）,https://www.momoshop.com.tw/goods/GoodsDetail.jsp?i_code=12816448&Area=search&mdiv=403&oid=1_3&cid=index&kw=New%2BBalance
2026-05-21,momo購物網,女鞋,【NEW BALANCE】NB 復古鞋/運動鞋_女性_海鹽灰_WS327KE-B,2235,4.5,0,momo購物網,0.88,2235,0%,70.0,momo 搜尋頁售價,momo 即時搜尋資料（已保存）,https://www.momoshop.com.tw/goods/GoodsDetail.jsp?i_code=12986631&Area=search&mdiv=403&oid=1_4&cid=index&kw=New%2BBalance
2026-05-21,momo購物網,男女通用,【NEW BALANCE】1906R 男鞋 女鞋 灰杏色 中性 復古 休閒 運動 情侶鞋 休閒鞋 U1906ROC,2272,4.7,5,momo購物網,0.88,2272,0%,77.7,momo 搜尋頁售價,momo 即時搜尋資料（已保存）,https://www.momoshop.com.tw/goods/GoodsDetail.jsp?i_code=14085060&Area=search&mdiv=403&oid=1_8&cid=index&kw=New%2BBalance
2026-05-21,momo購物網,男女通用,【NEW BALANCE】2002R 男鞋 女鞋 淺灰色 緩震 麂皮 中性 運動 復古 休閒鞋 U2002RGR,2278,5.0,2,momo購物網,0.88,2278,0%,85.2,momo 搜尋頁售價,momo 即時搜尋資料（已保存）,https://www.momoshop.com.tw/goods/GoodsDetail.jsp?i_code=14181800&Area=search&mdiv=403&oid=1_18&cid=index&kw=New%2BBalance
2026-05-21,momo購物網,女鞋,【NEW BALANCE】NEW BALANCE 740 白銀藍 銀灰 白藍 深藍 復古 男女鞋 U740WN2,2280,5.0,5,momo購物網,0.88,2280,0%,86.1,momo 搜尋頁售價,momo 即時搜尋資料（已保存）, https://www.momoshop.com.tw/TP/TP0001420/goodsDetail/TP00014200000375
2026-05-21,momo購物網,女鞋,【NEW BALANCE】NB 530 復古休閒鞋/運動鞋_男女鞋_MR530EWB-D_MR530CE-D_MR530CC-D(530系列),2299,4.6,31,momo購物網,0.88,2299,0%,76.9,momo 搜尋頁售價,momo 即時搜尋資料（已保存）,https://www.momoshop.com.tw/goods/GoodsDetail.jsp?i_code=14991665&Area=search&mdiv=403&oid=1_24&cid=index&kw=New%2BBalance
2026-05-21,momo購物網,男女通用,【NEW BALANCE】2010 男鞋 女鞋 奶油灰色 復古 穿搭 IU 楊祐寧 緩震 運動 休閒鞋 U2010TTO,2331,5.0,4,momo購物網,0.88,2331,0%,85.8,momo 搜尋頁售價,momo 即時搜尋資料（已保存）,https://www.momoshop.com.tw/goods/GoodsDetail.jsp?i_code=14410219&Area=search&mdiv=403&oid=1_27&cid=index&kw=New%2BBalance
2026-05-21,momo購物網,男女通用,【NEW BALANCE】1906R 男鞋 女鞋 白灰色 中性 緩震 復古 休閒 運動 休閒鞋 U1906RCA,2331,4.9,9,momo購物網,0.88,2331,0%,83.8,momo 搜尋頁售價,momo 即時搜尋資料（已保存）,https://www.momoshop.com.tw/goods/GoodsDetail.jsp?i_code=13717548&Area=search&mdiv=403&oid=1_19&cid=index&kw=New%2BBalance
2026-05-21,momo購物網,男女通用,【NEW BALANCE】1906R 男鞋 女鞋 雲雨灰色 運動 休閒 復古 抗撕裂 緩震 休閒鞋 U1906ROA,2331,4.8,8,momo購物網,0.88,2331,0%,80.9,momo 搜尋頁售價,momo 即時搜尋資料（已保存）,https://www.momoshop.com.tw/goods/GoodsDetail.jsp?i_code=14181812&Area=search&mdiv=403&oid=1_20&cid=index&kw=New%2BBalance
2026-05-21,momo購物網,男女通用,【NEW BALANCE】NB 復古運動鞋_男鞋/女鞋_白銀_MR530SG-D楦,2464,4.9,81,momo購物網,0.88,2464,0%,86.2,momo 搜尋頁售價,momo 即時搜尋資料（已保存）,https://www.momoshop.com.tw/goods/GoodsDetail.jsp?i_code=14500645&Area=search&mdiv=403&oid=1_12&cid=index&kw=New%2BBalance
2026-05-21,momo購物網,女鞋,【NEW BALANCE】NEW BALANCE 204L NB 奶油黑銀 奶油白 灰銀 德訓鞋 薄底鞋 張員瑛同款 男女鞋 U204LSWD,2480,4.8,8,momo購物網,0.88,2480,0%,80.7,momo 搜尋頁售價,momo 即時搜尋資料（已保存）, https://www.momoshop.com.tw/TP/TP0001420/goodsDetail/TP00014200000366
2026-05-21,momo購物網,男女通用,【NEW BALANCE】2002R 男鞋 女鞋 雲霧灰色 復古 運動 慢跑 休閒鞋 ML2002R0,2740,5.0,8,momo購物網,0.88,2740,0%,85.8,momo 搜尋頁售價,momo 即時搜尋資料（已保存）,https://www.momoshop.com.tw/goods/GoodsDetail.jsp?i_code=12954210&Area=search&mdiv=403&oid=1_23&cid=index&kw=New%2BBalance
2026-05-21,momo購物網,未標示,【NEW BALANCE】NB 204L復古鞋/運動鞋_U204L2SZ-D_U204L4HH-D_U204L6A6-D_U204L1ZH-D_燕麥/灰藍(附雙鞋帶),2794,4.9,57,momo購物網,0.88,2794,0%,85.2,momo 搜尋頁售價,momo 即時搜尋資料（已保存）,https://www.momoshop.com.tw/goods/GoodsDetail.jsp?i_code=15018766&Area=search&mdiv=403&oid=1_13&cid=index&kw=New%2BBalance
2026-05-21,momo購物網,未標示,【NEW BALANCE】NB 204L復古鞋/運動鞋_U204L1KP-D_中性_灰色(GREY DAY 主打品),2794,4.9,18,momo購物網,0.88,2794,0%,83.9,momo 搜尋頁售價,momo 即時搜尋資料（已保存）,https://www.momoshop.com.tw/goods/GoodsDetail.jsp?i_code=15178220&Area=search&mdiv=403&oid=1_10&cid=index&kw=New%2BBalance
2026-05-21,momo購物網,男女通用,【NEW BALANCE】NB GORE-TEX 防水運動鞋_男鞋/女鞋_CM996XB2-D,2849,4.8,51,momo購物網,0.88,2849,0%,82.2,momo 搜尋頁售價,momo 即時搜尋資料（已保存）,https://www.momoshop.com.tw/goods/GoodsDetail.jsp?i_code=14996560&Area=search&mdiv=403&oid=1_6&cid=index&kw=New%2BBalance
2026-05-21,momo購物網,未標示,【NEW BALANCE】NB 2010 復古鞋/運動鞋_U2010753-D_中性_銀灰色,3604,4.5,0,momo購物網,0.88,3604,0%,67.8,momo 搜尋頁售價,momo 即時搜尋資料（已保存）,https://www.momoshop.com.tw/goods/GoodsDetail.jsp?i_code=15228868&Area=search&mdiv=403&oid=1_15&cid=index&kw=New%2BBalance
2026-05-21,momo購物網,未標示,【NEW BALANCE】NB 204L復古鞋/運動鞋_U204LMMA-D_U204LMMC-D_中性_附雙色鞋帶(張員瑛同款),3880,4.9,14,momo購物網,0.88,3880,0%,81.8,momo 搜尋頁售價,momo 即時搜尋資料（已保存）,https://www.momoshop.com.tw/goods/GoodsDetail.jsp?i_code=15149891&Area=search&mdiv=403&oid=1_14&cid=index&kw=New%2BBalance
2026-05-21,PChome,男女通用,休閒鞋 Samba Messi 男鞋 女鞋 梅西 米白 灰 德訓鞋 JQ0266,2046,4.5,0,PChome 24h購物,0.9,2380,14%,70.7,PChome API 最低折扣價,PChome 即時資料（已保存）,https://24h.pchome.com.tw/prod/DXAX69-A900IJ0LQ
2026-05-21,PChome,女鞋,德訓鞋 Samba OG W 女鞋 米白 綠 復古 休閒鞋 IH2752,2046,4.5,0,PChome 24h購物,0.9,2380,14%,70.7,PChome API 最低折扣價,PChome 即時資料（已保存）,https://24h.pchome.com.tw/prod/DXAX69-A900J025G
2026-05-21,PChome,女鞋,休閒鞋 Samba LT W 女鞋 綠 銀 翻折鞋舌 復古 皮革 德訓鞋 愛迪達 JP6144,2046,4.5,0,PChome 24h購物,0.9,2380,14%,70.7,PChome API 最低折扣價,PChome 即時資料（已保存）,https://24h.pchome.com.tw/prod/DXAX69-A900J034H
2026-05-21,PChome,男女通用,休閒鞋 Samba OG 男鞋 女鞋 米 紅 復古 德訓鞋 愛迪達 JS3830,2046,4.5,0,PChome 24h購物,0.9,2380,14%,70.7,PChome API 最低折扣價,PChome 即時資料（已保存）,https://24h.pchome.com.tw/prod/DXAX69-A900J4234
2026-05-21,PChome,未標示,【ADIDAS】SAMBA OG 男女 休閒鞋-ID2054,2074,4.5,0,PChome 24h購物,0.9,2561,19%,70.6,PChome API 最低折扣價,PChome 即時資料（已保存）,https://24h.pchome.com.tw/prod/DXAX2Y-A900HBSQ9
2026-05-21,PChome,男女通用,休閒鞋 Samba OG 男鞋 女鞋 白 黑 麂皮 皮革 復古 低筒 德訓鞋 IF3814,2132,4.5,0,PChome 24h購物,0.9,2480,14%,70.5,PChome API 最低折扣價,PChome 即時資料（已保存）,https://24h.pchome.com.tw/prod/DXAX69-A900J4LL7
2026-05-21,PChome,男女通用,休閒鞋 Samba OG 男鞋 女鞋 黑 白Jeremy Scott 聯名 拉鍊 德訓鞋 愛迪達 JQ8835,2132,4.5,0,PChome 24h購物,0.9,2480,14%,70.5,PChome API 最低折扣價,PChome 即時資料（已保存）,https://24h.pchome.com.tw/prod/DXAX69-A900J18AN
2026-05-21,PChome,女鞋,瑪莉珍鞋 Samba Jane W 女鞋 白 黑 膠底 麂皮 休閒鞋 復古 JR1402,2132,4.5,0,PChome 24h購物,0.9,2480,14%,70.5,PChome API 最低折扣價,PChome 即時資料（已保存）,https://24h.pchome.com.tw/prod/DXAX69-A900J0UI6
2026-05-21,PChome,男女通用,休閒鞋 Samba OG 男鞋 女鞋 黑皮革 麂皮 復古 德訓鞋  IE3438,2132,4.5,0,PChome 24h購物,0.9,2480,14%,70.5,PChome API 最低折扣價,PChome 即時資料（已保存）,https://24h.pchome.com.tw/prod/DXAX0T-A900HB3PH
2026-05-21,PChome,女鞋,德訓鞋 Samba OG W 女鞋 紫 米白 金屬皮革 低筒 復古 休閒鞋 JI4219,2132,4.5,0,PChome 24h購物,0.9,2480,14%,70.5,PChome API 最低折扣價,PChome 即時資料（已保存）,https://24h.pchome.com.tw/prod/DXAX69-A900J5PI6
2026-05-21,PChome,女鞋,休閒鞋 Samba OG W 女鞋 黑灰 荷葉邊 德訓鞋 復古 愛迪達 JR8831,2132,4.5,0,PChome 24h購物,0.9,2480,14%,70.5,PChome API 最低折扣價,PChome 即時資料（已保存）,https://24h.pchome.com.tw/prod/DXAX69-A900J9J0N
2026-05-21,PChome,未標示,ADIDAS 休閒鞋 SAMBA OG 白棕 焦底 復古 德訓鞋 男女 JH8796,2207,4.5,0,PChome 24h購物,0.9,2480,11%,70.4,PChome API 最低折扣價,PChome 即時資料（已保存）,https://24h.pchome.com.tw/prod/DXAX7V-A900J9G6B
2026-05-21,PChome,女鞋,休閒鞋 Samba OG W 女鞋 黑 德訓鞋 復古 亮粉 愛迪達 KI6265,2218,4.5,0,PChome 24h購物,0.9,2580,14%,70.4,PChome API 最低折扣價,PChome 即時資料（已保存）,https://24h.pchome.com.tw/prod/DXAX69-A900J93V1
2026-05-21,PChome,女鞋,瑪莉珍鞋 Samba Jane W 女鞋 紅 白 膠底 麂皮 休閒鞋 復古 愛迪達  JQ6446,2218,4.5,0,PChome 24h購物,0.9,2580,14%,70.4,PChome API 最低折扣價,PChome 即時資料（已保存）,https://24h.pchome.com.tw/prod/DXAX69-A900J0UH5
2026-05-21,PChome,女鞋,休閒鞋 Samba OG W 女鞋 雲白 光暈藍 復古 生膠底 經典 德訓鞋 IE0877,2218,4.5,0,PChome 24h購物,0.9,2580,14%,70.4,PChome API 最低折扣價,PChome 即時資料（已保存）,https://24h.pchome.com.tw/prod/DXAX69-A900IJMIE
2026-05-21,PChome,男女通用,x NAKED x MAHA Samba MN 休閒鞋 三方聯名 男鞋 女鞋 黑 德訓鞋 IH3566,2304,4.5,0,PChome 24h購物,0.9,2680,14%,70.3,PChome API 最低折扣價,PChome 即時資料（已保存）,https://24h.pchome.com.tw/prod/DXAX69-A900I6CBI
2026-05-21,PChome,男女通用,x 101忠狗 Samba OG 男鞋 女鞋 聯名休閒鞋 迪士尼 米白 德訓鞋 愛迪達 KJ5990,2311,4.5,0,PChome 24h購物,0.9,2688,14%,70.3,PChome API 最低折扣價,PChome 即時資料（已保存）,https://24h.pchome.com.tw/prod/DXAX69-A900J0UJ9
2026-05-21,PChome,未標示,Adidas Samba XLG [JQ7440] 男女 運動休閒鞋 復古 厚底 膠底 穿搭 白 牛仔藍,2529,4.5,0,PChome 24h購物,0.9,2529,0%,69.9,PChome API 價格,PChome 即時資料（已保存）,https://24h.pchome.com.tw/prod/DXAX69-A900J877U
2026-05-21,PChome,未標示,Adidas Samba OG W IG5932 女 運動休閒鞋 復古 德訓鞋 舒適 百搭 膠底 白 橘,2757,4.5,0,PChome 24h購物,0.9,2757,0%,69.5,PChome API 價格,PChome 即時資料（已保存）,https://24h.pchome.com.tw/prod/DXAX69-A900I3DVY
2026-05-21,PChome,未標示,Adidas Samba OG W ID0478 女 休閒鞋 運動 經典 復古 德訓鞋 皮革 麂皮 流行 穿搭 米黑,2757,4.5,0,PChome 24h購物,0.9,2757,0%,69.5,PChome API 價格,PChome 即時資料（已保存）,https://24h.pchome.com.tw/prod/DXAX2Y-A900HTFSW
2026-05-21,PChome,未標示,Adidas Samba Og W JI2677 女 運動休閒鞋 舒適 白 粉紅,2757,4.5,0,PChome 24h購物,0.9,2757,0%,69.5,PChome API 價格,PChome 即時資料（已保存）,https://24h.pchome.com.tw/prod/DXAX69-A900IJ45A
2026-05-21,PChome,未標示,Adidas 愛迪達 Samba OG W JS1361 女 運動休閒鞋 德訓鞋 舒適 米,2757,4.5,0,PChome 24h購物,0.9,2757,0%,69.5,PChome API 價格,PChome 即時資料（已保存）,https://24h.pchome.com.tw/prod/DXAX69-A900J87EW
2026-05-21,PChome,未標示,Adidas Samba Og JH8796 男女 運動休閒鞋 德訓鞋 復古 舒適 白 棕,2757,4.5,0,PChome 24h購物,0.9,2757,0%,69.5,PChome API 價格,PChome 即時資料（已保存）,https://24h.pchome.com.tw/prod/DXAX69-A900IKDPU
2026-05-21,PChome,未標示,Adidas Samba OG W IG1963 女 休閒鞋 經典 三葉草 復古 德訓鞋 膠底 米白 綠,2757,4.5,0,PChome 24h購物,0.9,2757,0%,69.5,PChome API 價格,PChome 即時資料（已保存）,https://24h.pchome.com.tw/prod/DXAX2Y-A900HN56I
2026-05-21,PChome,未標示,Adidas Samba OG W JI2729 女 運動休閒鞋 德訓鞋 復古 百搭 沙色,2757,4.5,0,PChome 24h購物,0.9,2757,0%,69.5,搜尋頁價格,PChome 即時資料（已保存）,https://24h.pchome.com.tw/prod/DXAX69-A900I5S0V
2026-05-21,PChome,未標示,Adidas Samba OG ID1381 男女 休閒鞋 復古 德訓鞋 皮革 膠底 愛迪達 白 藍,2757,4.5,0,PChome 24h購物,0.9,2757,0%,69.5,搜尋頁價格,PChome 即時資料（已保存）,https://24h.pchome.com.tw/prod/DXAX2Y-A900HO4N9
2026-05-21,PChome,未標示,Adidas Samba OG W IF6513 女 休閒鞋 經典 復古 德訓鞋 皮革 膠底 百搭 穿搭 白 紅,2757,4.5,0,PChome 24h購物,0.9,2757,0%,69.5,搜尋頁價格,PChome 即時資料（已保存）,https://24h.pchome.com.tw/prod/DXAX2Y-A900HLSYN
2026-05-21,PChome,未標示,Adidas Samba OG W IG1962 女 休閒鞋 經典 三葉草 復古 德訓鞋 膠底 米白 粉紅,2757,4.5,0,PChome 24h購物,0.9,2757,0%,69.5,搜尋頁價格,PChome 即時資料（已保存）,https://24h.pchome.com.tw/prod/DXAX2Y-A900HN5CY
2026-05-21,PChome,未標示,Adidas Samba Og W JS1351 女 運動休閒鞋 德訓鞋 滑板 復古 舒適 白米 粉紅,2757,4.5,0,PChome 24h購物,0.9,2757,0%,69.5,搜尋頁價格,PChome 即時資料（已保存）,https://24h.pchome.com.tw/prod/DXAX69-A900J0GZX
2026-05-21,PChome,未標示,Adidas Samba Og JH5632 男女 運動休閒鞋 德訓鞋 麂皮 復古 舒適 白 藍,2757,4.5,0,PChome 24h購物,0.9,2757,0%,69.5,搜尋頁價格,PChome 即時資料（已保存）,https://24h.pchome.com.tw/prod/DXAX69-A900IZ0GV
2026-05-21,PChome,未標示,Adidas Samba OG IF3813 男女 休閒鞋 經典 復古 德訓鞋 皮革 膠底 流行 穿搭 白 酒紅,2757,4.5,0,PChome 24h購物,0.9,2757,0%,69.5,搜尋頁價格,PChome 即時資料（已保存）,https://24h.pchome.com.tw/prod/DXAX2Y-A900HLT9N
2026-05-21,PChome,未標示,Adidas Samba OG IF3814 男女 休閒鞋 經典 復古 德訓鞋 皮革 膠底 流行 穿搭 白 深藍,2757,4.5,0,PChome 24h購物,0.9,2757,0%,69.5,搜尋頁價格,PChome 即時資料（已保存）,https://24h.pchome.com.tw/prod/DXAX2Y-A900HNSN5
2026-05-21,PChome,未標示,Adidas Samba OG JQ0012 男女 運動休閒鞋 德訓鞋 復古鞋 舒適 穿搭 銀灰 紅,2757,4.5,0,PChome 24h購物,0.9,2757,0%,69.5,搜尋頁價格,PChome 即時資料（已保存）,https://24h.pchome.com.tw/prod/DXAX69-A900IATGS
2026-05-21,PChome,未標示,Adidas Samba OG IG1024 男女 休閒鞋 運動 經典 復古 德訓鞋 皮革 膠底 流行 穿搭 白綠,2757,4.5,0,PChome 24h購物,0.9,2757,0%,69.5,搜尋頁價格,PChome 即時資料（已保存）,https://24h.pchome.com.tw/prod/DXAX2Y-A900HLTDQ
2026-05-21,PChome,未標示,Adidas Samba OG ID2054 男女 休閒鞋 運動 經典 復古 Originals 皮革 膠底 綠,2757,4.5,0,PChome 24h購物,0.9,2757,0%,69.5,搜尋頁價格,PChome 即時資料（已保存）,https://24h.pchome.com.tw/prod/DXAX69-A900J9B5D
2026-05-21,PChome,未標示,Adidas Samba OG W IF6514 女 休閒鞋 經典 復古 德訓鞋 皮革 膠底 百搭 穿搭 白 藍紫,2757,4.5,0,PChome 24h購物,0.9,2757,0%,69.5,搜尋頁價格,PChome 即時資料（已保存）,https://24h.pchome.com.tw/prod/DXAX2Y-A900HLSYB
2026-05-21,PChome,未標示,Adidas Samba OG JH8797 男女 運動休閒鞋 德訓鞋 復古 三葉草 膠底 穿搭 白 綠,2757,4.5,0,PChome 24h購物,0.9,2757,0%,69.5,搜尋頁價格,PChome 即時資料（已保存）,https://24h.pchome.com.tw/prod/DXAX69-A900I88E4
2026-05-21,PChome,未標示,Adidas Samba OG ID2047 男 休閒鞋 運動 經典 復古 三葉草 麂皮 流行 穿搭 裸粉 奶茶,2757,4.5,0,PChome 24h購物,0.9,2757,0%,69.5,搜尋頁價格,PChome 即時資料（已保存）,https://24h.pchome.com.tw/prod/DXAX2Y-A900HLSRY
2026-05-21,PChome,未標示,Adidas Samba Og W JR8821 女 運動休閒鞋 德訓鞋 皮革 舒適 棕,2757,4.5,0,PChome 24h購物,0.9,2757,0%,69.5,搜尋頁價格,PChome 即時資料（已保存）,https://24h.pchome.com.tw/prod/DXAX69-A900J1GP5
2026-05-21,PChome,未標示,Adidas 愛迪達 Samba OG JR0913 男 運動休閒鞋 德訓鞋 復古 舒適 灰黑 白,2757,4.5,0,PChome 24h購物,0.9,2757,0%,69.5,搜尋頁價格,PChome 即時資料（已保存）,https://24h.pchome.com.tw/prod/DXAX69-A900J8WLF
2026-05-21,PChome,未標示,Adidas 愛迪達 Samba OG JH5633 男女 運動休閒鞋 德訓鞋 復古 舒適 白 黑,2757,4.5,0,PChome 24h購物,0.9,2757,0%,69.5,搜尋頁價格,PChome 即時資料（已保存）,https://24h.pchome.com.tw/prod/DXAX69-A900J876U
2026-05-21,PChome,未標示,Adidas 愛迪達 Samba OG W JR9446 女 運動休閒鞋 德訓鞋 舒適 米 卡其,2757,4.5,0,PChome 24h購物,0.9,2757,0%,69.5,搜尋頁價格,PChome 即時資料（已保存）,https://24h.pchome.com.tw/prod/DXAX69-A900J8790
2026-05-21,PChome,未標示,Adidas Samba Og JI3184 男女 運動休閒鞋 德訓鞋 復古 編織 舒適 棕,2757,4.5,0,PChome 24h購物,0.9,2757,0%,69.5,搜尋頁價格,PChome 即時資料（已保存）,https://24h.pchome.com.tw/prod/DXAX69-A900IW6XJ
2026-05-21,PChome,未標示,Adidas Samba Messi Miami [IH8158] 男女 休閒鞋 經典 復古 聯名款 芭比粉 黑,2768,4.5,0,PChome 24h購物,0.9,2768,0%,69.5,搜尋頁價格,PChome 即時資料（已保存）,https://24h.pchome.com.tw/prod/DXAX69-A900IQI8T
2026-05-21,PChome,未標示,SAMBA OG 男 休閒鞋 JR0891,2775,4.5,0,PChome 24h購物,0.9,2775,0%,69.5,搜尋頁價格,PChome 即時資料（已保存）,https://24h.pchome.com.tw/prod/DXAX69-A900J7S3U
2026-05-21,PChome,未標示,ADIDAS 休閒鞋 SAMBA LT 白黑色 翻鞋舌 復古 德訓鞋 女 JI3199,2780,4.5,0,PChome 24h購物,0.9,2780,0%,69.5,搜尋頁價格,PChome 即時資料（已保存）,https://24h.pchome.com.tw/prod/DXAX7V-A900J9K5A
2026-05-21,PChome,未標示,SAMBA OG 休閒鞋 男 銀 白-JQ0012,2882,4.5,0,PChome 24h購物,0.9,2882,0%,69.3,搜尋頁價格,PChome 即時資料（已保存）,https://24h.pchome.com.tw/prod/DXAX69-A900IAR3Z
2026-05-21,PChome,男女通用,休閒鞋 Samba OG 男鞋 女鞋 黑 白 皮革 焦糖底 麂皮 復古 B75807,2888,4.5,0,PChome 24h購物,0.9,2888,0%,69.3,搜尋頁價格,PChome 即時資料（已保存）,https://24h.pchome.com.tw/prod/DXAX69-A900I1ZWD
2026-05-21,PChome,未標示,Adidas Samba Messi ID3550 男女 休閒鞋 運動 經典 德訓鞋 阿根廷隊 梅西 穿搭 白藍,2915,4.5,0,PChome 24h購物,0.9,2915,0%,69.3,搜尋頁價格,PChome 即時資料（已保存）,https://24h.pchome.com.tw/prod/DXAX2Y-A900HLTFJ
2026-05-21,PChome,未標示,Adidas Samba Jp JQ9056 男女 運動休閒鞋 德訓鞋 滑板 復古 膠底 舒適 黑 白,2915,4.5,0,PChome 24h購物,0.9,2915,0%,69.3,搜尋頁價格,PChome 即時資料（已保存）,https://24h.pchome.com.tw/prod/DXAX69-A900J07HW
2026-05-21,PChome,女鞋,休閒鞋 Samba OG 男女鞋 城市版 珍珠奶茶 珍奶 德訓鞋 BUBBLE TEA TAIPEI JP5197,2980,4.5,0,PChome 24h購物,0.9,2980,0%,69.2,搜尋頁價格,PChome 即時資料（已保存）,https://24h.pchome.com.tw/prod/DXAX69-A900IU5PN
2026-05-21,PChome,男女通用,休閒鞋 Samba OG 男鞋 女鞋 白 黑 皮革 麂皮 焦糖底 森巴 復古 B75806,2988,4.5,0,PChome 24h購物,0.9,2988,0%,69.2,搜尋頁價格,PChome 即時資料（已保存）,https://24h.pchome.com.tw/prod/DXAX0T-A900GK78A
2026-05-21,PChome,未標示,Adidas Samba XLG JQ7440 男女 運動休閒鞋 復古 厚底 膠底 穿搭 白 牛仔藍,3073,4.5,0,PChome 24h購物,0.9,3073,0%,69.0,搜尋頁價格,PChome 即時資料（已保存）,https://24h.pchome.com.tw/prod/DXAX69-A900IF2RE
2026-05-21,PChome,未標示,Adidas Samba OG JP5675 男女 運動休閒鞋 德訓鞋 復古 舒適 棕綠 紫,3073,4.5,0,PChome 24h購物,0.9,3073,0%,69.0,搜尋頁價格,PChome 即時資料（已保存）,https://24h.pchome.com.tw/prod/DXAX69-A900J877L
2026-05-21,PChome,未標示,Adidas Samba LT IE9169 男 休閒鞋 運動 復古 滑板 翻折鞋舌 德訓鞋 愛迪達 米白 藍,3073,4.5,0,PChome 24h購物,0.9,3073,0%,69.0,搜尋頁價格,PChome 即時資料（已保存）,https://24h.pchome.com.tw/prod/DXAX2Y-A900HW4NP
2026-05-21,PChome,未標示,Adidas 愛迪達 Samba OG KJ5990 男女 運動休閒鞋 迪士尼 101忠狗 舒適 白 黑,3073,4.5,0,PChome 24h購物,0.9,3073,0%,69.0,搜尋頁價格,PChome 即時資料（已保存）,https://24h.pchome.com.tw/prod/DXAX69-A900J87AD
2026-05-21,PChome,未標示,Adidas Samba OG ID1141 男女 休閒鞋 經典 復古 三葉草 皮革 麂皮 流行 穿搭 膠底 黑棕,3073,4.5,0,PChome 24h購物,0.9,3073,0%,69.0,搜尋頁價格,PChome 即時資料（已保存）,https://24h.pchome.com.tw/prod/DXAX2Y-A900HLSGE
2026-05-21,PChome,未標示,Adidas Samba OG W KI6265 女 運動休閒鞋 德訓鞋 舒適 黑,3073,4.5,0,PChome 24h購物,0.9,3073,0%,69.0,搜尋頁價格,PChome 即時資料（已保存）,https://24h.pchome.com.tw/prod/DXAX69-A900J52IC
2026-05-21,PChome,未標示,Adidas Samba XLG IE1379 男女 休閒鞋 經典 復古 德訓鞋 焦糖底 厚底 流行 穿搭 黑白,3073,4.5,0,PChome 24h購物,0.9,3073,0%,69.0,搜尋頁價格,PChome 即時資料（已保存）,https://24h.pchome.com.tw/prod/DXAX2Y-A900HNSNF
2026-05-21,PChome,未標示,Adidas 愛迪達 Samba OG KI7433 男女 運動休閒鞋 TAIPEI 台式炸雞排 舒適 米 橘,3073,4.5,0,PChome 24h購物,0.9,3073,0%,69.0,搜尋頁價格,PChome 即時資料（已保存）,https://24h.pchome.com.tw/prod/DXAX69-A900J874C
2026-05-21,PChome,未標示,Adidas Samba XLG IE1377 男女 休閒鞋 經典 復古 德訓鞋 焦糖底 厚底 流行 穿搭 白黑,3073,4.5,0,PChome 24h購物,0.9,3073,0%,69.0,搜尋頁價格,PChome 即時資料（已保存）,https://24h.pchome.com.tw/prod/DXAX2Y-A900HNSNH
2026-05-21,PChome,未標示,Adidas Samba OG W KI6264 女 運動休閒鞋 德訓鞋 舒適 銀 白,3073,4.5,0,PChome 24h購物,0.9,3073,0%,69.0,搜尋頁價格,PChome 即時資料（已保存）,https://24h.pchome.com.tw/prod/DXAX69-A900J52LR
2026-05-21,PChome,男女通用,休閒鞋 Samba JJJJound 男鞋 女鞋 卡其 棕 麂皮 Tobacco 聯名 愛迪達 ID8709,3080,4.5,0,PChome 24h購物,0.9,3080,0%,69.0,搜尋頁價格,PChome 即時資料（已保存）,https://24h.pchome.com.tw/prod/DXAX69-A900J72LE
2026-05-21,PChome,男鞋,德訓鞋 Samba OG 男鞋 海軍藍 奶油黃 復古 麂皮 休閒鞋 焦糖底 ID2056,3180,4.5,0,PChome 24h購物,0.9,3180,0%,68.8,搜尋頁價格,PChome 即時資料（已保存）,https://24h.pchome.com.tw/prod/DXAX69-A900IFXV3
2026-05-21,PChome,女鞋,德訓鞋 Samba OG W 女鞋 銀 白 復古 休閒鞋 爆裂紋 JR0035,3180,4.5,0,PChome 24h購物,0.9,3180,0%,68.8,搜尋頁價格,PChome 即時資料（已保存）,https://24h.pchome.com.tw/prod/DXAX69-A900IVQ6H
2026-05-21,PChome,女鞋,休閒鞋 Samba OG W 女鞋 Pearl 米白 珍珠 宋雨琦同款 愛迪達 JQ2616,3180,4.5,0,PChome 24h購物,0.9,3180,0%,68.8,搜尋頁價格,PChome 即時資料（已保存）,https://24h.pchome.com.tw/prod/DXAX69-A900J93ST
2026-05-21,PChome,未標示,SAMBA OG W 休閒鞋 女 馬毛鞋面 酒紅色-JP5330,3204,4.5,0,PChome 24h購物,0.9,3204,0%,68.8,搜尋頁價格,PChome 即時資料（已保存）,https://24h.pchome.com.tw/prod/DXAX69-A900IAR3J
2026-05-21,PChome,女鞋,W Adidas Samba OG Easy Mint 象牙白藍 復古 德訓 休閒鞋 女鞋 IG6048,3237,4.5,0,PChome 24h購物,0.9,3237,0%,68.8,搜尋頁價格,PChome 即時資料（已保存）,https://24h.pchome.com.tw/prod/DXAX69-A900IX48M
2026-05-21,PChome,未標示,SAMBA OG x TAIPEI台式炸雞排 男女 休閒鞋 KI7433,3242,4.5,0,PChome 24h購物,0.9,3242,0%,68.7,搜尋頁價格,PChome 即時資料（已保存）,https://24h.pchome.com.tw/prod/DXAX69-A900J9VY1
2026-05-21,PChome,未標示,Adidas Samba Home W IH5504 男女 休閒鞋 麵包鞋 舒適 百搭 尼龍 奶茶,3290,4.5,0,PChome 24h購物,0.9,3290,0%,68.7,搜尋頁價格,PChome 即時資料（已保存）,https://24h.pchome.com.tw/prod/DXAX69-A900IFS1L
2026-05-21,PChome,未標示,Adidas Samba OG JP5197 男女 運動休閒鞋 德訓鞋 台北限定款 珍珠奶茶 穿搭 舒適 米黑,3321,4.5,0,PChome 24h購物,0.9,3321,0%,68.6,搜尋頁價格,PChome 即時資料（已保存）,https://24h.pchome.com.tw/prod/DXAX69-A900IAR7M
2026-05-21,PChome,未標示,Adidas 愛迪達 Samba OG W JQ2616 女 運動休閒鞋 德訓鞋 珍珠蕾絲 舒適 米 灰,3389,4.5,0,PChome 24h購物,0.9,3389,0%,68.5,搜尋頁價格,PChome 即時資料（已保存）,https://24h.pchome.com.tw/prod/DXAX69-A900J87DJ
2026-05-21,PChome,未標示,Adidas Samba OG JQ8835 男女 運動休閒鞋 德訓鞋 復古 舒適 黑 白,3389,4.5,0,PChome 24h購物,0.9,3389,0%,68.5,搜尋頁價格,PChome 即時資料（已保存）,https://24h.pchome.com.tw/prod/DXAX69-A900J878E
2026-05-21,PChome,未標示,Adidas Samba Og W JI2678 女 運動休閒鞋 德訓鞋 復古 舒適 米白 紫,3490,4.5,0,PChome 24h購物,0.9,3490,0%,68.3,搜尋頁價格,PChome 即時資料（已保存）,https://24h.pchome.com.tw/prod/DXAX69-A900IKDQC
2026-05-21,PChome,未標示,Adidas Samba Og W JI2732 女 運動休閒鞋 舒適 棕 橘,3490,4.5,0,PChome 24h購物,0.9,3490,0%,68.3,搜尋頁價格,PChome 即時資料（已保存）,https://24h.pchome.com.tw/prod/DXAX69-A900IV9J0
2026-05-21,PChome,未標示,SAMBA OG W 女 休閒鞋 JS1362,3490,4.5,0,PChome 24h購物,0.9,3490,0%,68.3,搜尋頁價格,PChome 即時資料（已保存）,https://24h.pchome.com.tw/prod/DXAX69-A900J7S4F
2026-05-21,PChome,男鞋,Adidas Samba OG 平底白色 男鞋 休閒鞋 B75806,3806,4.5,0,PChome 24h購物,0.9,3806,0%,67.8,搜尋頁價格,PChome 即時資料（已保存）,https://24h.pchome.com.tw/prod/DXAX0W-A900HEKY7
2026-05-21,momo購物網,童鞋,【adidas 愛迪達】SAMBA OG 休閒鞋 運動休閒鞋 德訓鞋 滑板 復古 嬰幼童鞋 - Originals IE3679,1532,5.0,16,momo購物網,0.88,1532,0%,88.6,momo 搜尋頁售價,momo 即時搜尋資料（已保存）,https://www.momoshop.com.tw/goods/GoodsDetail.jsp?i_code=11714146&Area=search&mdiv=403&oid=1_14&cid=index&kw=Adidas%2BSamba
2026-05-21,momo購物網,男女通用,【adidas 愛迪達】SAMBA XLG 運動休閒鞋 德訓鞋 滑板 復古 男鞋/女鞋 - Originals IH2219,1770,4.7,12,momo購物網,0.88,1770,0%,79.5,momo 搜尋頁售價,momo 即時搜尋資料（已保存）,https://www.momoshop.com.tw/goods/GoodsDetail.jsp?i_code=13357358&Area=search&mdiv=403&oid=1_24&cid=index&kw=Adidas%2BSamba
2026-05-21,momo購物網,女鞋,【adidas 愛迪達】SAMBA JANE 休閒鞋 德訓鞋 滑板 復古 女鞋 - Originals JR7338,1770,4.2,4,momo購物網,0.88,1770,0%,64.3,momo 搜尋頁售價,momo 即時搜尋資料（已保存）,https://www.momoshop.com.tw/goods/GoodsDetail.jsp?i_code=14476878&Area=search&mdiv=403&oid=1_6&cid=index&kw=Adidas%2BSamba
2026-05-21,momo購物網,童鞋,【adidas 愛迪達】SAMBA OG 休閒鞋 運動休閒鞋 德訓鞋 滑板 復古 童鞋- Originals IE3677,1840,5.0,11,momo購物網,0.88,1840,0%,87.7,momo 搜尋頁售價,momo 即時搜尋資料（已保存）,https://www.momoshop.com.tw/goods/GoodsDetail.jsp?i_code=11714150&Area=search&mdiv=403&oid=1_3&cid=index&kw=Adidas%2BSamba
2026-05-21,momo購物網,男女通用,【adidas 愛迪達】SAMBA OG 運動休閒鞋 德訓鞋 滑板 復古 男鞋/女鞋 Originals JR0894,1847,5.0,7,momo購物網,0.88,1847,0%,87.1,momo 搜尋頁售價,momo 即時搜尋資料（已保存）,https://www.momoshop.com.tw/goods/GoodsDetail.jsp?i_code=14572162&Area=search&mdiv=403&oid=1_17&cid=index&kw=Adidas%2BSamba
2026-05-21,momo購物網,男女通用,【adidas 愛迪達】SAMBA ADV 運動休閒鞋 德訓鞋 滑板 男鞋/女鞋 - Originals JR7108,1847,5.0,3,momo購物網,0.88,1847,0%,86.3,momo 搜尋頁售價,momo 即時搜尋資料（已保存）,https://www.momoshop.com.tw/goods/GoodsDetail.jsp?i_code=14709113&Area=search&mdiv=403&oid=1_5&cid=index&kw=Adidas%2BSamba
2026-05-21,momo購物網,未標示,【adidas 愛迪達】SAMBA OG 運動休閒鞋 德訓鞋 滑板 復古 女 - Originals JS1351,1847,4.9,14,momo購物網,0.88,1847,0%,85.1,momo 搜尋頁售價,momo 即時搜尋資料（已保存）,https://www.momoshop.com.tw/goods/GoodsDetail.jsp?i_code=14155246&Area=search&mdiv=403&oid=1_8&cid=index&kw=Adidas%2BSamba
2026-05-21,momo購物網,女鞋,【adidas 愛迪達】SAMBA OG 運動休閒鞋 德訓鞋 滑板 復古 女鞋 - Originals JR8843,1847,5.0,1,momo購物網,0.88,1847,0%,85.5,momo 搜尋頁售價,momo 即時搜尋資料（已保存）,https://www.momoshop.com.tw/goods/GoodsDetail.jsp?i_code=14562997&Area=search&mdiv=403&oid=1_22&cid=index&kw=Adidas%2BSamba
2026-05-21,momo購物網,女鞋,【adidas 愛迪達】SAMBA OG 運動休閒鞋 德訓鞋 滑板 復古 女鞋 - Originals IH9127,1847,4.9,5,momo購物網,0.88,1847,0%,84.0,momo 搜尋頁售價,momo 即時搜尋資料（已保存）,https://www.momoshop.com.tw/goods/GoodsDetail.jsp?i_code=14708984&Area=search&mdiv=403&oid=1_7&cid=index&kw=Adidas%2BSamba
2026-05-21,momo購物網,男女通用,【adidas 愛迪達】SAMBA OG 運動休閒鞋 德訓鞋 滑板 復古 男鞋/女鞋 Originals JR0893,1847,4.9,4,momo購物網,0.88,1847,0%,83.8,momo 搜尋頁售價,momo 即時搜尋資料（已保存）,https://www.momoshop.com.tw/goods/GoodsDetail.jsp?i_code=14572158&Area=search&mdiv=403&oid=1_9&cid=index&kw=Adidas%2BSamba
2026-05-21,momo購物網,未標示,【adidas 愛迪達】SAMBA OG 運動休閒鞋 德訓鞋 滑板 復古 男/女 - Originals JR0913,1847,4.8,4,momo購物網,0.88,1847,0%,81.0,momo 搜尋頁售價,momo 即時搜尋資料（已保存）,https://www.momoshop.com.tw/goods/GoodsDetail.jsp?i_code=14155093&Area=search&mdiv=403&oid=1_26&cid=index&kw=Adidas%2BSamba
2026-05-21,momo購物網,女鞋,【adidas 愛迪達】運動鞋 休閒鞋 女鞋 SAMBA OG W(ID0478&JS1392&JS1391),2052,4.9,48,momo購物網,0.88,2052,0%,86.2,momo 搜尋頁售價,momo 即時搜尋資料（已保存）,https://www.momoshop.com.tw/goods/GoodsDetail.jsp?i_code=14716021&Area=search&mdiv=403&oid=1_2&cid=index&kw=Adidas%2BSamba
2026-05-21,momo購物網,未標示,【adidas 愛迪達】休閒鞋 德訓鞋 運動鞋 SAMBA OG W 男女 A-IH6628 B-IH6627 C-IH6815 精選四款,2058,5.0,6,momo購物網,0.88,2058,0%,86.6,momo 搜尋頁售價,momo 即時搜尋資料（已保存）,https://www.momoshop.com.tw/goods/GoodsDetail.jsp?i_code=14968440&Area=search&mdiv=403&oid=1_27&cid=index&kw=Adidas%2BSamba
2026-05-21,momo購物網,女鞋,【adidas 愛迪達】SAMBA OG 運動休閒鞋 德訓鞋 滑板 復古 女鞋 - Originals KI6264,2078,4.8,9,momo購物網,0.88,2078,0%,81.4,momo 搜尋頁售價,momo 即時搜尋資料（已保存）,https://www.momoshop.com.tw/goods/GoodsDetail.jsp?i_code=14242196&Area=search&mdiv=403&oid=1_15&cid=index&kw=Adidas%2BSamba
2026-05-21,momo購物網,女鞋,【adidas 愛迪達】SAMBA OG 運動休閒鞋 德訓鞋 滑板 復古 女鞋 - Originals JQ2616,2309,4.8,7,momo購物網,0.88,2309,0%,80.8,momo 搜尋頁售價,momo 即時搜尋資料（已保存）,https://www.momoshop.com.tw/goods/GoodsDetail.jsp?i_code=14414346&Area=search&mdiv=403&oid=1_11&cid=index&kw=Adidas%2BSamba
2026-05-21,momo購物網,未標示,【adidas 愛迪達】Samba OG 男女 休閒鞋 運動 經典 復古 Originals 皮革 膠底 白黑(B75806),2342,5.0,59,momo購物網,0.88,2342,0%,88.8,momo 搜尋頁售價,momo 即時搜尋資料（已保存）,https://www.momoshop.com.tw/goods/GoodsDetail.jsp?i_code=11937297&Area=search&mdiv=403&oid=1_1&cid=index&kw=Adidas%2BSamba
2026-05-21,momo購物網,未標示,【adidas 愛迪達】Samba OG 男女 休閒鞋 運動 經典 復古 Originals 皮革 膠底 黑白(B75807),2342,5.0,31,momo購物網,0.88,2342,0%,88.0,momo 搜尋頁售價,momo 即時搜尋資料（已保存）,https://www.momoshop.com.tw/goods/GoodsDetail.jsp?i_code=12820769&Area=search&mdiv=403&oid=1_16&cid=index&kw=Adidas%2BSamba
2026-05-21,momo購物網,未標示,【adidas 愛迪達】休閒鞋 運動鞋 SAMBA ADV 男女 A-HQ7541 B-JR7108 C-IH6484,2443,4.2,5,momo購物網,0.88,2443,0%,63.4,momo 搜尋頁售價,momo 即時搜尋資料（已保存）,https://www.momoshop.com.tw/goods/GoodsDetail.jsp?i_code=14902113&Area=search&mdiv=403&oid=1_13&cid=index&kw=Adidas%2BSamba
2026-05-21,momo購物網,女鞋,【adidas 愛迪達】SAMBA ADV 運動休閒鞋 德訓鞋 滑板 復古 女鞋 - Originals IH9052,2509,5.0,7,momo購物網,0.88,2509,0%,86.1,momo 搜尋頁售價,momo 即時搜尋資料（已保存）,https://www.momoshop.com.tw/goods/GoodsDetail.jsp?i_code=14708988&Area=search&mdiv=403&oid=1_23&cid=index&kw=Adidas%2BSamba
2026-05-21,momo購物網,男女通用,【adidas 愛迪達】Originals Samba OG 男鞋 女鞋 白灰黑 焦糖底 德訓鞋 復古 桑巴鞋 休閒鞋 愛迪達 B75806,2599,4.9,57,momo購物網,0.88,2599,0%,85.5,momo 搜尋頁售價,momo 即時搜尋資料（已保存）,https://www.momoshop.com.tw/goods/GoodsDetail.jsp?i_code=11892295&Area=search&mdiv=403&oid=1_12&cid=index&kw=Adidas%2BSamba
2026-05-21,momo購物網,女鞋,【adidas 愛迪達】SAMBA OG 休閒鞋 運動休閒鞋 德訓鞋 滑板 復古 女鞋 - Originals ID0478,2687,5.0,15,momo購物網,0.88,2687,0%,86.6,momo 搜尋頁售價,momo 即時搜尋資料（已保存）,https://www.momoshop.com.tw/goods/GoodsDetail.jsp?i_code=12608660&Area=search&mdiv=403&oid=1_25&cid=index&kw=Adidas%2BSamba
2026-05-21,momo購物網,女鞋,【adidas 愛迪達】SAMBA OG 運動休閒鞋 德訓鞋 滑板 復古  女鞋 - Originals JI2725,2687,5.0,5,momo購物網,0.88,2687,0%,85.4,momo 搜尋頁售價,momo 即時搜尋資料（已保存）,https://www.momoshop.com.tw/goods/GoodsDetail.jsp?i_code=13553827&Area=search&mdiv=403&oid=1_20&cid=index&kw=Adidas%2BSamba
2026-05-21,momo購物網,女鞋,【adidas 愛迪達】SAMBA OG 運動休閒鞋 滑板 德訓鞋 復古 女鞋 - Originals IH4003,2687,5.0,2,momo購物網,0.88,2687,0%,84.6,momo 搜尋頁售價,momo 即時搜尋資料（已保存）,https://www.momoshop.com.tw/goods/GoodsDetail.jsp?i_code=15015042&Area=search&mdiv=403&oid=1_18&cid=index&kw=Adidas%2BSamba
2026-05-21,momo購物網,未標示,【adidas 愛迪達】Samba Jane W 女 休閒鞋 復古 麂皮 流行 黑 瑪莉珍(KJ3970),2948,4.5,0,momo購物網,0.88,2948,0%,68.8,momo 搜尋頁售價,momo 即時搜尋資料（已保存）,https://www.momoshop.com.tw/goods/GoodsDetail.jsp?i_code=15239632&Area=search&mdiv=403&oid=1_10&cid=index&kw=Adidas%2BSamba
2026-05-21,momo購物網,女鞋,【adidas 愛迪達】SAMBA OG 運動休閒鞋 德訓鞋 滑板 復古 女鞋 - Originals JR0035,2995,5.0,28,momo購物網,0.88,2995,0%,86.9,momo 搜尋頁售價,momo 即時搜尋資料（已保存）,https://www.momoshop.com.tw/goods/GoodsDetail.jsp?i_code=13668833&Area=search&mdiv=403&oid=1_19&cid=index&kw=Adidas%2BSamba
2026-05-21,momo購物網,男女通用,【adidas 愛迪達】SAMBA OG 休閒鞋 運動休閒鞋 德訓鞋 滑板 復古 男鞋/女鞋 - Originals B75806,3490,4.9,190,momo購物網,0.88,3490,0%,85.6,momo 搜尋頁售價,momo 即時搜尋資料（已保存）,https://www.momoshop.com.tw/goods/GoodsDetail.jsp?i_code=11135766&Area=search&mdiv=403&oid=1_21&cid=index&kw=Adidas%2BSamba
2026-05-21,momo購物網,未標示,【adidas 愛迪達】【Homieee】Adidas Originals Samba Jane 瑪莉珍鞋 Adidas HP7130,3580,5.0,1,momo購物網,0.88,3580,0%,82.6,momo 搜尋頁售價,momo 即時搜尋資料（已保存）, https://www.momoshop.com.tw/TP/TP0003091/goodsDetail/TP00030910003194
2026-05-21,momo購物網,女鞋,【adidas 愛迪達】SAMBA JANE 休閒鞋 滑板 德訓鞋 瑪莉珍鞋 復古 女鞋 - Originals KJ3970,3690,5.0,7,momo購物網,0.88,3690,0%,84.2,momo 搜尋頁售價,momo 即時搜尋資料（已保存）,https://www.momoshop.com.tw/goods/GoodsDetail.jsp?i_code=15201729&Area=search&mdiv=403&oid=1_4&cid=index&kw=Adidas%2BSamba
2026-05-21,momo購物網,女鞋,【adidas 愛迪達】SAMBA JANE W 女款 休閒鞋 T字 瑪莉珍鞋 德訓鞋 咖啡色 HP7130,3690,5.0,1,momo購物網,0.88,3690,0%,82.5,momo 搜尋頁售價,momo 即時搜尋資料（已保存）, https://www.momoshop.com.tw/TP/TP0003906/goodsDetail/TP00039060003414
2026-05-21,momo購物網,女鞋,【adidas 愛迪達】KH7719 adidas originals Samba Mule 舒適貼合 無特殊功能包頭拖鞋 女款 淺米,5450,0.0,0,momo購物網,0.88,5450,0%,50.8,momo 搜尋頁售價,momo 即時搜尋資料（已保存）, https://www.momoshop.com.tw/TP/TP0009562/goodsDetail/TP00095620011767
2026-05-21,momo購物網,男鞋,【NIKE 耐吉】NIKE BASKETBALL JA3 LET ME BE 男款 李小龍 休閒 籃球鞋 莫蘭特 HF2794-702,3580,0.0,0,momo購物網,0.88,3580,0%,53.8,momo 搜尋頁售價,momo 即時搜尋資料（已保存）, https://www.momoshop.com.tw/TP/TP0001540/goodsDetail/TP00015400002716
2026-05-21,momo購物網,男鞋,FitVille JetCore Running shoes 慢跑健行鞋 男款 支撐 防滑,2500,0.0,0,momo購物網,0.88,2500,0%,55.5,momo 搜尋頁售價,momo 即時搜尋資料（已保存）, https://www.momoshop.com.tw/TP/TP0009144/goodsDetail/TP00091440000006
2026-05-21,momo購物網,男鞋,FitVille FlowCore running shoes V3 男款 慢跑健走鞋 寬楦 空間大 寬腳背,2500,0.0,0,momo購物網,0.88,2500,0%,55.5,momo 搜尋頁售價,momo 即時搜尋資料（已保存）, https://www.momoshop.com.tw/TP/TP0009144/goodsDetail/TP00091440000007
2026-05-21,momo購物網,女鞋,FitVille FlowCore running shoes V2 寬楦 跑步健走鞋 女款 舒適,2900,0.0,0,momo購物網,0.88,2900,0%,54.9,momo 搜尋頁售價,momo 即時搜尋資料（已保存）, https://www.momoshop.com.tw/TP/TP0009144/goodsDetail/TP00091440000020
2026-05-21,momo購物網,女鞋,FitVille FlowCore running shoes V5 寬楦 跑步健走鞋 女款 舒適,2900,0.0,0,momo購物網,0.88,2900,0%,54.9,momo 搜尋頁售價,momo 即時搜尋資料（已保存）, https://www.momoshop.com.tw/TP/TP0009144/goodsDetail/TP00091440000022
2026-05-21,momo購物網,女鞋,FitVille FlowCore running shoes V6 寬楦 跑步健走鞋 女款 舒適,3200,0.0,0,momo購物網,0.88,3200,0%,54.4,momo 搜尋頁售價,momo 即時搜尋資料（已保存）, https://www.momoshop.com.tw/TP/TP0009144/goodsDetail/TP00091440000023
2026-05-21,PChome,男鞋,籃球鞋 Jordan One Take 5 PF 男鞋 黑 白 忍者龜 氣墊 XDR大底 FD2336-101,1960,4.5,0,PChome 24h購物,0.9,2280,14%,70.8,PChome API 最低折扣價,PChome 即時資料（已保存）,https://24h.pchome.com.tw/prod/DXAX7S-A900J8DKP
2026-05-21,PChome,男鞋,籃球鞋 Jordan Zion 4 PF 男鞋 Mud to Marble 黑 綠 胖虎 錫安 FD0591-007,1960,4.5,0,PChome 24h購物,0.9,2280,14%,70.8,PChome API 最低折扣價,PChome 即時資料（已保存）,https://24h.pchome.com.tw/prod/DXAX7S-A900ICULQ
2026-05-21,PChome,男鞋,休閒鞋 Air Jordan 1 Low Bred 男鞋 黑 紅 AJ1 低筒 一代 553558-067,1960,4.5,0,PChome 24h購物,0.9,2280,14%,70.8,PChome API 最低折扣價,PChome 即時資料（已保存）,https://24h.pchome.com.tw/prod/DXAX69-A900I9HKC
2026-05-21,PChome,未標示,AIR JORDAN 1 LOW 男女 運動休閒鞋,2015,4.5,0,PChome 24h購物,0.9,2099,4%,70.7,PChome API 最低折扣價,PChome 即時資料（已保存）,https://24h.pchome.com.tw/prod/DXBY2L-A900IX4G2
2026-05-21,PChome,男鞋,籃球鞋 Jordan Tatum 3 PF 男鞋 Cloud 0 藍 暈染 氣墊 FZ6601-400,2046,4.5,0,PChome 24h購物,0.9,2380,14%,70.7,PChome API 最低折扣價,PChome 即時資料（已保存）,https://24h.pchome.com.tw/prod/DXAX7S-A900J0L25
2026-05-21,PChome,男鞋,休閒鞋 Air Jordan 1 Low OG 男鞋 深藍 紅 AJ1 一代 低筒 HQ2993-100,2218,4.5,0,PChome 24h購物,0.9,2580,14%,70.4,PChome API 最低折扣價,PChome 即時資料（已保存）,https://24h.pchome.com.tw/prod/DXAX69-A900I1SRO
2026-05-21,PChome,童鞋,Nike Air Jordan 12 Retro Winter Triple Black PS 黑色 高筒 喬丹 休閒鞋 運動鞋 中童鞋 BQ6850-001,2228,4.5,0,PChome 24h購物,0.9,2622,15%,70.4,PChome API 最低折扣價,PChome 即時資料（已保存）,https://24h.pchome.com.tw/prod/DXAX69-A900IUX3C
2026-05-21,PChome,男鞋,JORDAN FLIGHT COURT 男鞋 籃球鞋 米白色-IB8858141,2246,4.5,0,PChome 24h購物,0.9,2774,19%,70.4,PChome API 最低折扣價,PChome 即時資料（已保存）,https://24h.pchome.com.tw/prod/DXAX7S-A900J0I9M
2026-05-21,PChome,男鞋,休閒鞋 Air Jordan 1 Low SE 男鞋 黑綠 Black Cat Mascot AJ1 HM3690-001,2304,4.5,0,PChome 24h購物,0.9,2680,14%,70.3,PChome API 最低折扣價,PChome 即時資料（已保存）,https://24h.pchome.com.tw/prod/DXAX69-A900IW24H
2026-05-21,PChome,男鞋,籃球鞋 Jordan Luka 3 TB PF 男鞋 白 Team Bank D77 緩衝 運動鞋 FQ7455-106,2390,4.5,0,PChome 24h購物,0.9,2780,14%,70.1,PChome API 最低折扣價,PChome 即時資料（已保存）,https://24h.pchome.com.tw/prod/DXAX7S-A900IVAPU
2026-05-21,PChome,男鞋,AIR JORDAN 1 LOW 男鞋 籃球鞋 白黑 奶茶-553558153,2426,4.5,0,PChome 24h購物,0.9,2996,19%,70.1,PChome API 最低折扣價,PChome 即時資料（已保存）,https://24h.pchome.com.tw/prod/DXAX7S-A900J0I16
2026-05-21,PChome,未標示,AIR JORDAN 1 LOW SE 男 籃球鞋 灰藍-HF3148011,2426,4.5,0,PChome 24h購物,0.9,2996,19%,70.1,PChome API 最低折扣價,PChome 即時資料（已保存）,https://24h.pchome.com.tw/prod/DXAX7S-A900ID4WH
2026-05-21,PChome,女鞋,WMNS AIR JORDAN 1 LOW 女鞋 籃球鞋 黑色 奶茶色-DC0774003,2426,4.5,0,PChome 24h購物,0.9,2996,19%,70.1,PChome API 最低折扣價,PChome 即時資料（已保存）,https://24h.pchome.com.tw/prod/DXAX7S-A900IUWJ2
2026-05-21,PChome,男女通用,休閒鞋 W Air Jordan 4 RM 男鞋 女鞋 白 銀 喬丹 AJ4  HQ3441-111,2476,4.5,0,PChome 24h購物,0.9,2880,14%,70.0,PChome API 最低折扣價,PChome 即時資料（已保存）,https://24h.pchome.com.tw/prod/DXAX69-A900IXYAY
2026-05-21,PChome,未標示,JORDAN TATUM 3 PF 男 籃球鞋 塔圖姆 綠黑-HV5912300,2517,4.5,0,PChome 24h購物,0.9,3108,19%,69.9,PChome API 最低折扣價,PChome 即時資料（已保存）,https://24h.pchome.com.tw/prod/DXAX7S-A900ID4ZG
2026-05-21,PChome,女鞋,Air Jordan 1 Low 灰白 煙灰 小DIOR 男女款 百搭 女鞋 休閒鞋 DC0774-105,2545,4.5,0,PChome 24h購物,0.9,2995,15%,69.9,PChome API 最低折扣價,PChome 即時資料（已保存）,https://24h.pchome.com.tw/prod/DXAX2J-A900GI4NJ
2026-05-21,PChome,童鞋,Air Jordan 1 High OG Midnight Navy GS 午夜藍 休閒鞋 大童鞋 FD1437-401,2556,4.5,0,PChome 24h購物,0.9,3008,15%,69.9,PChome API 最低折扣價,PChome 即時資料（已保存）,https://24h.pchome.com.tw/prod/DXAX2C-A900HTITL
2026-05-21,PChome,女鞋,休閒鞋 Wmns Air Jordan 1 Low 1代 女鞋 小Dior 喬丹 AJ1 果凍底 白 灰 DC0774-105,2579,4.5,0,PChome 24h購物,0.9,2999,14%,69.8,PChome API 最低折扣價,PChome 即時資料（已保存）,https://24h.pchome.com.tw/prod/DXAX69-A900HIAUP
2026-05-21,PChome,童鞋,Travis Scott x Jordan Jumpman Jack TR Bright Cactus TD 亮色仙人掌	聯名款 倒鉤 小童鞋 FJ2852-102,2642,4.5,0,PChome 24h購物,0.9,3109,15%,69.7,PChome API 最低折扣價,PChome 即時資料（已保存）,https://24h.pchome.com.tw/prod/DXAX69-A900IP172
2026-05-21,PChome,男鞋,休閒鞋 Air Jordan 23 Retro 男鞋 白 銀 Mid-Autumn Festival FV3621-140,2734,4.5,0,PChome 24h購物,0.9,3180,14%,69.6,PChome API 最低折扣價,PChome 即時資料（已保存）,https://24h.pchome.com.tw/prod/DXAX69-A900J9WXJ
2026-05-21,PChome,女鞋,WMNS AIR JORDAN 1 LOW 女鞋 籃球鞋 喬丹 黑白 熊貓-DC0774101,2742,4.5,0,PChome 24h購物,0.9,3386,19%,69.6,PChome API 最低折扣價,PChome 即時資料（已保存）,https://24h.pchome.com.tw/prod/DXAX7S-A900I5DP1
2026-05-21,PChome,女鞋,休閒鞋 W Air Jordan 6 Retro 男女鞋 Pearl 灰 金 喬丹 AJ6 巴黎奧運 DQ4914-074,2820,4.5,0,PChome 24h購物,0.9,3280,14%,69.4,PChome API 最低折扣價,PChome 即時資料（已保存）,https://24h.pchome.com.tw/prod/DXAX69-A900JB1K1
2026-05-21,PChome,童鞋,Air Jordan 11 Low Bred 2025 黑白紅 GS 復刻 經典 低筒 女鞋 大童鞋 FV5121-006,2837,4.5,0,PChome 24h購物,0.9,3338,15%,69.4,PChome API 最低折扣價,PChome 即時資料（已保存）,https://24h.pchome.com.tw/prod/DXAX69-A900IOKCR
2026-05-21,PChome,童鞋,Air Jordan 1 Retro High OG Self Expression 刮刮樂 全黑 大童鞋 GS FD1437-002,2934,4.5,0,PChome 24h購物,0.9,3452,15%,69.2,PChome API 最低折扣價,PChome 即時資料（已保存）,https://24h.pchome.com.tw/prod/DXAX69-A900J4KZU
2026-05-21,PChome,男鞋,籃球鞋 Air Jordan 39 XXXIX PF 男鞋 Noir 黑豹 黑 果凍底 HF0371-001,3488,4.5,0,PChome 24h購物,0.9,3488,0%,68.3,搜尋頁價格,PChome 即時資料（已保存）,https://24h.pchome.com.tw/prod/DXAX7S-A900J873L
2026-05-21,PChome,未標示,AIR JORDAN 1 MID SE 男 籃球鞋 黑 白 棕紅-HF3216102,3553,4.5,0,PChome 24h購物,0.9,3553,0%,68.2,搜尋頁價格,PChome 即時資料（已保存）,https://24h.pchome.com.tw/prod/DXAX7S-A900ID4YM
2026-05-21,PChome,女鞋,W Nike Jordan 4 Retro 薄荷綠 AJ4 喬丹 休閒鞋 女鞋 HV0823-003,3558,4.5,0,PChome 24h購物,0.9,3558,0%,68.2,搜尋頁價格,PChome 即時資料（已保存）,https://24h.pchome.com.tw/prod/DIEL09-A900IGT6A
2026-05-21,PChome,男鞋,休閒鞋 Air Jordan 1 High OG 男鞋 UNC Reimagined 藍 AJ1 DZ5485-402,3580,4.5,0,PChome 24h購物,0.9,3580,0%,68.2,搜尋頁價格,PChome 即時資料（已保存）,https://24h.pchome.com.tw/prod/DXAX69-A900J0L0M
2026-05-21,PChome,男鞋,休閒鞋 Air Jordan 4 RM 男鞋 鐵灰 黑 麂皮 復古 AJ4 FQ7939-002,3580,4.5,0,PChome 24h購物,0.9,3580,0%,68.2,搜尋頁價格,PChome 即時資料（已保存）,https://24h.pchome.com.tw/prod/DXAX69-A900IHSG2
2026-05-21,PChome,未標示,AIR JORDAN LEGACY 312 LOW 男 籃球鞋 白灰紫-CD7069108,3642,4.5,0,PChome 24h購物,0.9,3642,0%,68.1,搜尋頁價格,PChome 即時資料（已保存）,https://24h.pchome.com.tw/prod/DXAX7S-A900IHX3G
2026-05-21,PChome,童鞋,Air Jordan 5 Retro OG Grape 白葡萄 GS 經典復刻 休閒鞋 運動鞋 大童鞋 HQ7980-100,3671,4.5,0,PChome 24h購物,0.9,3671,0%,68.0,搜尋頁價格,PChome 即時資料（已保存）,https://24h.pchome.com.tw/prod/DXAX69-A900IYIOP
2026-05-21,PChome,男女通用,休閒鞋 Wmns Air Jordan 11 Retro Low 女鞋 男鞋 Igloo 蒂芬妮綠 AH7860-103,3680,4.5,0,PChome 24h購物,0.9,3680,0%,68.0,搜尋頁價格,PChome 即時資料（已保存）,https://24h.pchome.com.tw/prod/DXAX69-A900IXE2T
2026-05-21,PChome,未標示,AIR JORDAN 4 RM 男 籃球鞋 BRUCE LEE 黃黑-FQ7939007,3776,4.5,0,PChome 24h購物,0.9,3776,0%,67.9,搜尋頁價格,PChome 即時資料（已保存）,https://24h.pchome.com.tw/prod/DXAX7S-A900ID4VN
2026-05-21,PChome,未標示,JORDAN ZION 4 PF 男 籃球鞋 黑白色-FD0591100,3776,4.5,0,PChome 24h購物,0.9,3776,0%,67.9,搜尋頁價格,PChome 即時資料（已保存）,https://24h.pchome.com.tw/prod/DXAX7S-A900IHX4P
2026-05-21,PChome,男鞋,AIR JORDAN 4 RM 男鞋 籃球鞋 米白色-IB8857141,3776,4.5,0,PChome 24h購物,0.9,3776,0%,67.9,搜尋頁價格,PChome 即時資料（已保存）,https://24h.pchome.com.tw/prod/DXAX7S-A900J0I9J
2026-05-21,PChome,未標示,AIR JORDAN 4 RM PRM 男 籃球鞋 黑灰色-HV5184010,3776,4.5,0,PChome 24h購物,0.9,3776,0%,67.9,搜尋頁價格,PChome 即時資料（已保存）,https://24h.pchome.com.tw/prod/DXAX7S-A900IHXA6
2026-05-21,PChome,童鞋,AIR JORDAN 11 RETRO LOW (GS) 中大童鞋 籃球鞋 黑紅-FV5121006,3776,4.5,0,PChome 24h購物,0.9,3776,0%,67.9,搜尋頁價格,PChome 即時資料（已保存）,https://24h.pchome.com.tw/prod/DXAX7S-A900J0I5N
2026-05-21,PChome,未標示,JORDAN ZION 4 PF 男 籃球鞋 黑 藍綠-FD0591007,3776,4.5,0,PChome 24h購物,0.9,3776,0%,67.9,搜尋頁價格,PChome 即時資料（已保存）,https://24h.pchome.com.tw/prod/DXAX7S-A900IHX4G
2026-05-21,PChome,童鞋,AIR JORDAN 13 RETRO GS 童鞋 大童 女鞋 籃球鞋 白綠色 喬丹 13代-HQ0780103,3776,4.5,0,PChome 24h購物,0.9,3776,0%,67.9,搜尋頁價格,PChome 即時資料（已保存）,https://24h.pchome.com.tw/prod/DXAX7S-A900IK5OT
2026-05-21,PChome,未標示,AIR JORDAN 4 RM 男 籃球鞋 FQ7939061,3776,4.5,0,PChome 24h購物,0.9,3776,0%,67.9,搜尋頁價格,PChome 即時資料（已保存）,https://24h.pchome.com.tw/prod/DXAX7S-A900J5RBB
2026-05-21,PChome,童鞋,Nike Air Jordan 4 Retro White Cement GS 白水泥 2025經典回歸 女鞋 休閒鞋 大童鞋 IB4171-100,3852,4.5,0,PChome 24h購物,0.9,3852,0%,67.8,搜尋頁價格,PChome 即時資料（已保存）,https://24h.pchome.com.tw/prod/DXAX69-A900IUHWH
2026-05-21,PChome,男鞋,Jordan 1 Retro High OG UNC Reimagined 北卡藍 高筒 男鞋 DZ5485-402,4021,4.5,0,PChome 24h購物,0.9,4021,0%,67.5,搜尋頁價格,PChome 即時資料（已保存）,https://24h.pchome.com.tw/prod/DXAX69-A900ISDJ6
2026-05-21,PChome,童鞋,Air Jordan 11 Retro Legend Blue 傳奇藍 GS 緩震 籃球鞋 運動鞋 大童鞋 378038-104,4118,4.5,0,PChome 24h購物,0.9,4118,0%,67.3,搜尋頁價格,PChome 即時資料（已保存）,https://24h.pchome.com.tw/prod/DXAX7S-A900I6A3C
2026-05-21,PChome,未標示,JORDAN SPIZIKE LOW SE 男 籃球鞋 IM7425004,4211,4.5,0,PChome 24h購物,0.9,4211,0%,67.2,搜尋頁價格,PChome 即時資料（已保存）,https://24h.pchome.com.tw/prod/DXAX7S-A900J54HA
2026-05-21,PChome,未標示,AIR JORDAN 1 RETRO LOW NS 男 籃球鞋 848775005,4222,4.5,0,PChome 24h購物,0.9,4222,0%,67.2,搜尋頁價格,PChome 即時資料（已保存）,https://24h.pchome.com.tw/prod/DXAX7S-A900J559Y
2026-05-21,PChome,男鞋,Air Jordan XXXVIII Low PF 籃球鞋 白黑紅 緩震 低筒 環保 運動鞋 男鞋 FD2325-101,4233,4.5,0,PChome 24h購物,0.9,4233,0%,67.1,搜尋頁價格,PChome 即時資料（已保存）,https://24h.pchome.com.tw/prod/DXAX7S-A900I9YNX
2026-05-21,PChome,男鞋,Awake Ny × Jordan Air Ship SP Game Royal 皇家藍 聯名 休閒鞋 男鞋 FN8675-104,4233,4.5,0,PChome 24h購物,0.9,4233,0%,67.1,搜尋頁價格,PChome 即時資料（已保存）,https://24h.pchome.com.tw/prod/DXAX69-A900I86JP
2026-05-21,PChome,男鞋,休閒鞋 Air Jordan 1 Retro High OG 男鞋 橘 黑 喬丹 灌碎 扣碎 AJ1 DZ5485-008,4280,4.5,0,PChome 24h購物,0.9,4280,0%,67.1,搜尋頁價格,PChome 即時資料（已保存）,https://24h.pchome.com.tw/prod/DXAX69-A900J2RRN
2026-05-21,PChome,男鞋,高爾夫球鞋 Air Jordan 1 High Golf 男鞋 防水 黃 黑 Pollen 休閒鞋 DQ0660-700,4410,4.5,0,PChome 24h購物,0.9,4410,0%,66.8,搜尋頁價格,PChome 即時資料（已保存）,https://24h.pchome.com.tw/prod/DXAX2B-A900J1R65
2026-05-21,PChome,未標示,Air Jordan 1 Retro High OG Heirloom 傳家寶 高筒 休閒鞋 555088-202,4444,4.5,0,PChome 24h購物,0.9,4444,0%,66.8,搜尋頁價格,PChome 即時資料（已保存）,https://24h.pchome.com.tw/prod/DXAX2I-A900FXRX2
2026-05-21,PChome,男鞋,AIR JORDAN 1 RETRO HIGH OG 男鞋 籃球鞋 北卡藍 白藍色-DZ5485402,4890,4.5,0,PChome 24h購物,0.9,4890,0%,66.1,搜尋頁價格,PChome 即時資料（已保存）,https://24h.pchome.com.tw/prod/DXAX7S-A900IUZI0
2026-05-21,PChome,未標示,AIR JORDAN 1 RETRO HIGH OG 男 籃球鞋 DZ5485002,4890,4.5,0,PChome 24h購物,0.9,4890,0%,66.1,搜尋頁價格,PChome 即時資料（已保存）,https://24h.pchome.com.tw/prod/DXAX7S-A900J5MVH
2026-05-21,PChome,女鞋,WMNS AIR JORDAN 1 RETRO HI OG 女鞋 籃球鞋 白黑紅-FD2596602,4890,4.5,0,PChome 24h購物,0.9,4890,0%,66.1,搜尋頁價格,PChome 即時資料（已保存）,https://24h.pchome.com.tw/prod/DXAX7S-A900J0I40
2026-05-21,PChome,女鞋,WMNS AIR JORDAN 5 RETRO CNY 女 籃球鞋 米白-HF3183001,5224,4.5,0,PChome 24h購物,0.9,5224,0%,65.5,搜尋頁價格,PChome 即時資料（已保存）,https://24h.pchome.com.tw/prod/DXAX7S-A900ICTZT
2026-05-21,PChome,女鞋,W Nike Air Jordan 4 Aluminum 紫白 皮革 休閒鞋 女鞋 HV0823-100,5471,4.5,0,PChome 24h購物,0.9,5471,0%,65.1,搜尋頁價格,PChome 即時資料（已保存）,https://24h.pchome.com.tw/prod/DXAX69-A900IR113
2026-05-21,PChome,女鞋,休閒鞋 女鞋 喬丹 Air Jordan 12 whit Maniere 白 酒紅(DV6989-100),5760,4.5,0,PChome 24h購物,0.9,5760,0%,64.7,搜尋頁價格,PChome 即時資料（已保存）,https://24h.pchome.com.tw/prod/DXAX69-A900IQROV
2026-05-21,PChome,男鞋,A Ma Maniére X Air Jordan 3 OG Diffused Blue 漫射藍 AJ3 皮革 麂皮 男鞋 HV8571-100,5920,4.5,0,PChome 24h購物,0.9,5920,0%,64.4,搜尋頁價格,PChome 即時資料（已保存）,https://24h.pchome.com.tw/prod/DXAX69-A900IKMO4
2026-05-21,PChome,男鞋,Air Jordan 3 Retro Rare Air 黑藍 稀有Air 麂皮 休閒 男鞋 IB8967-004,5930,4.5,0,PChome 24h購物,0.9,5930,0%,64.4,搜尋頁價格,PChome 即時資料（已保存）,https://24h.pchome.com.tw/prod/DXAX69-A900IKMZ6
2026-05-21,PChome,未標示,"Air Jordan 11 Low ""Bred"" 黑 紅 喬丹 低筒 11代 休閒鞋 籃球鞋 FV5104-006",5999,4.5,0,PChome 24h購物,0.9,5999,0%,64.3,搜尋頁價格,PChome 即時資料（已保存）,https://24h.pchome.com.tw/prod/DXAX69-A900J0ZN1
2026-05-21,PChome,男鞋,Air Jordan 5 Retro OG Grape 白葡萄 經典復刻 休閒鞋 運動鞋 男鞋 HQ7978-100,6582,4.5,0,PChome 24h購物,0.9,6582,0%,63.3,搜尋頁價格,PChome 即時資料（已保存）,https://24h.pchome.com.tw/prod/DXAX69-A900IYIO3
2026-05-21,PChome,男鞋,Air Jordan XXXIX GUO PF 籃球鞋 白湖水綠 緩震 舒適 運動鞋 男鞋 HF0369-103,6596,4.5,0,PChome 24h購物,0.9,6596,0%,63.3,搜尋頁價格,PChome 即時資料（已保存）,https://24h.pchome.com.tw/prod/DXAX7S-A900I1B97
2026-05-21,PChome,男鞋,Nike Air Jordan 11 Retro Low Bred 黑紅 亮面 低筒 休閒鞋 男鞋 528895-012,6846,4.5,0,PChome 24h購物,0.9,6846,0%,62.9,搜尋頁價格,PChome 即時資料（已保存）,https://24h.pchome.com.tw/prod/DXAX69-A900IUWYD
2026-05-21,PChome,男鞋,Nike Air Jordan 40 Dusty Rose 玫瑰粉 男鞋 HM9932-600,7056,4.5,0,PChome 24h購物,0.9,7056,0%,62.6,搜尋頁價格,PChome 即時資料（已保存）,https://24h.pchome.com.tw/prod/DXAXC4-A900JA03G
2026-05-21,PChome,未標示,Air Jordan 8 Retro 2025 Aqua 藍紫黑 籃球鞋 復刻 305381-006,7605,4.5,0,PChome 24h購物,0.9,7605,0%,61.7,搜尋頁價格,PChome 即時資料（已保存）,https://24h.pchome.com.tw/prod/DXAX69-A900J1BYN
2026-05-21,PChome,未標示,Air Jordan 2 Retro Chicago 男 白 OG 芝加哥 運動 休閒鞋 DX2454-106,7880,4.5,0,PChome 24h購物,0.9,7880,0%,61.2,搜尋頁價格,PChome 即時資料（已保存）,https://24h.pchome.com.tw/prod/DXAX2A-A900GAAH2
2026-05-21,PChome,男鞋,"Air Jordan 4 ""White Cement"" 白水泥 白 灰 黑 四代 喬丹 復刻 休閒鞋 籃球鞋 AJ4 FV5029-100",7999,4.5,0,PChome 24h購物,0.9,7999,0%,61.0,搜尋頁價格,PChome 即時資料（已保存）,https://24h.pchome.com.tw/prod/DXAX69-A900IZHKQ
2026-05-21,PChome,男鞋,Nike Jordan 4 Retro SB Navy 海軍藍 聯名款 滑板鞋 休閒鞋 男鞋 DR5415-100,9520,4.5,0,PChome 24h購物,0.9,9520,0%,58.6,搜尋頁價格,PChome 即時資料（已保存）,https://24h.pchome.com.tw/prod/DXAX69-A900IK67Y
2026-05-21,PChome,未標示,Jordan 1 Retro High 85 男 黑白 熊貓 喬丹 復刻 休閒鞋 BQ4422-001,9800,4.5,0,PChome 24h購物,0.9,9800,0%,58.1,搜尋頁價格,PChome 即時資料（已保存）,https://24h.pchome.com.tw/prod/DXAX2B-A900GJ4EQ
2026-05-21,PChome,未標示,Air Jordan 4 x Undefeated Retro OG SP Deep Green 2025 墨綠色 籃球鞋 IB1519-200,11705,4.5,0,PChome 24h購物,0.9,11705,0%,55.0,搜尋頁價格,PChome 即時資料（已保存）,https://24h.pchome.com.tw/prod/DXAX69-A900J47NL
2026-05-21,momo購物網,男鞋,【NIKE 耐吉】運動鞋 Slipper 拖鞋 涼鞋 男鞋 JORDAN FRANCHISE SLIDE SH 喬丹 防水 抓地力 黑(HQ2163001),715,4.9,14,momo購物網,0.88,715,0%,86.9,momo 搜尋頁售價,momo 即時搜尋資料（已保存）,https://www.momoshop.com.tw/goods/GoodsDetail.jsp?i_code=14312550&Area=search&mdiv=403&oid=1_12&cid=index&kw=Jordan
2026-05-21,momo購物網,童鞋,【NIKE 耐吉】休閒鞋 慢跑鞋 運動鞋 JORDAN COURT CONNECT LOW GS 男女/大童 A-IQ6016100 精選五款,1315,3.3,1,momo購物網,0.88,1315,0%,58.3,momo 搜尋頁售價,momo 即時搜尋資料（已保存）,https://www.momoshop.com.tw/goods/GoodsDetail.jsp?i_code=15158368&Area=search&mdiv=403&oid=1_8&cid=index&kw=Jordan
2026-05-21,momo購物網,男鞋,【NIKE 耐吉】運動鞋 籃球鞋 男鞋 JORDAN TRUNNER FLOW 緩震 舒適 耐穿 黑 (IO2091004),1652,5.0,1,momo購物網,0.88,1652,0%,85.8,momo 搜尋頁售價,momo 即時搜尋資料（已保存）,https://www.momoshop.com.tw/goods/GoodsDetail.jsp?i_code=15051099&Area=search&mdiv=403&oid=1_21&cid=index&kw=Jordan
2026-05-21,momo購物網,未標示,【NIKE 耐吉】籃球鞋 運動鞋_男_JORDAN ONE TAKE 5 PF_白色(FD2336104),1812,4.7,10,momo購物網,0.88,1812,0%,79.2,momo 搜尋頁售價,momo 即時搜尋資料（已保存）,https://www.momoshop.com.tw/goods/GoodsDetail.jsp?i_code=14685369&Area=search&mdiv=403&oid=1_20&cid=index&kw=Jordan
2026-05-21,momo購物網,未標示,【NIKE 耐吉】籃球鞋 運動鞋_男_JORDAN LUKA 3 PF_藍色 (FQ1285400),1824,4.9,29,momo購物網,0.88,1824,0%,86.0,momo 搜尋頁售價,momo 即時搜尋資料（已保存）,https://www.momoshop.com.tw/goods/GoodsDetail.jsp?i_code=14995283&Area=search&mdiv=403&oid=1_17&cid=index&kw=Jordan
2026-05-21,momo購物網,男鞋,【NIKE 耐吉】JORDAN LUKA .77 PF 男鞋 籃球鞋 運動鞋 喬丹 紫(HF0819500),1836,4.8,7,momo購物網,0.88,1836,0%,81.6,momo 搜尋頁售價,momo 即時搜尋資料（已保存）,https://www.momoshop.com.tw/goods/GoodsDetail.jsp?i_code=14572146&Area=search&mdiv=403&oid=1_10&cid=index&kw=Jordan
2026-05-21,momo購物網,男鞋,【NIKE 耐吉】運動鞋 籃球鞋 JORDAN LUKA 77 PF 男鞋 抓地力 室內鞋 多色 多款(IF1611-001&),1999,5.0,21,momo購物網,0.88,1999,0%,88.1,momo 搜尋頁售價,momo 即時搜尋資料（已保存）,https://www.momoshop.com.tw/goods/GoodsDetail.jsp?i_code=15155034&Area=search&mdiv=403&oid=1_4&cid=index&kw=Jordan
2026-05-21,momo購物網,男鞋,【NIKE 耐吉】籃球鞋 運動鞋 AIR JORDAN 1 LOW 男款 黑(553558040),1999,5.0,21,momo購物網,0.88,1999,0%,88.1,momo 搜尋頁售價,momo 即時搜尋資料（已保存）,https://www.momoshop.com.tw/goods/GoodsDetail.jsp?i_code=11242241&Area=search&mdiv=403&oid=1_9&cid=index&kw=Jordan
2026-05-21,momo購物網,男鞋,【NIKE 耐吉】運動鞋 休閒鞋 喬丹 低筒 AIR JORDAN 1 LOW 男鞋 藍白黑紅 AJ1 低 多款(553558-040&),2099,4.9,285,momo購物網,0.88,2099,0%,88.3,momo 搜尋頁售價,momo 即時搜尋資料（已保存）,https://www.momoshop.com.tw/goods/GoodsDetail.jsp?i_code=13831720&Area=search&mdiv=403&oid=1_2&cid=index&kw=Jordan
2026-05-21,momo購物網,男鞋,【NIKE 耐吉】運動鞋 休閒鞋 喬丹 低筒 AIR JORDAN 1 LOW 男鞋 藍白黑紅 AJ1 低筒 多款(FN5214-141&),2099,4.8,427,momo購物網,0.88,2099,0%,86.0,momo 搜尋頁售價,momo 即時搜尋資料（已保存）,https://www.momoshop.com.tw/goods/GoodsDetail.jsp?i_code=11984036&Area=search&mdiv=403&oid=1_6&cid=index&kw=Jordan
2026-05-21,momo購物網,男鞋,【NIKE 耐吉】運動鞋 籃球鞋 JORDAN TATUM 4 PF 男鞋 喬丹 NBA 氣墊 實戰 塔圖姆 多款(HQ4613-001&),2199,4.9,14,momo購物網,0.88,2199,0%,84.5,momo 搜尋頁售價,momo 即時搜尋資料（已保存）,https://www.momoshop.com.tw/goods/GoodsDetail.jsp?i_code=14863031&Area=search&mdiv=403&oid=1_1&cid=index&kw=Jordan
2026-05-21,momo購物網,男鞋,【NIKE 耐吉】運動鞋 休閒鞋 情侶鞋 AIR FORCE 1/JORDAN 1/DUNK 男鞋 AF1 AJ1 復古 黑白 多款(IR7011-121&),2299,5.0,5,momo購物網,0.88,2299,0%,86.1,momo 搜尋頁售價,momo 即時搜尋資料（已保存）,https://www.momoshop.com.tw/goods/GoodsDetail.jsp?i_code=15155029&Area=search&mdiv=403&oid=1_19&cid=index&kw=Jordan
2026-05-21,momo購物網,男鞋,【NIKE 耐吉】AIR JORDAN 1 RETRO LOW OG 男鞋 休閒鞋 運動鞋 小閃電 皇家藍(CZ0790140),2421,4.9,8,momo購物網,0.88,2421,0%,83.6,momo 搜尋頁售價,momo 即時搜尋資料（已保存）,https://www.momoshop.com.tw/goods/GoodsDetail.jsp?i_code=14284795&Area=search&mdiv=403&oid=1_23&cid=index&kw=Jordan
2026-05-21,momo購物網,男鞋,【NIKE 耐吉】運動鞋 籃球鞋 男鞋 JORDAN TATUM 4 PF 氣墊 緩震 白色 (HQ4613102),2565,4.8,6,momo購物網,0.88,2565,0%,80.2,momo 搜尋頁售價,momo 即時搜尋資料（已保存）,https://www.momoshop.com.tw/goods/GoodsDetail.jsp?i_code=15144845&Area=search&mdiv=403&oid=1_5&cid=index&kw=Jordan
2026-05-21,momo購物網,男鞋,【NIKE 耐吉】運動鞋 籃球鞋 JORDAN LUKA 5 PF 男鞋 喬丹 NBA 氣墊 實戰 多款(HV8087-002&),2699,4.9,3,momo購物網,0.88,2699,0%,82.1,momo 搜尋頁售價,momo 即時搜尋資料（已保存）,https://www.momoshop.com.tw/goods/GoodsDetail.jsp?i_code=15033176&Area=search&mdiv=403&oid=1_7&cid=index&kw=Jordan
2026-05-21,momo購物網,男鞋,【NIKE 耐吉】運動鞋 籃球鞋 男鞋 AIR JORDAN 1 MID 喬丹 AJ1 紅頭 白紅色(DQ8426105),2788,4.8,10,momo購物網,0.88,2788,0%,80.4,momo 搜尋頁售價,momo 即時搜尋資料（已保存）,https://www.momoshop.com.tw/goods/GoodsDetail.jsp?i_code=14681315&Area=search&mdiv=403&oid=1_13&cid=index&kw=Jordan
2026-05-21,momo購物網,男鞋,【NIKE 耐吉】籃球鞋 Air Jordan 39 XXXIX PF 男鞋 No Alteration 米白 氣墊(FQ0214-104),3312,5.0,3,momo購物網,0.88,3312,0%,83.9,momo 搜尋頁售價,momo 即時搜尋資料（已保存）,https://www.momoshop.com.tw/goods/GoodsDetail.jsp?i_code=14431223&Area=search&mdiv=403&oid=1_24&cid=index&kw=Jordan
2026-05-21,momo購物網,男鞋,【NIKE 耐吉】AIR JORDAN 3 RETRO OG 男鞋 籃球鞋 運動鞋 喬丹 AJ3 麂皮 黑藍(IB8967004),3420,4.8,12,momo購物網,0.88,3420,0%,79.6,momo 搜尋頁售價,momo 即時搜尋資料（已保存）,https://www.momoshop.com.tw/goods/GoodsDetail.jsp?i_code=14921196&Area=search&mdiv=403&oid=1_11&cid=index&kw=Jordan
2026-05-21,momo購物網,男女通用,【NIKE 耐吉】穆勒鞋 Air Jordan 1 Mule Golf 男鞋 女鞋 限量 經典 高爾夫 FJ1214-004 FJ1214-101,3511,4.5,0,momo購物網,0.88,3511,0%,67.9,momo 搜尋頁售價,momo 即時搜尋資料（已保存）,https://www.momoshop.com.tw/goods/GoodsDetail.jsp?i_code=15242858&Area=search&mdiv=403&oid=1_14&cid=index&kw=Jordan
2026-05-21,momo購物網,男鞋,【NIKE 耐吉】運動鞋 籃球鞋 男鞋 AIR JORDAN 9 RETRO 喬丹 高筒 抓地力 復刻 灰(HV4794100),3974,4.8,19,momo購物網,0.88,3974,0%,79.2,momo 搜尋頁售價,momo 即時搜尋資料（已保存）,https://www.momoshop.com.tw/goods/GoodsDetail.jsp?i_code=14930204&Area=search&mdiv=403&oid=1_3&cid=index&kw=Jordan
2026-05-21,momo購物網,男鞋,【NIKE 耐吉】Nike Air Jordan 1 Low OG Banned 黑紅 禁穿 男鞋 IW6276-001,4280,0.0,0,momo購物網,0.88,4280,0%,52.7,momo 搜尋頁售價,momo 即時搜尋資料（已保存）, https://www.momoshop.com.tw/TP/TP0000668/goodsDetail/TP00006680001921
2026-05-21,momo購物網,未標示,"【NIKE 耐吉】Air Jordan 1 Low OG ""Banned"" Black"" 休閒鞋 黑紅 IW6276-001 禁穿",4449,0.0,0,momo購物網,0.88,4449,0%,52.4,momo 搜尋頁售價,momo 即時搜尋資料（已保存）, https://www.momoshop.com.tw/TP/TP0003634/goodsDetail/TP00036340001445
2026-05-21,momo購物網,未標示,【Jordan】HQ6998-600 Jordan Air Jordan 1 RETRO LOW OG Chicago 舒適百搭 低幫 復古籃球鞋 男女同款 紅白黑,4600,0.0,0,momo購物網,0.88,4600,0%,52.1,momo 搜尋頁售價,momo 即時搜尋資料（已保存）, https://www.momoshop.com.tw/TP/TP0009562/goodsDetail/TP00095620009140
2026-05-21,momo購物網,男鞋,【NIKE 耐吉】Air Jordan 11 Low University Blue 北卡藍 白藍 復古籃球鞋 男鞋 FV5104-100,4619,4.5,0,momo購物網,0.88,4619,0%,66.1,momo 搜尋頁售價,momo 即時搜尋資料（已保存）,https://www.momoshop.com.tw/goods/GoodsDetail.jsp?i_code=15252365&Area=search&mdiv=403&oid=1_16&cid=index&kw=Jordan
2026-05-21,momo購物網,男鞋,【NIKE 耐吉】AIR JORDAN 11 RETRO RA 男鞋 籃球鞋 運動鞋 AJ11 喬丹 米藍(IH0296400),4788,4.8,8,momo購物網,0.88,4788,0%,76.9,momo 搜尋頁售價,momo 即時搜尋資料（已保存）,https://www.momoshop.com.tw/goods/GoodsDetail.jsp?i_code=14583949&Area=search&mdiv=403&oid=1_15&cid=index&kw=Jordan
2026-05-21,momo購物網,男鞋,【NIKE 耐吉】休閒鞋 Air Jordan 11 Retro Low 男鞋 北卡藍 AJ11 FV5104-100,4921,5.0,2,momo購物網,0.88,4921,0%,81.0,momo 搜尋頁售價,momo 即時搜尋資料（已保存）,https://www.momoshop.com.tw/goods/GoodsDetail.jsp?i_code=15204170&Area=search&mdiv=403&oid=1_22&cid=index&kw=Jordan
2026-05-21,momo購物網,男鞋,【NIKE 耐吉】Nike Air Jordan 8 Retro 白紅 兔巴哥 緩震 運動鞋 男鞋 305381-100,5580,4.5,2,momo購物網,0.88,5580,0%,65.9,momo 搜尋頁售價,momo 即時搜尋資料（已保存）, https://www.momoshop.com.tw/TP/TP0000668/goodsDetail/TP00006680001868
2026-05-21,momo購物網,男鞋,【NIKE 耐吉】Air Jordan 13 Retro 2026 OG 白紅黑 黑豹 芝加哥 運動鞋 男鞋 414571-102,5599,5.0,3,momo購物網,0.88,5599,0%,80.2,momo 搜尋頁售價,momo 即時搜尋資料（已保存）, https://www.momoshop.com.tw/TP/TP0000668/goodsDetail/TP00006680001887
2026-05-21,momo購物網,男鞋,【NIKE 耐吉】Air Jordan 13 Retro 2026 OG 白紅黑 黑豹 芝加哥 運動鞋 男鞋 414571-102,5685,5.0,17,momo購物網,0.88,5685,0%,81.9,momo 搜尋頁售價,momo 即時搜尋資料（已保存）,https://www.momoshop.com.tw/goods/GoodsDetail.jsp?i_code=15030926&Area=search&mdiv=403&oid=1_18&cid=index&kw=Jordan
2026-05-21,momo購物網,男鞋,【Jordan】CT8013-117 Jordan Air Jordan 12 Retro Taxi 舒適 回彈 高幫 復古籃球鞋 男款 白黑,6750,0.0,0,momo購物網,0.88,6750,0%,48.7,momo 搜尋頁售價,momo 即時搜尋資料（已保存）, https://www.momoshop.com.tw/TP/TP0009562/goodsDetail/TP00095620010080
2026-05-21,PChome,女鞋,W Nike Air Jordan 1 Low SE Wave 卡其藍勾 AJ1 低筒 經典 休閒鞋 女鞋 HF4983-252,1881,4.5,0,PChome 24h購物,0.9,2214,15%,70.9,PChome API 最低折扣價,PChome 即時資料（已保存）（已保存）（已保存）,https://24h.pchome.com.tw/prod/DXAX69-A900IR0U4
2026-05-21,PChome,女鞋,W Air Jordan 1 Low Black Guava Ice 奶茶粉 舒適 低筒 休閒鞋 女鞋 DC0774-003,1881,4.5,0,PChome 24h購物,0.9,2214,15%,70.9,PChome API 最低折扣價,PChome 即時資料（已保存）（已保存）（已保存）,https://24h.pchome.com.tw/prod/DXAX69-A900IDIW0
2026-05-21,PChome,童鞋,AIR JORDAN 1 LOW (GS) 中大童 籃球鞋 553560044,1883,4.5,0,PChome 24h購物,0.9,2325,19%,70.9,PChome API 最低折扣價,PChome 即時資料（已保存）（已保存）（已保存）,https://24h.pchome.com.tw/prod/DXAX7T-A900J55A8
2026-05-21,PChome,女鞋,W Air Jordan 1 Low SE Legend Coffee 咖啡棕 低筒 休閒鞋 女鞋 FJ3453-200,1898,4.5,0,PChome 24h購物,0.9,2233,15%,70.9,PChome API 最低折扣價,PChome 即時資料（已保存）（已保存）（已保存）,https://24h.pchome.com.tw/prod/DXAX2J-A900HTJSI
2026-05-21,PChome,童鞋,JORDAN 1 RETRO HIGH OG PS 中大童 童鞋 籃球鞋 北卡藍 白藍色-FD1412402,1900,4.5,0,PChome 24h購物,0.9,2346,19%,70.9,PChome API 最低折扣價,PChome 即時資料（已保存）（已保存）（已保存）,https://24h.pchome.com.tw/prod/DXAX7T-A900IUX8K
2026-05-21,PChome,童鞋,AIR JORDAN 1 LOW (GS) 中大童 籃球鞋 白黑 奶茶-553560153,1947,4.5,0,PChome 24h購物,0.9,2404,19%,70.8,PChome API 最低折扣價,PChome 即時資料（已保存）（已保存）（已保存）,https://24h.pchome.com.tw/prod/DXAX7T-A900J1720
2026-05-21,PChome,童鞋,AIR JORDAN 1 LOW (GS) 中大童鞋 籃球鞋 白黑 奶茶-553560153,1975,4.5,0,PChome 24h購物,0.9,2439,19%,70.8,PChome API 最低折扣價,PChome 即時資料（已保存）（已保存）（已保存）,https://24h.pchome.com.tw/prod/DXAX7S-A900J0I1B
2026-05-21,PChome,童鞋,Air Jordan 1 Low OG Game Royal 皇家藍 GS 復古 休閒鞋 大童鞋 CZ0858-140,1979,4.5,0,PChome 24h購物,0.9,2329,15%,70.8,PChome API 最低折扣價,PChome 即時資料（已保存）（已保存）（已保存）,https://24h.pchome.com.tw/prod/DXAX69-A900I8KAG
2026-05-21,PChome,男鞋,AIR JORDAN 1 LOW SE 男鞋 籃球鞋 白藍-FN5214141,1987,4.5,0,PChome 24h購物,0.9,2454,19%,70.8,PChome API 最低折扣價,PChome 即時資料（已保存）（已保存）（已保存）,https://24h.pchome.com.tw/prod/DXBY2L-A900HGWFU
2026-05-21,PChome,女鞋,【NIKE】WMNS AIR JORDAN 1 LOW 女鞋 籃球鞋 咖啡色-DC0774021,1987,4.5,0,PChome 24h購物,0.9,2454,19%,70.8,PChome API 最低折扣價,PChome 即時資料（已保存）（已保存）（已保存）,https://24h.pchome.com.tw/prod/DXBY2L-A900HPYH7
2026-05-21,PChome,女鞋,WMNS AIR JORDAN 1 LOW SE 女鞋 籃球鞋 咖啡-FJ3453200,1987,4.5,0,PChome 24h購物,0.9,2454,19%,70.8,PChome API 最低折扣價,PChome 即時資料（已保存）（已保存）（已保存）,https://24h.pchome.com.tw/prod/DXBY2M-A900HA3YB
2026-05-21,PChome,未標示,AIR JORDAN 1 LOW SE 男 籃球鞋 綠色-HF4823100,1987,4.5,0,PChome 24h購物,0.9,2454,19%,70.8,PChome API 最低折扣價,PChome 即時資料（已保存）（已保存）（已保存）,https://24h.pchome.com.tw/prod/DXBY2L-A900HLJIR
2026-05-21,PChome,未標示,Nike Air Jordan 1 Low 女 白灰 喬丹 休閒 AJ1 運動 低筒 休閒鞋 DC0774-103,2046,4.5,0,PChome 24h購物,0.9,2299,11%,70.7,PChome API 最低折扣價,PChome 即時資料（已保存）（已保存）（已保存）,https://24h.pchome.com.tw/prod/DXAX69-A900J3N29
2026-05-21,PChome,男鞋,休閒鞋 Air Jordan 1 Low 男鞋 黑 橘 扣碎 AJ1 一代 553558-081,2046,4.5,0,PChome 24h購物,0.9,2380,14%,70.7,PChome API 最低折扣價,PChome 即時資料（已保存）（已保存）（已保存）,https://24h.pchome.com.tw/prod/DXAX69-A900J1CT3
2026-05-21,PChome,童鞋,AIR JORDAN 1 MID GS 童鞋 大童 女鞋 籃球鞋 中筒 白粉-DQ8423608,2161,4.5,0,PChome 24h購物,0.9,2668,19%,70.5,PChome API 最低折扣價,PChome 即時資料（已保存）（已保存）（已保存）,https://24h.pchome.com.tw/prod/DXAX7T-A900IDABJ
2026-05-21,PChome,男鞋,休閒鞋 Air Jordan 1 Low SE 男鞋 藍 紅 Motion AJ1 低筒  HM3711-144,2218,4.5,0,PChome 24h購物,0.9,2580,14%,70.4,PChome API 最低折扣價,PChome 即時資料（已保存）（已保存）（已保存）,https://24h.pchome.com.tw/prod/DXAX69-A900JA0RW
2026-05-21,PChome,男鞋,Air Jordan 1 Low SE 漆皮 藍灰 低筒 灰調 休閒鞋 男鞋 HF3148-011,2261,4.5,0,PChome 24h購物,0.9,2661,15%,70.3,PChome API 最低折扣價,PChome 即時資料（已保存）（已保存）（已保存）,https://24h.pchome.com.tw/prod/DXAX69-A900I97CD
2026-05-21,PChome,女鞋,W Air Jordan 1 Low Sanddrift 椰奶編織 白皮革 經典 休閒鞋 女鞋 HQ3440-101,2261,4.5,0,PChome 24h購物,0.9,2661,15%,70.3,PChome API 最低折扣價,PChome 即時資料（已保存）（已保存）（已保存）,https://24h.pchome.com.tw/prod/DXAX2J-A900HXHAC
2026-05-21,PChome,童鞋,AIR JORDAN 1 MID SE GS 童鞋 大童 女鞋 籃球鞋 中筒 酒紅 黑 白-HF3193102,2275,4.5,0,PChome 24h購物,0.9,2809,19%,70.3,PChome API 最低折扣價,PChome 即時資料（已保存）（已保存）（已保存）,https://24h.pchome.com.tw/prod/DXAX7T-A900IDAE8
2026-05-21,PChome,童鞋,Nike Air Jordan 1 Low OG CNY 大童 灰 運動 AJ1 喬丹 休閒鞋 HF3207-100,2492,4.5,0,PChome 24h購物,0.9,2800,11%,70.0,PChome API 最低折扣價,PChome 即時資料（已保存）（已保存）（已保存）,https://24h.pchome.com.tw/prod/DXAX7T-A900J3MXB
2026-05-21,PChome,男鞋,休閒鞋 Air Jordan 1 Low SE 男鞋 Black Toe 黑 紅 AJ1 IB8971-106,2562,4.5,0,PChome 24h購物,0.9,2980,14%,69.8,PChome API 最低折扣價,PChome 即時資料（已保存）（已保存）（已保存）,https://24h.pchome.com.tw/prod/DXAX69-A900IOXR8
2026-05-21,PChome,男鞋,Nike Air Jordan 1 Low SE Glacier Blue 冰川藍 果凍底 休閒鞋 男鞋 HJ5999-400,2989,4.5,0,PChome 24h購物,0.9,2989,0%,69.2,搜尋頁價格,PChome 即時資料（已保存）（已保存）（已保存）,https://24h.pchome.com.tw/prod/DXAX69-A900IVEGE
2026-05-21,PChome,童鞋,Air Jordan 1 High OG GS 大童 黑腳趾 黑紅 高筒 休閒鞋 大童鞋 FD1437-106,2995,4.5,0,PChome 24h購物,0.9,2995,0%,69.1,搜尋頁價格,PChome 即時資料（已保存）（已保存）（已保存）,https://24h.pchome.com.tw/prod/DXAX69-A900IDA0R
2026-05-21,PChome,未標示,AIR JORDAN 1 LOW SE 男 籃球鞋 HQ2010005,2996,4.5,0,PChome 24h購物,0.9,2996,0%,69.1,搜尋頁價格,PChome 即時資料（已保存）（已保存）（已保存）,https://24h.pchome.com.tw/prod/DXAX7S-A900J5OS5
2026-05-21,PChome,男鞋,AIR JORDAN 1 LOW SE 男鞋 籃球鞋 白 冰川藍-HJ5999400,2996,4.5,0,PChome 24h購物,0.9,2996,0%,69.1,搜尋頁價格,PChome 即時資料（已保存）（已保存）（已保存）,https://24h.pchome.com.tw/prod/DXAX7S-A900J0I85
2026-05-21,PChome,女鞋,WMNS AIR JORDAN 1 LOW 女鞋 籃球鞋 奶茶色-DC0774203,2996,4.5,0,PChome 24h購物,0.9,2996,0%,69.1,搜尋頁價格,PChome 即時資料（已保存）（已保存）（已保存）,https://24h.pchome.com.tw/prod/DXAX7S-A900J0I36
2026-05-21,PChome,未標示,Nike Air Jordan 1 Low 553558-165 男 運動休閒鞋 AJ1 低筒 喬丹 穿搭 黑白粉,3002,4.5,0,PChome 24h購物,0.9,3002,0%,69.1,搜尋頁價格,PChome 即時資料（已保存）（已保存）（已保存）,https://24h.pchome.com.tw/prod/DXAX69-A900IW1I1
2026-05-21,PChome,童鞋,Nike Air Jordan 1 High OG 皇家深藍 GS AJ1 皮革 舒適 經典 運動鞋 休閒鞋 大童鞋 FD1437-100,3079,4.5,0,PChome 24h購物,0.9,3079,0%,69.0,搜尋頁價格,PChome 即時資料（已保存）（已保存）（已保存）,https://24h.pchome.com.tw/prod/DXAX69-A900IIQL2
2026-05-21,PChome,女鞋,WMNS AIR JORDAN 1 LOW SE CNY 女 籃球鞋 -HF4080001,3108,4.5,0,PChome 24h購物,0.9,3108,0%,69.0,搜尋頁價格,PChome 即時資料（已保存）（已保存）（已保存）,https://24h.pchome.com.tw/prod/DXAX7S-A900ICU05
2026-05-21,PChome,未標示,AIR JORDAN 1 LOW SE 男 籃球鞋 咖啡棕黃-HQ3603201,3108,4.5,0,PChome 24h購物,0.9,3108,0%,69.0,搜尋頁價格,PChome 即時資料（已保存）（已保存）（已保存）,https://24h.pchome.com.tw/prod/DXAX7S-A900ID4XO
2026-05-21,PChome,女鞋,WMNS AIR JORDAN 1 LOW SE 女 籃球鞋 玫瑰金 棕-HQ3529099,3108,4.5,0,PChome 24h購物,0.9,3108,0%,69.0,搜尋頁價格,PChome 即時資料（已保存）（已保存）（已保存）,https://24h.pchome.com.tw/prod/DXAX7S-A900ICU0A
2026-05-21,PChome,女鞋,Air Jordan 1 Low Panda 黑白熊貓 女鞋 休閒鞋 DC0774-101,3109,4.5,0,PChome 24h購物,0.9,3109,0%,69.0,搜尋頁價格,PChome 即時資料（已保存）（已保存）（已保存）,https://24h.pchome.com.tw/prod/DXAX2J-A900HGHL9
2026-05-21,PChome,未標示,AIR JORDAN 1 LOW 男 籃球鞋 IO2242101,3119,4.5,0,PChome 24h購物,0.9,3119,0%,68.9,搜尋頁價格,PChome 即時資料（已保存）（已保存）（已保存）,https://24h.pchome.com.tw/prod/DXAX7S-A900J52BR
2026-05-21,PChome,女鞋,W Air Jordan 1 Mid Diffused Blue 灰藍 高筒 休閒鞋 女鞋 BQ6472-140,3338,4.5,0,PChome 24h購物,0.9,3338,0%,68.6,搜尋頁價格,PChome 即時資料（已保存）（已保存）（已保存）,https://24h.pchome.com.tw/prod/DXAX2J-A900H14Y6
2026-05-21,PChome,女鞋,WMNS AIR JORDAN 1 MID SE 女鞋 籃球鞋 米色 綠 喬丹-HF4079003,3553,4.5,0,PChome 24h購物,0.9,3553,0%,68.2,搜尋頁價格,PChome 即時資料（已保存）（已保存）（已保存）,https://24h.pchome.com.tw/prod/DXAX7S-A900IK5OH
2026-05-21,PChome,女鞋,WMNS AIR JORDAN 1 MID 女鞋 籃球鞋 白藍-BQ6472400,3553,4.5,0,PChome 24h購物,0.9,3553,0%,68.2,搜尋頁價格,PChome 即時資料（已保存）（已保存）（已保存）,https://24h.pchome.com.tw/prod/DXAX7S-A900J0I2E
2026-05-21,PChome,未標示,W Air Jordan 1 Low 女 米白綠 AJ1 低筒 喬丹 經典 休閒鞋 DC0774-001,3580,4.5,0,PChome 24h購物,0.9,3580,0%,68.2,搜尋頁價格,PChome 即時資料（已保存）（已保存）（已保存）,https://24h.pchome.com.tw/prod/DXAX69-A900HFEE6
2026-05-21,PChome,未標示,Nike W Air Jordan 1 Low Vintage [FB9893-101] 男女 休閒鞋 復古 奶油白 黑,4000,4.5,0,PChome 24h購物,0.9,4000,0%,67.5,搜尋頁價格,PChome 即時資料（已保存）（已保存）（已保存）,https://24h.pchome.com.tw/prod/DXAX69-A900H0ETC
2026-05-21,PChome,未標示,AIR JORDAN 1 RETRO LOW NS 男 籃球鞋 872782441,4222,4.5,0,PChome 24h購物,0.9,4222,0%,67.2,搜尋頁價格,PChome 即時資料（已保存）（已保存）（已保存）,https://24h.pchome.com.tw/prod/DXAX7S-A900J94B9
2026-05-21,PChome,女鞋,W Air Jordan 1 Low Method of Make 白金 AJ1 MM 休閒鞋 女鞋 FN5032-100,4348,4.5,0,PChome 24h購物,0.9,4348,0%,66.9,搜尋頁價格,PChome 即時資料（已保存）（已保存）（已保存）,https://24h.pchome.com.tw/prod/DXAX2J-A900HRCTG
2026-05-21,PChome,女鞋,Nike Wmns Air Jordan 1 Mid SE [FJ3448-001] 男女 休閒鞋 運動 喬丹 灰,4500,4.5,0,PChome 24h購物,0.9,4500,0%,66.7,搜尋頁價格,PChome 即時資料（已保存）（已保存）（已保存）,https://24h.pchome.com.tw/prod/DXAX2E-A900I19OI
2026-05-21,PChome,男鞋,Air Jordan 1 Mid SE GC 喜慶 紅白黑 金勾 AJ1 黑白 中國風 休閒鞋 男鞋 DV0576-176,4682,4.5,0,PChome 24h購物,0.9,4682,0%,66.4,搜尋頁價格,PChome 即時資料（已保存）（已保存）（已保存）,https://24h.pchome.com.tw/prod/DXAX69-A900I9YH2
2026-05-21,PChome,男女通用,Wmns Air Jordan 1 Retro Low OG 'UNC' 女鞋 男鞋 藍 黑 白 AJ1 低筒 休閒鞋 CZ0775-104,5499,4.5,0,PChome 24h購物,0.9,5499,0%,65.1,搜尋頁價格,PChome 即時資料（已保存）（已保存）（已保存）,https://24h.pchome.com.tw/prod/DXAX2B-A900IWVUU
2026-05-21,PChome,男鞋,Air Jordan 1 Retro Low OG Year of the Dragon 龍年限定 青龍 休閒鞋 男鞋 FN3727-100,6374,4.5,0,PChome 24h購物,0.9,6374,0%,63.7,搜尋頁價格,PChome 即時資料（已保存）（已保存）（已保存）,https://24h.pchome.com.tw/prod/DXAX2I-A900H2YM5
2026-05-21,PChome,男鞋,Jordan 1 OG Dark Marina Blue 男鞋 黑色 藍色 AJ1 經典 高筒 休閒鞋 555088-404,6380,4.5,0,PChome 24h購物,0.9,6380,0%,63.7,搜尋頁價格,PChome 即時資料（已保存）（已保存）（已保存）,https://24h.pchome.com.tw/prod/DXAX2E-A900F2VE7
2026-05-21,PChome,男鞋,Air Jordan 1 男鞋 AJ1 黑色 白色 紅色 經典 高筒 籃球鞋 休閒鞋 555088-161,6480,4.5,0,PChome 24h購物,0.9,6480,0%,63.5,搜尋頁價格,PChome 即時資料（已保存）（已保存）（已保存）,https://24h.pchome.com.tw/prod/DXAX2E-A900F2VEN
2026-05-21,PChome,男女通用,"Air Jordan 1 Low Wmns ""Wolf Grey"" 女鞋 男鞋 小Dior 小迪奧 灰 白 休閒鞋DC0774-105",7380,4.5,0,PChome 24h購物,0.9,7380,0%,62.0,搜尋頁價格,PChome 即時資料（已保存）（已保存）（已保存）,https://24h.pchome.com.tw/prod/DXAX2B-A900IWVW6
2026-05-21,momo購物網,男鞋,【NIKE 耐吉】Air Jordan 1 Low Orca 男鞋 休閒鞋 AJ1 熊貓 黑白(553558043),1985,4.8,5,momo購物網,0.88,1985,0%,81.0,momo 搜尋頁售價,momo 即時搜尋資料（已保存）（已保存）（已保存）,https://www.momoshop.com.tw/goods/GoodsDetail.jsp?i_code=13736339&Area=search&mdiv=403&oid=1_18&cid=index&kw=Jordan%2B1
2026-05-21,momo購物網,男鞋,【NIKE 耐吉】籃球鞋 運動鞋 AIR JORDAN 1 LOW 男款 黑(553558040),1999,5.0,21,momo購物網,0.88,1999,0%,88.1,momo 搜尋頁售價,momo 即時搜尋資料（已保存）（已保存）（已保存）,https://www.momoshop.com.tw/goods/GoodsDetail.jsp?i_code=11242241&Area=search&mdiv=403&oid=1_3&cid=index&kw=Jordan%2B1
2026-05-21,momo購物網,男鞋,【NIKE 耐吉】運動鞋 休閒鞋 喬丹 低筒 AIR JORDAN 1 LOW 男鞋 藍白黑紅 AJ1 低 多款(553558-040&),2099,4.9,285,momo購物網,0.88,2099,0%,88.3,momo 搜尋頁售價,momo 即時搜尋資料（已保存）（已保存）（已保存）,https://www.momoshop.com.tw/goods/GoodsDetail.jsp?i_code=13831720&Area=search&mdiv=403&oid=1_1&cid=index&kw=Jordan%2B1
2026-05-21,momo購物網,男鞋,【NIKE 耐吉】運動鞋 休閒鞋 喬丹 低筒 AIR JORDAN 1 LOW 男鞋 藍白黑紅 AJ1 低筒 多款(FN5214-141&),2099,4.8,427,momo購物網,0.88,2099,0%,86.0,momo 搜尋頁售價,momo 即時搜尋資料（已保存）（已保存）（已保存）,https://www.momoshop.com.tw/goods/GoodsDetail.jsp?i_code=11984036&Area=search&mdiv=403&oid=1_2&cid=index&kw=Jordan%2B1
2026-05-21,momo購物網,女鞋,【NIKE 耐吉】運動鞋 休閒鞋 WMNS AIR JORDAN 1 LOW 女鞋 復古鞋 經典 小Dior 黑白灰白 多款(DC0774-122&),2099,4.9,52,momo購物網,0.88,2099,0%,86.2,momo 搜尋頁售價,momo 即時搜尋資料（已保存）（已保存）（已保存）,https://www.momoshop.com.tw/goods/GoodsDetail.jsp?i_code=14169805&Area=search&mdiv=403&oid=1_11&cid=index&kw=Jordan%2B1
2026-05-21,momo購物網,未標示,【NIKE 耐吉】AIR JORDAN 1 LOW 黑紅 喬丹 低筒 休閒鞋 穿搭 公牛配色 男(553558-067),2166,5.0,13,momo購物網,0.88,2166,0%,87.3,momo 搜尋頁售價,momo 即時搜尋資料（已保存）（已保存）（已保存）,https://www.momoshop.com.tw/goods/GoodsDetail.jsp?i_code=13658716&Area=search&mdiv=403&oid=1_10&cid=index&kw=Jordan%2B1
2026-05-21,momo購物網,男鞋,【NIKE 耐吉】Air Jordan 1 Low SE 男鞋 北卡藍色 漆皮 AJ1 喬丹 低筒 休閒鞋 FZ2138-114,2166,5.0,4,momo購物網,0.88,2166,0%,86.1,momo 搜尋頁售價,momo 即時搜尋資料（已保存）（已保存）（已保存）,https://www.momoshop.com.tw/goods/GoodsDetail.jsp?i_code=13455274&Area=search&mdiv=403&oid=1_15&cid=index&kw=Jordan%2B1
2026-05-21,momo購物網,男鞋,【NIKE 耐吉】休閒鞋 Air Jordan 1 Low Bred 男鞋 黑 紅 AJ1 低筒 一代(553558-067),2166,4.5,2,momo購物網,0.88,2166,0%,71.4,momo 搜尋頁售價,momo 即時搜尋資料（已保存）（已保存）（已保存）,https://www.momoshop.com.tw/goods/GoodsDetail.jsp?i_code=13619083&Area=search&mdiv=403&oid=1_14&cid=index&kw=Jordan%2B1
2026-05-21,momo購物網,男鞋,【NIKE 耐吉】Air Jordan 1 Mid Se 男鞋 黑白棕色 AJ1 皮革 透氣 喬丹 休閒鞋 HF3216-102,2261,4.5,0,momo購物網,0.88,2261,0%,69.9,momo 搜尋頁售價,momo 即時搜尋資料（已保存）（已保存）（已保存）,https://www.momoshop.com.tw/goods/GoodsDetail.jsp?i_code=13675299&Area=search&mdiv=403&oid=1_21&cid=index&kw=Jordan%2B1
2026-05-21,momo購物網,未標示,【NIKE 耐吉】中筒休閒鞋 復古籃球鞋_男_AIR JORDAN 1 MID SE_白色(HF3216102),2265,4.7,13,momo購物網,0.88,2265,0%,78.8,momo 搜尋頁售價,momo 即時搜尋資料（已保存）（已保存）（已保存）,https://www.momoshop.com.tw/goods/GoodsDetail.jsp?i_code=13968425&Area=search&mdiv=403&oid=1_9&cid=index&kw=Jordan%2B1
2026-05-21,momo購物網,男鞋,【NIKE 耐吉】籃球鞋 運動鞋 AIR JORDAN 1 LOW SE 男鞋 灰藍白(FZ5042041),2271,4.9,62,momo購物網,0.88,2271,0%,86.2,momo 搜尋頁售價,momo 即時搜尋資料（已保存）（已保存）（已保存）,https://www.momoshop.com.tw/goods/GoodsDetail.jsp?i_code=12594077&Area=search&mdiv=403&oid=1_16&cid=index&kw=Jordan%2B1
2026-05-21,momo購物網,男鞋,【NIKE 耐吉】休閒鞋 男鞋 運動鞋 喬丹 AIR JORDAN 1 LOW 紅黑 553558-606,2279,4.9,11,momo購物網,0.88,2279,0%,84.1,momo 搜尋頁售價,momo 即時搜尋資料（已保存）（已保存）（已保存）,https://www.momoshop.com.tw/goods/GoodsDetail.jsp?i_code=14794536&Area=search&mdiv=403&oid=1_8&cid=index&kw=Jordan%2B1
2026-05-21,momo購物網,未標示,"【NIKE 耐吉】Air Jordan 1 Low ""Legend Blue"" 休閒鞋 北卡藍 FZ2138-114 白藍 漆皮",2280,5.0,1,momo購物網,0.88,2280,0%,84.7,momo 搜尋頁售價,momo 即時搜尋資料（已保存）（已保存）（已保存）, https://www.momoshop.com.tw/TP/TP0003634/goodsDetail/TP00036340000881
2026-05-21,momo購物網,男鞋,【NIKE 耐吉】運動鞋 休閒鞋 情侶鞋 AIR FORCE 1/JORDAN 1/DUNK 男鞋 AF1 AJ1 復古 黑白 多款(IR7011-121&),2299,5.0,5,momo購物網,0.88,2299,0%,86.1,momo 搜尋頁售價,momo 即時搜尋資料（已保存）（已保存）（已保存）,https://www.momoshop.com.tw/goods/GoodsDetail.jsp?i_code=15155029&Area=search&mdiv=403&oid=1_5&cid=index&kw=Jordan%2B1
2026-05-21,momo購物網,男鞋,【NIKE 耐吉】運動鞋 籃球鞋 男鞋 AIR JORDAN 1 LOW 喬丹 緩震 氣墊 抓地 經典 AJ1 藍白 (553558400),2359,4.8,4,momo購物網,0.88,2359,0%,80.1,momo 搜尋頁售價,momo 即時搜尋資料（已保存）（已保存）（已保存）,https://www.momoshop.com.tw/goods/GoodsDetail.jsp?i_code=14960710&Area=search&mdiv=403&oid=1_22&cid=index&kw=Jordan%2B1
2026-05-21,momo購物網,男鞋,【NIKE 耐吉】AIR JORDAN 1 RETRO LOW OG 男鞋 休閒鞋 運動鞋 小閃電 皇家藍(CZ0790140),2421,4.9,8,momo購物網,0.88,2421,0%,83.6,momo 搜尋頁售價,momo 即時搜尋資料（已保存）（已保存）（已保存）,https://www.momoshop.com.tw/goods/GoodsDetail.jsp?i_code=14284795&Area=search&mdiv=403&oid=1_6&cid=index&kw=Jordan%2B1
2026-05-21,momo購物網,男鞋,【NIKE 耐吉】運動鞋 籃球鞋 男鞋 AIR JORDAN 1 LOW SE 喬丹 AJ1 麂皮 耐穿 藍 (IO7448400),2436,5.0,2,momo購物網,0.88,2436,0%,85.0,momo 搜尋頁售價,momo 即時搜尋資料（已保存）（已保存）（已保存）,https://www.momoshop.com.tw/goods/GoodsDetail.jsp?i_code=15006492&Area=search&mdiv=403&oid=1_12&cid=index&kw=Jordan%2B1
2026-05-21,momo購物網,男鞋,【NIKE 耐吉】運動鞋 籃球鞋 男鞋 AIR JORDAN 1 MID 喬丹 AJ1 紅頭 白紅色(DQ8426105),2788,4.8,10,momo購物網,0.88,2788,0%,80.4,momo 搜尋頁售價,momo 即時搜尋資料（已保存）（已保存）（已保存）,https://www.momoshop.com.tw/goods/GoodsDetail.jsp?i_code=14681315&Area=search&mdiv=403&oid=1_7&cid=index&kw=Jordan%2B1
2026-05-21,momo購物網,女鞋,【NIKE 耐吉】休閒鞋 Air Jordan 1 Low W Wolf Grey White 灰白 女鞋 男女款 DC0774-105,2907,4.9,22,momo購物網,0.88,2907,0%,83.9,momo 搜尋頁售價,momo 即時搜尋資料（已保存）（已保存）（已保存）,https://www.momoshop.com.tw/goods/GoodsDetail.jsp?i_code=11606344&Area=search&mdiv=403&oid=1_13&cid=index&kw=Jordan%2B1
2026-05-21,momo購物網,男鞋,【NIKE 耐吉】Air Jordan 1 Low 深灰白 男鞋 553558-044 皮革 影子 灰勾,2980,5.0,1,momo購物網,0.88,2980,0%,83.6,momo 搜尋頁售價,momo 即時搜尋資料（已保存）（已保存）（已保存）, https://www.momoshop.com.tw/TP/TP0003634/goodsDetail/TP00036340001216
2026-05-21,momo購物網,男鞋,【NIKE 耐吉】休閒鞋 Air Jordan 1 Low 男鞋 米白 藍 AJ1 低筒 膠底(553558-146),3021,5.0,9,momo購物網,0.88,3021,0%,85.5,momo 搜尋頁售價,momo 即時搜尋資料（已保存）（已保存）（已保存）,https://www.momoshop.com.tw/goods/GoodsDetail.jsp?i_code=13876894&Area=search&mdiv=403&oid=1_20&cid=index&kw=Jordan%2B1
2026-05-21,momo購物網,男鞋,【NIKE 耐吉】Air Jordan 1 AJ1 Low 休閒鞋 553558-400 冰川藍 淺藍 男款 復古鞋,3030,5.0,1,momo購物網,0.88,3030,0%,83.5,momo 搜尋頁售價,momo 即時搜尋資料（已保存）（已保存）（已保存）, https://www.momoshop.com.tw/TP/TP0003634/goodsDetail/TP00036340001308
2026-05-21,momo購物網,男鞋,【NIKE 耐吉】AIR JORDAN 1 RETRO HIGH OG 男鞋 休閒鞋 運動鞋 喬丹 AJ1 皇家藍 白(DZ5485100),3114,5.0,1,momo購物網,0.88,3114,0%,83.4,momo 搜尋頁售價,momo 即時搜尋資料（已保存）（已保存）（已保存）,https://www.momoshop.com.tw/goods/GoodsDetail.jsp?i_code=15174675&Area=search&mdiv=403&oid=1_23&cid=index&kw=Jordan%2B1
2026-05-21,momo購物網,男女通用,【NIKE 耐吉】穆勒鞋 Air Jordan 1 Mule Golf 男鞋 女鞋 限量 經典 高爾夫 FJ1214-004 FJ1214-101,3511,4.5,0,momo購物網,0.88,3511,0%,67.9,momo 搜尋頁售價,momo 即時搜尋資料（已保存）（已保存）（已保存）,https://www.momoshop.com.tw/goods/GoodsDetail.jsp?i_code=15242858&Area=search&mdiv=403&oid=1_4&cid=index&kw=Jordan%2B1
2026-05-21,momo購物網,男鞋,【NIKE 耐吉】Nike Air Jordan 1 Retro Low OG 芝加哥 復古 運動鞋 男鞋 HQ6998-600,4780,5.0,2,momo購物網,0.88,4780,0%,81.2,momo 搜尋頁售價,momo 即時搜尋資料（已保存）（已保存）（已保存）, https://www.momoshop.com.tw/TP/TP0000668/goodsDetail/TP00006680001850
2026-05-21,momo購物網,男鞋,【NIKE 耐吉】Fragment x Union x Air Jordan 1 AJ1 High OG 三方聯名 黑白紅藍 男鞋 IO7847-002,11776,5.0,2,momo購物網,0.88,11776,0%,69.8,momo 搜尋頁售價,momo 即時搜尋資料（已保存）（已保存）（已保存）,https://www.momoshop.com.tw/goods/GoodsDetail.jsp?i_code=15018253&Area=search&mdiv=403&oid=1_19&cid=index&kw=Jordan%2B1
2026-05-21,momo購物網,童鞋,【NIKE 耐吉】休閒鞋 大童 女鞋 AIR JORDAN 1 多款任選 (DQ8423142&HV5973101&FZ3933114),1290,4.5,0,momo購物網,0.88,1290,0%,71.5,momo 搜尋頁售價,momo 即時搜尋資料（已保存）（已保存）（已保存）（已保存）（已保存）（已保存）（已保存）（已保存）（已保存）（已保存）（已保存）（已保存）（已保存）（已保存）（已保存）（已保存）（已保存）（已保存）（已保存）（已保存）,https://www.momoshop.com.tw/goods/GoodsDetail.jsp?i_code=15212812&Area=search&mdiv=403&oid=1_21&cid=index&kw=Jordan1
2026-05-21,momo購物網,童鞋,【NIKE 耐吉】運動鞋 休閒鞋 JORDAN 1 LOW GS FORCE 1 女鞋 大童鞋 男鞋 AJ1 AF1喬丹 多款(553560-153&),1899,4.9,12,momo購物網,0.88,1899,0%,84.9,momo 搜尋頁售價,momo 即時搜尋資料（已保存）（已保存）（已保存）（已保存）（已保存）（已保存）（已保存）（已保存）（已保存）（已保存）（已保存）（已保存）（已保存）（已保存）（已保存）（已保存）（已保存）（已保存）（已保存）（已保存）,https://www.momoshop.com.tw/goods/GoodsDetail.jsp?i_code=14369566&Area=search&mdiv=403&oid=1_10&cid=index&kw=Jordan1
2026-05-21,momo購物網,男鞋,【NIKE 耐吉】籃球鞋 運動鞋 AIR JORDAN 1 LOW 男款 黑(553558040),1999,5.0,21,momo購物網,0.88,1999,0%,88.1,momo 搜尋頁售價,momo 即時搜尋資料（已保存）（已保存）（已保存）（已保存）（已保存）（已保存）（已保存）（已保存）（已保存）（已保存）（已保存）（已保存）（已保存）（已保存）（已保存）（已保存）（已保存）（已保存）（已保存）（已保存）,https://www.momoshop.com.tw/goods/GoodsDetail.jsp?i_code=11242241&Area=search&mdiv=403&oid=1_3&cid=index&kw=Jordan1
2026-05-21,momo購物網,男鞋,【NIKE 耐吉】運動鞋 休閒鞋 喬丹 低筒 AIR JORDAN 1 LOW 男鞋 藍白黑紅 AJ1 低 多款(553558-040&),2099,4.9,283,momo購物網,0.88,2099,0%,88.3,momo 搜尋頁售價,momo 即時搜尋資料（已保存）（已保存）（已保存）（已保存）（已保存）（已保存）（已保存）（已保存）（已保存）（已保存）（已保存）（已保存）（已保存）（已保存）（已保存）（已保存）（已保存）（已保存）（已保存）（已保存）,https://www.momoshop.com.tw/goods/GoodsDetail.jsp?i_code=13831720&Area=search&mdiv=403&oid=1_1&cid=index&kw=Jordan1
2026-05-21,momo購物網,男鞋,【NIKE 耐吉】運動鞋 休閒鞋 喬丹 低筒 AIR JORDAN 1 LOW 男鞋 藍白黑紅 AJ1 低筒 多款(FN5214-141&),2099,4.8,425,momo購物網,0.88,2099,0%,86.0,momo 搜尋頁售價,momo 即時搜尋資料（已保存）（已保存）（已保存）（已保存）（已保存）（已保存）（已保存）（已保存）（已保存）（已保存）（已保存）（已保存）（已保存）（已保存）（已保存）（已保存）（已保存）（已保存）（已保存）（已保存）,https://www.momoshop.com.tw/goods/GoodsDetail.jsp?i_code=11984036&Area=search&mdiv=403&oid=1_2&cid=index&kw=Jordan1
2026-05-21,momo購物網,女鞋,【NIKE 耐吉】運動鞋 休閒鞋 WMNS AIR JORDAN 1 LOW 女鞋 復古鞋 經典 小Dior 黑白灰白 多款(DC0774-122&),2099,4.9,50,momo購物網,0.88,2099,0%,86.2,momo 搜尋頁售價,momo 即時搜尋資料（已保存）（已保存）（已保存）（已保存）（已保存）（已保存）（已保存）（已保存）（已保存）（已保存）（已保存）（已保存）（已保存）（已保存）（已保存）（已保存）（已保存）（已保存）（已保存）（已保存）,https://www.momoshop.com.tw/goods/GoodsDetail.jsp?i_code=14169805&Area=search&mdiv=403&oid=1_4&cid=index&kw=Jordan1
2026-05-21,momo購物網,女鞋,【NIKE 耐吉】WMNS AIR JORDAN 1 LOW 男女運動休閒鞋-戶外(DC0774-200),2099,4.5,0,momo購物網,0.88,2099,0%,70.2,momo 搜尋頁售價,momo 即時搜尋資料（已保存）（已保存）（已保存）（已保存）（已保存）（已保存）（已保存）（已保存）（已保存）（已保存）（已保存）（已保存）（已保存）（已保存）（已保存）（已保存）（已保存）（已保存）（已保存）（已保存）,https://www.momoshop.com.tw/goods/GoodsDetail.jsp?i_code=14651330&Area=search&mdiv=403&oid=1_19&cid=index&kw=Jordan1
2026-05-21,momo購物網,未標示,【NIKE 耐吉】AIR JORDAN 1 LOW 黑紅 喬丹 低筒 休閒鞋 穿搭 公牛配色 男(553558-067),2166,5.0,13,momo購物網,0.88,2166,0%,87.3,momo 搜尋頁售價,momo 即時搜尋資料（已保存）（已保存）（已保存）（已保存）（已保存）（已保存）（已保存）（已保存）（已保存）（已保存）（已保存）（已保存）（已保存）（已保存）（已保存）（已保存）（已保存）（已保存）（已保存）（已保存）,https://www.momoshop.com.tw/goods/GoodsDetail.jsp?i_code=13658716&Area=search&mdiv=403&oid=1_24&cid=index&kw=Jordan1
2026-05-21,momo購物網,未標示,【NIKE 耐吉】中筒休閒鞋 復古籃球鞋_男_AIR JORDAN 1 MID SE_白色(HF3216102),2265,4.8,12,momo購物網,0.88,2265,0%,81.5,momo 搜尋頁售價,momo 即時搜尋資料（已保存）（已保存）（已保存）（已保存）（已保存）（已保存）（已保存）（已保存）（已保存）（已保存）（已保存）（已保存）（已保存）（已保存）（已保存）（已保存）（已保存）（已保存）（已保存）（已保存）,https://www.momoshop.com.tw/goods/GoodsDetail.jsp?i_code=13968425&Area=search&mdiv=403&oid=1_23&cid=index&kw=Jordan1
2026-05-21,momo購物網,男鞋,【NIKE 耐吉】籃球鞋 運動鞋 AIR JORDAN 1 LOW SE 男鞋 灰藍白(FZ5042041),2271,4.9,62,momo購物網,0.88,2271,0%,86.2,momo 搜尋頁售價,momo 即時搜尋資料（已保存）（已保存）（已保存）（已保存）（已保存）（已保存）（已保存）（已保存）（已保存）（已保存）（已保存）（已保存）（已保存）（已保存）（已保存）（已保存）（已保存）（已保存）（已保存）（已保存）,https://www.momoshop.com.tw/goods/GoodsDetail.jsp?i_code=12594077&Area=search&mdiv=403&oid=1_15&cid=index&kw=Jordan1
2026-05-21,momo購物網,男鞋,【NIKE 耐吉】休閒鞋 男鞋 運動鞋 喬丹 AIR JORDAN 1 LOW 紅黑 553558-606,2279,4.9,10,momo購物網,0.88,2279,0%,84.0,momo 搜尋頁售價,momo 即時搜尋資料（已保存）（已保存）（已保存）（已保存）（已保存）（已保存）（已保存）（已保存）（已保存）（已保存）（已保存）（已保存）（已保存）（已保存）（已保存）（已保存）（已保存）（已保存）（已保存）（已保存）,https://www.momoshop.com.tw/goods/GoodsDetail.jsp?i_code=14794536&Area=search&mdiv=403&oid=1_20&cid=index&kw=Jordan1
2026-05-21,momo購物網,男鞋,【NIKE 耐吉】運動鞋 休閒鞋 情侶鞋 AIR FORCE 1/JORDAN 1/DUNK 男鞋 AF1 AJ1 復古 黑白 多款(IR7011-121&),2299,5.0,5,momo購物網,0.88,2299,0%,86.1,momo 搜尋頁售價,momo 即時搜尋資料（已保存）（已保存）（已保存）（已保存）（已保存）（已保存）（已保存）（已保存）（已保存）（已保存）（已保存）（已保存）（已保存）（已保存）（已保存）（已保存）（已保存）（已保存）（已保存）（已保存）,https://www.momoshop.com.tw/goods/GoodsDetail.jsp?i_code=15155029&Area=search&mdiv=403&oid=1_13&cid=index&kw=Jordan1
2026-05-21,momo購物網,男鞋,【NIKE 耐吉】運動鞋 籃球鞋 男鞋 AIR JORDAN 1 LOW 喬丹 緩震 氣墊 抓地 經典 AJ1 藍白 (553558400),2359,4.8,4,momo購物網,0.88,2359,0%,80.1,momo 搜尋頁售價,momo 即時搜尋資料（已保存）（已保存）（已保存）（已保存）（已保存）（已保存）（已保存）（已保存）（已保存）（已保存）（已保存）（已保存）（已保存）（已保存）（已保存）（已保存）（已保存）（已保存）（已保存）（已保存）,https://www.momoshop.com.tw/goods/GoodsDetail.jsp?i_code=14960710&Area=search&mdiv=403&oid=1_17&cid=index&kw=Jordan1
2026-05-21,momo購物網,男鞋,【NIKE 耐吉】AIR JORDAN 1 RETRO LOW OG 男鞋 休閒鞋 運動鞋 小閃電 皇家藍(CZ0790140),2421,4.9,8,momo購物網,0.88,2421,0%,83.6,momo 搜尋頁售價,momo 即時搜尋資料（已保存）（已保存）（已保存）（已保存）（已保存）（已保存）（已保存）（已保存）（已保存）（已保存）（已保存）（已保存）（已保存）（已保存）（已保存）（已保存）（已保存）（已保存）（已保存）（已保存）,https://www.momoshop.com.tw/goods/GoodsDetail.jsp?i_code=14284795&Area=search&mdiv=403&oid=1_16&cid=index&kw=Jordan1
2026-05-21,momo購物網,男女通用,【NIKE 耐吉】運動鞋 休閒鞋 女鞋 男鞋 AIR JORDAN 1 LOW Wolf Grey White 灰白 AJ1 小Dior(DC0774105),2422,4.8,67,momo購物網,0.88,2422,0%,83.2,momo 搜尋頁售價,momo 即時搜尋資料（已保存）（已保存）（已保存）（已保存）（已保存）（已保存）（已保存）（已保存）（已保存）（已保存）（已保存）（已保存）（已保存）（已保存）（已保存）（已保存）（已保存）（已保存）（已保存）（已保存）,https://www.momoshop.com.tw/goods/GoodsDetail.jsp?i_code=13372937&Area=search&mdiv=403&oid=1_5&cid=index&kw=Jordan1
2026-05-21,momo購物網,女鞋,【NIKE 耐吉】運動鞋 籃球鞋 女鞋 WMNS AIR JORDAN 1 LOW 喬丹 緩震 氣墊 抓地 經典 AJ1 白粉(DC0774606),2736,5.0,21,momo購物網,0.88,2736,0%,86.9,momo 搜尋頁售價,momo 即時搜尋資料（已保存）（已保存）（已保存）（已保存）（已保存）（已保存）（已保存）（已保存）（已保存）（已保存）（已保存）（已保存）（已保存）（已保存）（已保存）（已保存）（已保存）（已保存）（已保存）（已保存）,https://www.momoshop.com.tw/goods/GoodsDetail.jsp?i_code=14960729&Area=search&mdiv=403&oid=1_18&cid=index&kw=Jordan1
2026-05-21,momo購物網,男鞋,【NIKE 耐吉】運動鞋 籃球鞋 男鞋 AIR JORDAN 1 MID 喬丹 AJ1 紅頭 白紅色(DQ8426105),2788,4.8,10,momo購物網,0.88,2788,0%,80.4,momo 搜尋頁售價,momo 即時搜尋資料（已保存）（已保存）（已保存）（已保存）（已保存）（已保存）（已保存）（已保存）（已保存）（已保存）（已保存）（已保存）（已保存）（已保存）（已保存）（已保存）（已保存）（已保存）（已保存）（已保存）,https://www.momoshop.com.tw/goods/GoodsDetail.jsp?i_code=14681315&Area=search&mdiv=403&oid=1_8&cid=index&kw=Jordan1
2026-05-21,momo購物網,男女通用,【NIKE 耐吉】穆勒鞋 Air Jordan 1 Mule Golf 男鞋 女鞋 限量 經典 高爾夫 FJ1214-004 FJ1214-101,3511,4.5,0,momo購物網,0.88,3511,0%,67.9,momo 搜尋頁售價,momo 即時搜尋資料（已保存）（已保存）（已保存）（已保存）（已保存）（已保存）（已保存）（已保存）（已保存）（已保存）（已保存）（已保存）（已保存）（已保存）（已保存）（已保存）（已保存）（已保存）（已保存）（已保存）,https://www.momoshop.com.tw/goods/GoodsDetail.jsp?i_code=15242858&Area=search&mdiv=403&oid=1_11&cid=index&kw=Jordan1
2026-05-21,momo購物網,男鞋,【NIKE 耐吉】運動鞋 休閒鞋 情侶鞋 AIR FORCE 1/JORDAN 1/DUNK 男鞋 AF1 AJ1 復古 黑白 多款(IR7011-121&),2299,5.0,5,momo購物網,0.88,2299,0%,86.1,momo 搜尋頁售價,momo 即時搜尋資料（已保存）（已保存）（已保存）（已保存）（已保存）（已保存）（已保存）（已保存）（已保存）（已保存）（已保存）（已保存）（已保存）（已保存）（已保存）（已保存）（已保存）（已保存）（已保存）（已保存）（已保存）（已保存）（已保存）（已保存）（已保存）（已保存）（已保存）（已保存）,https://www.momoshop.com.tw/goods/GoodsDetail.jsp?i_code=15155029&Area=search&mdiv=403&oid=1_18&cid=index&kw=Dunk
2026-05-21,PChome,女鞋,Nike Jordan/Dunk 系列 男女鞋 運動 休閒鞋 553558007 DV4024002 DV0833600 DZ2794102,1879,4.5,0,PChome 24h購物,0.9,2112,11%,71.0,PChome API 最低折扣價,PChome 即時資料（已保存）（已保存）（已保存）,https://24h.pchome.com.tw/prod/DXAX69-A900I7ZPN
2026-05-21,PChome,未標示,Nike 男女 Jordan/Dunk/Force系列 休閒鞋,2029,4.5,0,PChome 24h購物,0.9,2280,11%,70.7,PChome API 最低折扣價,PChome 即時資料（已保存）（已保存）（已保存）,https://24h.pchome.com.tw/prod/DXAX69-A900IIP7C
2026-05-21,momo購物網,男鞋,【NIKE 耐吉】運動鞋 休閒鞋 情侶鞋 AIR FORCE 1/JORDAN 1/DUNK 男鞋 AF1 AJ1 復古 黑白 多款(IR7011-121&),2299,5.0,5,momo購物網,0.88,2299,0%,86.1,momo 搜尋頁售價,momo 即時搜尋資料（已保存）（已保存）（已保存）,https://www.momoshop.com.tw/goods/GoodsDetail.jsp?i_code=15155029&Area=search&mdiv=403&oid=1_11&cid=index&kw=Dunk
2026-05-21,momo購物網,男鞋,【NIKE 耐吉】運動鞋 休閒鞋 情侶鞋 AIR FORCE 1/JORDAN 1/DUNK 男鞋 AF1 AJ1 復古 黑白 多款(IR7011-121&),2299,5.0,5,momo購物網,0.88,2299,0%,86.1,momo 搜尋頁售價,momo 即時搜尋資料（已保存）（已保存）（已保存）,https://www.momoshop.com.tw/goods/GoodsDetail.jsp?i_code=15155029&Area=search&mdiv=403&oid=1_21&cid=index&kw=Air%2BForce%2B1
2026-05-21,PChome,童鞋,涼拖鞋 Kobe Kawa Slide GS/PS 中大童 黑 黃 曼巴 蛇紋 IF2871-003,980,4.5,0,PChome 24h購物,0.9,980,0%,73.7,PChome API 價格,PChome 即時資料,https://24h.pchome.com.tw/prod/DXAX7T-A900JY471
2026-05-21,PChome,未標示,KOBE AIR FORCE 1 LOW 男 休閒鞋 IB0018101,3167,4.5,0,PChome 24h購物,0.9,3167,0%,72.7,搜尋頁價格（價格 API 失敗）,PChome 即時資料,https://24h.pchome.com.tw/prod/DXAX69-A900JYBPP
2026-05-21,PChome,男鞋,Kobe Bryant x Nike Air Force 1 Low 白紅 限定版 刺繡 氣墊 休閒鞋 運動鞋 男鞋 IB0018-101,4221,4.5,0,PChome 24h購物,0.9,4221,0%,72.2,搜尋頁價格（價格 API 失敗）,PChome 即時資料,https://24h.pchome.com.tw/prod/DXAX2W-A900JXOZA
2026-05-21,PChome,未標示,Adidas Crazy 1 [IG3734] 男 籃球鞋 運動 復古 球鞋 Kobe TT 柯比 復刻 雲白 大膽藍,4352,4.5,0,PChome 24h購物,0.9,4890,11%,72.1,PChome API 最低折扣價,PChome 即時資料,https://24h.pchome.com.tw/prod/DXAX7S-A900JLP8V
2026-05-21,PChome,男鞋,Kobe 1 Protro 81pt Game 白紫 黑曼巴 籃球鞋 男鞋 IM0542-100,5563,4.5,0,PChome 24h購物,0.9,6545,15%,71.5,PChome API 最低折扣價,PChome 即時資料,https://24h.pchome.com.tw/prod/DXAXFC-A900JOWYN
2026-05-21,PChome,男鞋,Nike Kobe 1 Protro 81 Points 男鞋 白紫黑色 黑曼巴 經典 籃球鞋 IM0542-100,6123,4.5,0,PChome 24h購物,0.9,6880,11%,71.2,PChome API 最低折扣價,PChome 即時資料,https://24h.pchome.com.tw/prod/DXAX7S-A900JTTDG
2026-05-21,momo購物網,未標示,Boost 加厚一體成型增高鞋墊 增高墊(boost鞋墊 boost增高墊 boost超軟墊 Kobe休閒 KD,399,4.5,2,momo購物網,0.88,399,0%,75.2,momo 搜尋頁售價,momo 即時搜尋資料, https://www.momoshop.com.tw/TP/TP0003077/goodsDetail/TP00030770000010
2026-05-21,momo購物網,未標示,Boost 加厚一體成型增高鞋墊 增高墊2.5、3.5(boost鞋墊 boost增高墊 boost超軟墊 Kobe休閒 KD aj curry dunk gtcut123),399,4.0,1,momo購物網,0.88,399,0%,60.6,momo 搜尋頁售價,momo 即時搜尋資料, https://www.momoshop.com.tw/TP/TP0003077/goodsDetail/TP00030770000011
2026-05-21,momo購物網,未標示,【adidas 愛迪達】Crazy 1 男 籃球鞋 運動 復古 球鞋 Kobe TT 柯比 復刻 雲白 大膽藍(IG3734),2445,5.0,2,momo購物網,0.88,2445,0%,88.2,momo 搜尋頁售價,momo 即時搜尋資料,https://www.momoshop.com.tw/goods/GoodsDetail.jsp?i_code=14828376&Area=search&mdiv=403&oid=1_7&cid=index&kw=kobe%2B1
2026-05-21,momo購物網,男鞋,【adidas 愛迪達】籃球鞋 Crazy 1 雲白 大膽藍 Kobe 男鞋 復刻 愛迪達(IG3734),2480,4.5,0,momo購物網,0.88,2480,0%,72.6,momo 搜尋頁售價,momo 即時搜尋資料,https://www.momoshop.com.tw/goods/GoodsDetail.jsp?i_code=12617864&Area=search&mdiv=403&oid=1_9&cid=index&kw=kobe%2B1
2026-05-21,momo購物網,男鞋,【NIKE 耐吉】Kobe Bryant x Nike Air Force 1 Low Protro 棕色麂皮 緩震 氣墊 休閒鞋 男鞋 IM0582-700,4446,4.5,0,momo購物網,0.88,4446,0%,71.6,momo 搜尋頁售價,momo 即時搜尋資料,https://www.momoshop.com.tw/goods/GoodsDetail.jsp?i_code=15234477&Area=search&mdiv=403&oid=1_5&cid=index&kw=kobe%2B1
2026-05-21,momo購物網,男鞋,【NIKE 耐吉】II3925-400 Nike × Kobe Bryant Air Force 1 皮革 Low Protro Lenticular 舒適 低幫 板鞋 男款 藍色,4650,0.0,0,momo購物網,0.88,4650,0%,57.5,momo 搜尋頁售價,momo 即時搜尋資料, https://www.momoshop.com.tw/TP/TP0009562/goodsDetail/TP00095620009175
2026-05-21,momo購物網,男鞋,【NIKE 耐吉】IB0018-101 Nike × Kobe Bryant Air Force 1 Low White and Team Red 舒適 耐磨 低幫 板鞋 男款 白紅,4750,0.0,0,momo購物網,0.88,4750,0%,57.5,momo 搜尋頁售價,momo 即時搜尋資料, https://www.momoshop.com.tw/TP/TP0009562/goodsDetail/TP00095620009495
2026-05-21,momo購物網,未標示,【NIKE 耐吉】FZ1151-100 Nike × Kobe Bryant Air Force 1 皮革 Retro QS 防滑 低幫 板鞋 男女同款 白黃紫,4800,0.0,0,momo購物網,0.88,4800,0%,57.5,momo 搜尋頁售價,momo 即時搜尋資料, https://www.momoshop.com.tw/TP/TP0009562/goodsDetail/TP00095620012583
2026-05-21,momo購物網,男鞋,【NIKE 耐吉】IB0018-100 Nike Air Force 1 Low Kobe Forever White 時尚舒適 低幫 板鞋 男款 白色,4900,0.0,0,momo購物網,0.88,4900,0%,57.4,momo 搜尋頁售價,momo 即時搜尋資料, https://www.momoshop.com.tw/TP/TP0009562/goodsDetail/TP00095620009910
2026-05-21,momo購物網,男鞋,【NIKE 耐吉】IM0582-700 Nike × Kobe Bryant Air Force 1 Protro QS 經典舒適 透氣 低幫 板鞋 男款 棕色,4950,0.0,0,momo購物網,0.88,4950,0%,57.4,momo 搜尋頁售價,momo 即時搜尋資料, https://www.momoshop.com.tw/TP/TP0009562/goodsDetail/TP00095620013199
2026-05-21,momo購物網,男鞋,【NIKE 耐吉】IB0018-004 Nike × Kobe Bryant Air Force 1 Low Cool Grey 少年感舒適 低幫 板鞋 男款 灰色,5200,0.0,0,momo購物網,0.88,5200,0%,57.3,momo 搜尋頁售價,momo 即時搜尋資料, https://www.momoshop.com.tw/TP/TP0009562/goodsDetail/TP00095620010990
2026-05-21,momo購物網,男鞋,【NIKE 耐吉】IB0018-003 Nike Air Force 1 Low Kobe 舒適 透氣 低幫 板鞋 男款 黑色,5400,0.0,0,momo購物網,0.88,5400,0%,57.2,momo 搜尋頁售價,momo 即時搜尋資料, https://www.momoshop.com.tw/TP/TP0009562/goodsDetail/TP00095620009176
2026-05-21,momo購物網,男鞋,【NIKE 耐吉】Kobe 1 Protro 81pt Game 白紫 黑曼巴 籃球鞋 男鞋 IM0542-100,5409,4.3,1,momo購物網,0.88,5409,0%,66.6,momo 搜尋頁售價,momo 即時搜尋資料,https://www.momoshop.com.tw/goods/GoodsDetail.jsp?i_code=14937050&Area=search&mdiv=403&oid=1_3&cid=index&kw=kobe%2B1
2026-05-21,momo購物網,未標示,【NIKE 耐吉】HV9408-700 Nike Air Force 1 Kobe Bryant 舒適百搭 防滑耐磨 低幫 板鞋 男女同款 黃色,5600,0.0,0,momo購物網,0.88,5600,0%,57.1,momo 搜尋頁售價,momo 即時搜尋資料, https://www.momoshop.com.tw/TP/TP0009562/goodsDetail/TP00095620013846
2026-05-21,momo購物網,男鞋,【NIKE 耐吉】Kobe 1 Protro 81 Points 男鞋 白紫黑色 黑曼巴 經典 籃球鞋 IM0542-100,5704,4.8,2,momo購物網,0.88,5704,0%,81.1,momo 搜尋頁售價,momo 即時搜尋資料,https://www.momoshop.com.tw/goods/GoodsDetail.jsp?i_code=14957787&Area=search&mdiv=403&oid=1_2&cid=index&kw=kobe%2B1
2026-05-21,momo購物網,男鞋,【NIKE 耐吉】Kobe 1 Protro 81pt Game 白紫 黑曼巴 籃球鞋 男鞋 IM0542-100,5832,0.0,0,momo購物網,0.88,5832,0%,57.0,momo 搜尋頁售價,momo 即時搜尋資料, https://www.momoshop.com.tw/TP/TP0004485/goodsDetail/TP00044850003318
2026-05-21,momo購物網,男鞋,【NIKE 耐吉】Nike Kobe 1 Protro 81 Points 男鞋 白紫 黑 黑曼巴 籃球鞋 IM0542-100,6200,0.0,0,momo購物網,0.88,6200,0%,56.8,momo 搜尋頁售價,momo 即時搜尋資料, https://www.momoshop.com.tw/TP/TP0000668/goodsDetail/TP00006680001879
2026-05-21,momo購物網,男鞋,【NIKE 耐吉】IM0541-400 Nike Zoom Kobe 1 Protro Work Blue 百搭舒適 支撐回彈 高幫 籃球鞋 男款 藍色,6850,0.0,0,momo購物網,0.88,6850,0%,56.5,momo 搜尋頁售價,momo 即時搜尋資料, https://www.momoshop.com.tw/TP/TP0009562/goodsDetail/TP00095620013152
2026-05-21,momo購物網,男鞋,【NIKE 耐吉】IM0583-400 Nike Air Force 1 織物皮革 Protro 'Work Blue and Metallic Gold' Kobe 少年感科比時尚潮流 減震 低幫 板鞋 男款 藍色,7400,0.0,0,momo購物網,0.88,7400,0%,56.2,momo 搜尋頁售價,momo 即時搜尋資料, https://www.momoshop.com.tw/TP/TP0009562/goodsDetail/TP00095620011851
2026-05-21,PChome,童鞋,Kobe 3 Protro Halo 白色 曼巴 籃球鞋 GS 大童鞋 HQ2304-100,2359,4.5,0,PChome 24h購物,0.9,2776,15%,73.1,PChome API 最低折扣價,PChome 即時資料（已保存）（已保存）（已保存）,https://24h.pchome.com.tw/prod/DXAXFH-A900J727W
2026-05-21,PChome,童鞋,Kobe 3 Christmas 聖誕節 GS 反光 氣墊 休閒鞋 運動鞋 大童鞋 HQ2304-400,3912,4.5,0,PChome 24h購物,0.9,3912,0%,72.3,搜尋頁價格,PChome 即時資料（已保存）（已保存）（已保存）,https://24h.pchome.com.tw/prod/DXAX6U-A900JKIQK
2026-05-21,PChome,男鞋,Kobe 3 Protro 聖誕節 透氣 緩震 休閒鞋 運動鞋 男鞋 IQ5338-400,4947,4.5,0,PChome 24h購物,0.9,4947,0%,71.8,搜尋頁價格,PChome 即時資料（已保存）（已保存）（已保存）,https://24h.pchome.com.tw/prod/DXAX6U-A900JKGW6
2026-05-21,PChome,男鞋,籃球鞋 Kobe III Protro 男鞋 Royal Pulse 藍 柯比 聖誕節 IQ5338-400,5180,4.5,0,PChome 24h購物,0.9,5180,0%,71.7,搜尋頁價格,PChome 即時資料（已保存）（已保存）（已保存）,https://24h.pchome.com.tw/prod/DXAX7S-A900JM04T
2026-05-21,PChome,男鞋,Kobe 9 EM Low Protro 綠白 緩震 透氣 抓地力 休閒鞋 運動鞋 男鞋 IH1401-003,5183,4.5,0,PChome 24h購物,0.9,5183,0%,71.7,搜尋頁價格,PChome 即時資料（已保存）（已保存）（已保存）,https://24h.pchome.com.tw/prod/DXAX29-A900JWSLT
2026-05-21,PChome,未標示,Adidas Crazy 8 [IG3904] 男 籃球鞋 運動 球鞋 高筒 緩衝 Kobe 麂皮 愛迪達 橄欖綠 米白,5290,4.5,0,PChome 24h購物,0.9,5290,0%,71.6,搜尋頁價格,PChome 即時資料（已保存）（已保存）（已保存）,https://24h.pchome.com.tw/prod/DXAX7S-A900JGVK6
2026-05-21,PChome,男鞋,Nike Kobe III Protro Royal Pulse 男鞋 藍色 柯比 聖誕節 籃球鞋 IQ5338-400,5580,4.5,0,PChome 24h購物,0.9,5580,0%,71.5,搜尋頁價格,PChome 即時資料（已保存）（已保存）（已保存）,https://24h.pchome.com.tw/prod/DXAX7S-A900JTTD0
2026-05-21,PChome,男鞋,籃球鞋 Kobe IX Elite EM Protro 男鞋 薄荷綠 曼巴 IH1401-003,5580,4.5,0,PChome 24h購物,0.9,5580,0%,71.5,搜尋頁價格,PChome 即時資料（已保存）（已保存）（已保存）,https://24h.pchome.com.tw/prod/DXAX7S-A900JWKKC
2026-05-21,PChome,男鞋,籃球鞋 Kobe IX Elite EM Protro 男鞋 雷霆藍 曼巴 IH1401-401,5580,4.5,0,PChome 24h購物,0.9,5580,0%,71.5,搜尋頁價格,PChome 即時資料（已保存）（已保存）（已保存）,https://24h.pchome.com.tw/prod/DXAX7S-A900JWKKE
2026-05-21,PChome,男鞋,Kobe 9 EM Low Protro 黑金 休閒鞋 運動鞋 男鞋 IH1401-002,5732,4.5,0,PChome 24h購物,0.9,5732,0%,71.4,搜尋頁價格,PChome 即時資料（已保存）（已保存）（已保存）,https://24h.pchome.com.tw/prod/DXAX68-A900JFPTA
2026-05-21,PChome,男鞋,Kobe 9 EM Low Protro TB 黑紫 透氣 回彈 休閒鞋 運動鞋 男鞋 IH1401-500,5766,4.5,0,PChome 24h購物,0.9,5766,0%,71.4,搜尋頁價格,PChome 即時資料（已保存）（已保存）（已保存）,https://24h.pchome.com.tw/prod/DXAXCD-A900JMUDN
2026-05-21,PChome,男鞋,籃球鞋 Kobe IX Elite EM Protro 男鞋 黑 紫 黑曼巴 IH1401-500,5780,4.5,0,PChome 24h購物,0.9,5780,0%,71.4,搜尋頁價格,PChome 即時資料（已保存）（已保存）（已保存）,https://24h.pchome.com.tw/prod/DXAX7S-A900JWKJY
2026-05-21,PChome,男鞋,Nike Kobe 9 EM Low Protro TB 男鞋 黑紫色 透氣 回彈 運動 休閒鞋 IH1401-500,5880,4.5,0,PChome 24h購物,0.9,5880,0%,71.4,搜尋頁價格,PChome 即時資料（已保存）（已保存）（已保存）,https://24h.pchome.com.tw/prod/DXAX69-A900JTTHC
2026-05-21,PChome,男鞋,籃球鞋 Kobe 9 IX Elite Low EM Protro 男鞋 藍 IH1401-402,5980,4.5,0,PChome 24h購物,0.9,5980,0%,71.3,搜尋頁價格,PChome 即時資料（已保存）（已保存）（已保存）,https://24h.pchome.com.tw/prod/DXAX7S-A900JWRK3
2026-05-21,PChome,男鞋,Kobe 9 EM Low 冰川藍 透氣 回彈 緩震 運動鞋 男鞋 IH1401-402,6008,4.5,0,PChome 24h購物,0.9,6008,0%,71.3,搜尋頁價格,PChome 即時資料（已保存）（已保存）（已保存）,https://24h.pchome.com.tw/prod/DXAX2F-A900JS6HB
2026-05-21,PChome,男鞋,Kobe 9 EM Low 紫橘 黑曼巴 抓地 透氣 運動鞋 男鞋 IH1401-401,6155,4.5,0,PChome 24h購物,0.9,6155,0%,71.2,搜尋頁價格,PChome 即時資料（已保存）（已保存）（已保存）,https://24h.pchome.com.tw/prod/DXAXCD-A900JS6QE
2026-05-21,PChome,男鞋,Kobe 3 Low Protro 紫粉 回彈 透氣 抓地力 休閒鞋 運動鞋 男鞋 IF2497-500,7090,4.5,0,PChome 24h購物,0.9,7090,0%,70.8,搜尋頁價格,PChome 即時資料（已保存）（已保存）（已保存）,https://24h.pchome.com.tw/prod/DXAX2W-A900JXOZF
2026-05-21,PChome,男鞋,籃球鞋 Kobe 11 EM Protro 男鞋 黑金 冰底 Mamba Day IU4902900,9180,4.5,0,PChome 24h購物,0.9,9180,0%,69.8,搜尋頁價格,PChome 即時資料（已保存）（已保存）（已保存）,https://24h.pchome.com.tw/prod/DXAX7S-A900JXCJX
2026-05-21,PChome,男鞋,Kobe V Protro Year of the Mamba 曼巴之年 蛇年限定 金屬紫金 籃球鞋 運動鞋 男鞋 IB4481-500,9406,4.5,0,PChome 24h購物,0.9,9406,0%,69.7,搜尋頁價格,PChome 即時資料（已保存）（已保存）（已保存）,https://24h.pchome.com.tw/prod/DXAX7S-A900I8K86
2026-05-21,PChome,男鞋,Kobe 5 Protro 紅銀 曼巴 實戰 籃球鞋 運動鞋 男鞋 IM0557-001,11241,4.5,0,PChome 24h購物,0.9,11241,0%,68.8,搜尋頁價格,PChome 即時資料（已保存）（已保存）（已保存）,https://24h.pchome.com.tw/prod/DXAX29-A900JV6BY
2026-05-21,PChome,男女通用,"Kobe 5 Protro ""Year of the Mamba"" 曼巴之年 蛇年限定 籃球鞋 紫 黑 金 男鞋 女鞋 運動鞋 IB4481-500",12280,4.5,0,PChome 24h購物,0.9,12280,0%,68.3,搜尋頁價格,PChome 即時資料（已保存）（已保存）（已保存）,https://24h.pchome.com.tw/prod/DXAX7S-A900JFOU1
2026-05-21,momo購物網,男鞋,【NIKE 耐吉】Kobe III Protro Royal Pulse 男鞋 藍色 柯比 聖誕節 籃球鞋 IQ5338-400,4462,5.0,2,momo購物網,0.88,4462,0%,87.3,momo 搜尋頁售價,momo 即時搜尋資料（已保存）（已保存）（已保存）,https://www.momoshop.com.tw/goods/GoodsDetail.jsp?i_code=14893278&Area=search&mdiv=403&oid=1_18&cid=index&kw=Kobe
2026-05-21,momo購物網,男鞋,【NIKE 耐吉】Kobe 9 EM Low Protro 綠白 緩震 透氣 抓地力 休閒鞋 運動鞋 男鞋 IH1401-003,4731,5.0,9,momo購物網,0.88,4731,0%,88.9,momo 搜尋頁售價,momo 即時搜尋資料（已保存）（已保存）（已保存）,https://www.momoshop.com.tw/goods/GoodsDetail.jsp?i_code=15132725&Area=search&mdiv=403&oid=1_8&cid=index&kw=Kobe
2026-05-21,momo購物網,男鞋,【NIKE 耐吉】Kobe 9 EM Low Protro TB 黑紫 透氣 回彈 休閒鞋 運動鞋 男鞋 IH1401-500,4765,5.0,1,momo購物網,0.88,4765,0%,86.5,momo 搜尋頁售價,momo 即時搜尋資料（已保存）（已保存）（已保存）,https://www.momoshop.com.tw/goods/GoodsDetail.jsp?i_code=14869658&Area=search&mdiv=403&oid=1_20&cid=index&kw=Kobe
2026-05-21,momo購物網,未標示,【NIKE 耐吉】FQ3544-001 Nike Zoom Kobe 4 Protro Black Mamba 黑曼巴 低幫 籃球鞋 男女同款 黑色,5100,0.0,0,momo購物網,0.88,5100,0%,57.3,momo 搜尋頁售價,momo 即時搜尋資料（已保存）（已保存）（已保存）, https://www.momoshop.com.tw/TP/TP0009562/goodsDetail/TP00095620009089
2026-05-21,momo購物網,男鞋,【NIKE 耐吉】籃球鞋 Kobe IX Elite EM Protro 男鞋 雷霆藍 曼巴 IH1401-401,5301,5.0,5,momo購物網,0.88,5301,0%,87.9,momo 搜尋頁售價,momo 即時搜尋資料（已保存）（已保存）（已保存）,https://www.momoshop.com.tw/goods/GoodsDetail.jsp?i_code=15133369&Area=search&mdiv=403&oid=1_13&cid=index&kw=Kobe
2026-05-21,momo購物網,男鞋,【NIKE 耐吉】Kobe 3 Low Protro 紫粉 回彈 透氣 抓地力 休閒鞋 運動鞋 男鞋 IF2497-500,5869,4.7,1,momo購物網,0.88,5869,0%,77.6,momo 搜尋頁售價,momo 即時搜尋資料（已保存）（已保存）（已保存）,https://www.momoshop.com.tw/goods/GoodsDetail.jsp?i_code=15169714&Area=search&mdiv=403&oid=1_17&cid=index&kw=Kobe
2026-05-21,momo購物網,未標示,【NIKE 耐吉】FQ3545-300 Nike Zoom Kobe 4 PROTRO GIRL DAD 中幫 籃球鞋 男女同款 綠色,6050,0.0,0,momo購物網,0.88,6050,0%,56.9,momo 搜尋頁售價,momo 即時搜尋資料（已保存）（已保存）（已保存）, https://www.momoshop.com.tw/TP/TP0009562/goodsDetail/TP00095620009088
2026-05-21,momo購物網,男鞋,【NIKE 耐吉】IU4902-900 Nike Kobe 11 Protro 時尚潮流 抓地 低幫 籃球鞋 男款 黑金,6450,0.0,0,momo購物網,0.88,6450,0%,56.7,momo 搜尋頁售價,momo 即時搜尋資料（已保存）（已保存）（已保存）, https://www.momoshop.com.tw/TP/TP0009562/goodsDetail/TP00095620009123
2026-05-21,momo購物網,未標示,【NIKE 耐吉】HJ4303-400 Nike Zoom Kobe 5 Protro X-Ray 時尚百搭 低幫 籃球鞋 男女同款 藍色,7200,0.0,0,momo購物網,0.88,7200,0%,56.3,momo 搜尋頁售價,momo 即時搜尋資料（已保存）（已保存）（已保存）, https://www.momoshop.com.tw/TP/TP0009562/goodsDetail/TP00095620009092
2026-05-21,momo購物網,男鞋,【NIKE 耐吉】Kobe 11 EM Protro Mamba Day 曼巴 黑金 冰底 男鞋 IU4902-900,8080,0.0,0,momo購物網,0.88,8080,0%,55.9,momo 搜尋頁售價,momo 即時搜尋資料（已保存）（已保存）（已保存）, https://www.momoshop.com.tw/TP/TP0000668/goodsDetail/TP00006680001902
2026-05-21,momo購物網,男鞋,【NIKE 耐吉】籃球鞋 Kobe 11 EM Protro 男鞋 黑金 冰底 Mamba Day IU4902-900,8262,5.0,1,momo購物網,0.88,8262,0%,84.8,momo 搜尋頁售價,momo 即時搜尋資料（已保存）（已保存）（已保存）,https://www.momoshop.com.tw/goods/GoodsDetail.jsp?i_code=15152828&Area=search&mdiv=403&oid=1_14&cid=index&kw=Kobe
2026-05-21,momo購物網,男鞋,【NIKE 耐吉】籃球鞋 Nike Kobe 8 Protro Lakers Home 湖人隊主場 白紫鉤 男鞋 HF9550-100,8550,5.0,5,momo購物網,0.88,8550,0%,86.3,momo 搜尋頁售價,momo 即時搜尋資料（已保存）（已保存）（已保存）,https://www.momoshop.com.tw/goods/GoodsDetail.jsp?i_code=13638904&Area=search&mdiv=403&oid=1_19&cid=index&kw=Kobe
2026-05-21,momo購物網,男鞋,【NIKE 耐吉】籃球鞋 Nike Zoom Kobe 4 Protro CHBL 黃金蟒 曼巴 籃球鞋 男款 IH0587-700,9891,5.0,21,momo購物網,0.88,9891,0%,87.6,momo 搜尋頁售價,momo 即時搜尋資料（已保存）（已保存）（已保存）,https://www.momoshop.com.tw/goods/GoodsDetail.jsp?i_code=14078548&Area=search&mdiv=403&oid=1_5&cid=index&kw=Kobe
2026-05-21,momo購物網,男鞋,【NIKE 耐吉】Kobe 5 Protro 紅銀 曼巴 實戰 籃球鞋 運動鞋 男鞋 IM0557-001,9936,4.9,4,momo購物網,0.88,9936,0%,82.6,momo 搜尋頁售價,momo 即時搜尋資料（已保存）（已保存）（已保存）,https://www.momoshop.com.tw/goods/GoodsDetail.jsp?i_code=15080987&Area=search&mdiv=403&oid=1_7&cid=index&kw=Kobe
2026-05-21,PChome,童鞋,籃球鞋 Kobe III GS 大童 女鞋 HALO 白 曼巴 高筒 HQ2304-100,2132,4.5,0,PChome 24h購物,0.9,2480,14%,71.2,PChome API 最低折扣價,PChome 即時資料,https://24h.pchome.com.tw/prod/DXAX7T-A900JAA8L
2026-05-21,PChome,男鞋,籃球鞋 Crazy 2 男鞋 白 黃 KOBE All-Star 全明星賽 愛迪達 JI0337,3680,4.5,0,PChome 24h購物,0.9,4280,14%,66.5,PChome API 最低折扣價,PChome 即時資料,https://24h.pchome.com.tw/prod/DXAX7S-A900J8Y5I
2026-09-24,PChome,童鞋,KOBE KAWA SLIDE (TD) 中大童 涼拖鞋 IF2876101,583,4.5,0,PChome 24h購物,0.9,758,23%,74.0,PChome API 最低折扣價,PChome 即時資料,https://24h.pchome.com.tw/prod/DXAX7T-A900KAUDI
2026-09-24,PChome,童鞋,KOBE KAWA SLIDE (TD) 中大童 涼拖鞋 IF2876003,583,4.5,0,PChome 24h購物,0.9,758,23%,74.0,PChome API 最低折扣價,PChome 即時資料,https://24h.pchome.com.tw/prod/DXAX7T-A900KAUEG
2026-09-24,PChome,童鞋,Kobe Offcourt Slide 黑黃 TD 彈力固定帶 抓地力 小童鞋 IF2876-003,714,4.5,0,PChome 24h購物,0.9,714,0%,73.9,PChome API 價格,PChome 即時資料,https://24h.pchome.com.tw/prod/DXAX2W-A900JXOZH
2026-09-24,PChome,童鞋,Kobe Offcourt Slide 白紫 TD 彈力固定帶 抓地力 小童鞋 IF2876-101,714,4.5,0,PChome 24h購物,0.9,714,0%,73.9,PChome API 價格,PChome 即時資料,https://24h.pchome.com.tw/prod/DXAX2W-A900JXOZD
2026-09-24,PChome,童鞋,籃球鞋 Kobe IX Elite Low EM Protro GS 大童 橘 IM6641-800,2572,4.5,0,PChome 24h購物,0.9,2680,4%,73.0,PChome API 最低折扣價,PChome 即時資料,https://24h.pchome.com.tw/prod/DXAX7T-A900K4929
2026-09-24,PChome,童鞋,KOBE IX LOW EM (GS) 中大童 籃球鞋 IM6641800,2630,4.5,0,PChome 24h購物,0.9,3416,23%,73.0,PChome API 最低折扣價,PChome 即時資料,https://24h.pchome.com.tw/prod/DXAX7T-A900KAZI0
2026-09-24,PChome,童鞋,Kobe 9 Elite Protro Masterpiece 籃球鞋 黑曼巴 GS 大師之路 運動鞋 大童鞋 HJ9446-001,2715,4.5,0,PChome 24h購物,0.9,2858,5%,73.0,PChome API 最低折扣價,PChome 即時資料,https://24h.pchome.com.tw/prod/DXAX7S-A900IDU33
2026-09-24,PChome,童鞋,籃球鞋 Kobe IX Low EM GS 大童 女鞋 藍 曼巴 IM6641-500,2956,4.5,0,PChome 24h購物,0.9,3080,4%,72.9,PChome API 最低折扣價,PChome 即時資料,https://24h.pchome.com.tw/prod/DXAX7T-A900K9I3S
2026-09-24,PChome,童鞋,籃球鞋 Kobe IX Low EM GS 大童 女鞋 紫 黑 黑曼巴 IM6642-500,2956,4.5,0,PChome 24h購物,0.9,3080,4%,72.9,PChome API 最低折扣價,PChome 即時資料,https://24h.pchome.com.tw/prod/DXAX7T-A900JWRFL
2026-09-24,PChome,童鞋,Kobe 4 Draft Day Pack GS 白底黃藍點綴 籃球鞋 刮刮樂鞋面 緩震 抓地力 大童鞋 IQ4110-100,3344,4.5,0,PChome 24h購物,0.9,3678,9%,72.7,PChome API 最低折扣價,PChome 即時資料,https://24h.pchome.com.tw/prod/DXAX29-A900K64KE
2026-09-24,PChome,童鞋,Nike Kobe 9 EM Low TB 大童 黑紫 GS 緩震 透氣 休閒鞋 IM6642-500,3477,4.5,0,PChome 24h購物,0.9,3780,8%,72.6,PChome API 最低折扣價,PChome 即時資料,https://24h.pchome.com.tw/prod/DXAX69-A900JTTDV
2026-09-24,PChome,童鞋,Kobe 10 Elite Protro Low 亮白 GS 白鞋 曼巴 球鞋 大童鞋 IR1850-100,3846,4.5,0,PChome 24h購物,0.9,4207,9%,72.4,PChome API 最低折扣價,PChome 即時資料,https://24h.pchome.com.tw/prod/DXAX29-A900KGW6T
2026-09-24,momo購物網,未標示,【NIKE 耐吉】NIKE JA 3 12 kobe 6 自由女神 TIFFANY綠 實戰籃球鞋 莫蘭特 蒂芬妮綠  IQ6754-300,4066,4.5,0,momo購物網,0.88,4066,0%,71.9,momo 搜尋頁售價,momo 即時搜尋資料, https://www.momoshop.com.tw/TP/TP0009733/goodsDetail/TP00097330000191
2026-09-24,momo購物網,童鞋,【NIKE 耐吉】籃球鞋 Nike Kobe 6 Protro All-Star Hollywood 3D GS 紅藍 女鞋 HM4824-002,5016,4.5,0,momo購物網,0.88,5016,0%,71.5,momo 搜尋頁售價,momo 即時搜尋資料,https://www.momoshop.com.tw/goods/GoodsDetail.jsp?i_code=15586129&Area=search&mdiv=403&oid=1_3&cid=index&kw=kobe%2B6&ecTagNos=
2026-09-24,momo購物網,童鞋,【NIKE 耐吉】HM4824-002 NikeZoom Kobe 6 Protro3D Hollywood GS 全明星 好萊塢紅藍鴛鴦 時尚舒適GS 低幫 籃球鞋 橙色 男女同款,5450,4.5,0,momo購物網,0.88,5450,0%,71.2,momo 搜尋頁售價,momo 即時搜尋資料, https://www.momoshop.com.tw/TP/TP0010131/goodsDetail/TP00101310007921
2026-09-24,momo購物網,童鞋,【NIKE 耐吉】FV9676-800 NikeZoom Kobe 6 Protro WNBA 時尚舒適GS 低幫 籃球鞋 橙色/銀色 男女同款 nike男鞋 男運動鞋 nike女鞋 運動鞋女 休閒鞋,7300,4.5,0,momo購物網,0.88,7300,0%,70.4,momo 搜尋頁售價,momo 即時搜尋資料, https://www.momoshop.com.tw/TP/TP0009562/goodsDetail/TP00095620010817
2026-09-24,momo購物網,童鞋,【NIKE 耐吉】FV9676-800 NikeZoom Kobe 6 Protro WNBA 時尚舒適GS 低幫 籃球鞋 橙色/銀色 男女同款,7500,4.5,0,momo購物網,0.88,7500,0%,70.3,momo 搜尋頁售價,momo 即時搜尋資料, https://www.momoshop.com.tw/TP/TP0010131/goodsDetail/TP00101310008412
2026-09-24,momo購物網,男鞋,【NIKE 耐吉】籃球鞋 KOBE 3 Protro Mambacita 男款 實戰 緩震 限量 黑曼巴(3/4/5/6/8/9/11代),8075,5.0,3,momo購物網,0.88,8075,0%,86.1,momo 搜尋頁售價,momo 即時搜尋資料,https://www.momoshop.com.tw/goods/GoodsDetail.jsp?i_code=14503813&Area=search&mdiv=403&oid=1_4&cid=index&kw=kobe%2B6&ecTagNos=
2026-09-24,momo購物網,童鞋,【NIKE 耐吉】FV9676-100 NikeZoom Kobe 6 Protro 舒適百搭GS 低幫 籃球鞋 白色 男女同款 nike男鞋 男運動鞋 nike女鞋 運動鞋女 休閒鞋,8450,4.5,0,momo購物網,0.88,8450,0%,69.8,momo 搜尋頁售價,momo 即時搜尋資料, https://www.momoshop.com.tw/TP/TP0009562/goodsDetail/TP00095620010026
2026-09-24,momo購物網,童鞋,【NIKE 耐吉】FV9676-400 Nike Zoom Kobe 6 Protro PE 百搭舒適 低幫 兒童籃球鞋 藍色 男女同款 nike男鞋 男運動鞋 nike童鞋 大童運動鞋 小童運動鞋 nike女鞋 運動鞋女 休閒鞋,8450,4.5,0,momo購物網,0.88,8450,0%,69.8,momo 搜尋頁售價,momo 即時搜尋資料, https://www.momoshop.com.tw/TP/TP0009562/goodsDetail/TP00095620013514
2026-09-24,momo購物網,童鞋,【NIKE 耐吉】FV9676-100 NikeZoom Kobe 6 Protro 舒適百搭GS 低幫 籃球鞋 白色 男女同款,8700,4.5,0,momo購物網,0.88,8700,0%,69.7,momo 搜尋頁售價,momo 即時搜尋資料, https://www.momoshop.com.tw/TP/TP0010131/goodsDetail/TP00101310007882
2026-09-24,momo購物網,男鞋,【NIKE 耐吉】CW2190-400 Nike Zoom Kobe 6 Protro Dodgers PE 圓頭系帶 減震防滑 低幫 籃球鞋 男款 藍白 nike男鞋 男運動鞋,10300,4.5,0,momo購物網,0.88,10300,0%,68.9,momo 搜尋頁售價,momo 即時搜尋資料, https://www.momoshop.com.tw/TP/TP0009562/goodsDetail/TP00095620009097
2026-09-24,momo購物網,男鞋,【NIKE 耐吉】CW2190-400 Nike Zoom Kobe 6 Protro Dodgers PE 圓頭系帶 減震防滑 低幫 籃球鞋 男款 藍白,10700,4.5,0,momo購物網,0.88,10700,0%,68.7,momo 搜尋頁售價,momo 即時搜尋資料, https://www.momoshop.com.tw/TP/TP0010131/goodsDetail/TP00101310008708
2026-09-24,momo購物網,男鞋,【NIKE 耐吉】IH1871-800 Nike Zoom Kobe 6 Protro Total Orange 舒適百搭 低幫 籃球鞋 男款 橙銀色 nike男鞋 男運動鞋,12000,4.5,0,momo購物網,0.88,12000,0%,68.1,momo 搜尋頁售價,momo 即時搜尋資料, https://www.momoshop.com.tw/TP/TP0009562/goodsDetail/TP00095620009096
2026-09-24,momo購物網,男鞋,【NIKE 耐吉】IH1871-800 Nike Zoom Kobe 6 Protro Total Orange 舒適百搭 低幫 籃球鞋 男款 橙銀色,12400,4.5,0,momo購物網,0.88,12400,0%,67.9,momo 搜尋頁售價,momo 即時搜尋資料, https://www.momoshop.com.tw/TP/TP0010131/goodsDetail/TP00101310007988
2026-09-24,momo購物網,未標示,【NIKE 耐吉】FQ3546-001 Nike Zoom Kobe 6 Protro Italian Camo 低幫 籃球鞋 男女同款 黑紅,13400,4.5,0,momo購物網,0.88,13400,0%,67.4,momo 搜尋頁售價,momo 即時搜尋資料, https://www.momoshop.com.tw/TP/TP0010131/goodsDetail/TP00101310008753
2026-09-24,momo購物網,男女通用,【NIKE 耐吉】FQ3546-100 Nike Zoom Kobe 6 protro Sail 舒適 低幫 籃球鞋 男女同款 白色 nike男鞋 男運動鞋 nike女鞋 運動鞋女 休閒鞋,15600,4.5,0,momo購物網,0.88,15600,0%,66.3,momo 搜尋頁售價,momo 即時搜尋資料, https://www.momoshop.com.tw/TP/TP0009562/goodsDetail/TP00095620009100
2026-09-24,momo購物網,未標示,【NIKE 耐吉】FQ3546-100 Nike Zoom Kobe 6 protro Sail 舒適 低幫 籃球鞋 男女同款 白色,16100,4.5,0,momo購物網,0.88,16100,0%,66.1,momo 搜尋頁售價,momo 即時搜尋資料, https://www.momoshop.com.tw/TP/TP0010131/goodsDetail/TP00101310008754
2026-09-24,momo購物網,男女通用,【NIKE 耐吉】IO3672-400 Nike × Caitlin Clark Zoom Kobe 6 Protro PE 舒適百搭 低幫 籃球鞋 男女同款 藍色 nike男鞋 男運動鞋 nike女鞋 運動鞋女 休閒鞋,19500,4.5,0,momo購物網,0.88,19500,0%,64.4,momo 搜尋頁售價,momo 即時搜尋資料, https://www.momoshop.com.tw/TP/TP0009562/goodsDetail/TP00095620009098
2026-09-24,momo購物網,未標示,【NIKE 耐吉】IO3672-400 Nike × Caitlin Clark Zoom Kobe 6 Protro PE 舒適百搭 低幫 籃球鞋 男女同款 藍色,20100,4.5,0,momo購物網,0.88,20100,0%,64.2,momo 搜尋頁售價,momo 即時搜尋資料, https://www.momoshop.com.tw/TP/TP0010131/goodsDetail/TP00101310008870
2026-09-24,momo購物網,男鞋,【NIKE 耐吉】CW2190-002 Nike Zoom Kobe 6 Protro Mambacita Sweet 16 GiGi 曼巴基金會 低幫 實戰籃球鞋 男款 黑白,25100,4.5,0,momo購物網,0.88,25100,0%,61.7,momo 搜尋頁售價,momo 即時搜尋資料, https://www.momoshop.com.tw/TP/TP0010131/goodsDetail/TP00101310008706
2026-09-24,momo購物網,男鞋,【NIKE 耐吉】IQ5774-300 Jalen Brunson × Nike Zoom Kobe 6 Protro Statue of Liberty PE 百搭舒適 低幫 籃球鞋 男款 綠色 nike男鞋 男運動鞋,28500,4.5,0,momo購物網,0.88,28500,0%,60.1,momo 搜尋頁售價,momo 即時搜尋資料, https://www.momoshop.com.tw/TP/TP0009562/goodsDetail/TP00095620009099
2026-09-24,momo購物網,男鞋,【NIKE 耐吉】IQ5774-300 Jalen Brunson × Nike Zoom Kobe 6 Protro Statue of Liberty PE 百搭舒適 低幫 籃球鞋 男款 綠色,29400,4.5,0,momo購物網,0.88,29400,0%,59.7,momo 搜尋頁售價,momo 即時搜尋資料, https://www.momoshop.com.tw/TP/TP0010131/goodsDetail/TP00101310009446
2026-09-24,PChome,童鞋,Kobe 9 EM Low TB Game Royal 皇家藍 休閒鞋 GS FV3607-400,2837,4.5,0,PChome 24h購物,0.9,3338,15%,72.9,PChome API 最低折扣價,PChome 即時資料（已保存）（已保存）（已保存）（已保存）（已保存）（已保存）,https://24h.pchome.com.tw/prod/DXAX69-A900J3S2P
2026-09-24,PChome,童鞋,Kobe 5 Protro Year of the Mamba 蛇年限定 大學紅 GS 低筒 緩震 籃球鞋 運動鞋 大童鞋 HM3753-600,5376,4.5,0,PChome 24h購物,0.9,5376,0%,71.7,搜尋頁價格,PChome 即時資料（已保存）（已保存）（已保存）（已保存）（已保存）（已保存）,https://24h.pchome.com.tw/prod/DXAX7S-A900IANI6
2026-09-24,PChome,男鞋,籃球鞋 Crazy 1 男鞋 灰 黑 Kobe Bryant 復古 運動鞋 IE6570,1874,4.5,0,PChome 24h購物,0.9,2180,14%,73.4,PChome API 最低折扣價,PChome 即時資料（已保存）,https://24h.pchome.com.tw/prod/DXAX7S-A900JNVEP
2026-09-24,PChome,未標示,Adidas Crazy 1 [IE6570] 男 籃球鞋 運動 復古 球鞋 Kobe TT 柯比 復刻 灰黑,4352,4.5,0,PChome 24h購物,0.9,4890,11%,72.2,PChome API 最低折扣價,PChome 即時資料（已保存）,https://24h.pchome.com.tw/prod/DXAX7S-A900JLP63
2026-09-24,momo購物網,男鞋,【adidas 愛迪達】籃球鞋 Crazy 1 男鞋 灰 黑 Kobe Bryant 復古 運動鞋 愛迪達(IE6570),2071,4.3,2,momo購物網,0.88,2071,0%,68.9,momo 搜尋頁售價,momo 即時搜尋資料（已保存）,https://www.momoshop.com.tw/goods/GoodsDetail.jsp?i_code=13337556&Area=search&mdiv=403&oid=1_6&cid=index&kw=kobe%2B1
2026-09-24,momo購物網,未標示,【adidas 愛迪達】Crazy 1 男 籃球鞋 運動 復古 球鞋 Kobe TT 柯比 復刻 灰黑(IE6570),2094,4.5,0,momo購物網,0.88,2094,0%,72.9,momo 搜尋頁售價,momo 即時搜尋資料（已保存）,https://www.momoshop.com.tw/goods/GoodsDetail.jsp?i_code=14828388&Area=search&mdiv=403&oid=1_10&cid=index&kw=kobe%2B1
2026-09-24,momo購物網,男鞋,【NIKE 耐吉】IB0018-600 Nike × Kobe Bryant Air Force 1 low lower merion high: away舒適 透氣 低幫 板鞋 男款 紅白,5150,0.0,0,momo購物網,0.88,5150,0%,57.4,momo 搜尋頁售價,momo 即時搜尋資料（已保存）, https://www.momoshop.com.tw/TP/TP0009562/goodsDetail/TP00095620012211
2026-09-24,momo購物網,未標示,【NIKE 耐吉】II7062-500 Nike x Kobe Bryant Air Force 1 Low PB 簡約舒適 防滑耐磨 低幫 板鞋 男女同款 黑紫色,7150,0.0,0,momo購物網,0.88,7150,0%,56.4,momo 搜尋頁售價,momo 即時搜尋資料（已保存）, https://www.momoshop.com.tw/TP/TP0009562/goodsDetail/TP00095620016022
2026-09-24,PChome,童鞋,Kobe 9 EM Low 紫橘 GS 黑曼巴 抓地 透氣 運動鞋 大童鞋 IM6641-400,2628,4.5,0,PChome 24h購物,0.9,3092,15%,73.0,PChome API 最低折扣價,PChome 即時資料（已保存）（已保存）,https://24h.pchome.com.tw/prod/DXAX29-A900JS6R8
2026-09-24,momo購物網,童鞋,【NIKE 耐吉】NIKE Kobe 6 Protro Total Orange GS 曼巴 橙蛇 籃球鞋 女鞋 FV9676-800,4940,0.0,0,momo購物網,0.88,4940,0%,57.5,momo 搜尋頁售價,momo 即時搜尋資料（已保存）（已保存）, https://www.momoshop.com.tw/TP/TP0004893/goodsDetail/TP00048930011780
2026-09-24,momo購物網,童鞋,【NIKE 耐吉】HM4824-002 NikeZoom Kobe 6 Protro3D Hollywood GS 全明星 好萊塢紅藍鴛鴦 時尚舒適 低幫 籃球鞋 橙色 男女同款,5250,0.0,0,momo購物網,0.88,5250,0%,57.3,momo 搜尋頁售價,momo 即時搜尋資料（已保存）（已保存）, https://www.momoshop.com.tw/TP/TP0009562/goodsDetail/TP00095620009605
2026-09-24,momo購物網,童鞋,🏀小飛人潮流🏀Kobe 6 Protro 'Reverse' 籃球鞋 成人 大童 FV4921600,6380,0.0,0,momo購物網,0.88,6380,0%,56.8,momo 搜尋頁售價,momo 即時搜尋資料（已保存）（已保存）, https://www.momoshop.com.tw/TP/TP0003256/goodsDetail/TP00032560001058
2026-09-24,momo購物網,男鞋,【NIKE 耐吉】籃球鞋 Nike KOBE Protro JA3 男款 實戰 緩震 限量 黑曼巴(3/4/5/6/8/9/11代),8729,5.0,2,momo購物網,0.88,8729,0%,85.3,momo 搜尋頁售價,momo 即時搜尋資料（已保存）（已保存）,https://www.momoshop.com.tw/goods/GoodsDetail.jsp?i_code=14503813&Area=search&mdiv=403&oid=1_3&cid=index&kw=kobe%2B6
2026-09-24,momo購物網,未標示,【NIKE 耐吉】FV4921-600 Nike Zoom Kobe 6 Protro Reverse 反轉青蜂俠 低幫 籃球鞋 男女同款 紅色,11500,0.0,0,momo購物網,0.88,11500,0%,54.3,momo 搜尋頁售價,momo 即時搜尋資料（已保存）（已保存）, https://www.momoshop.com.tw/TP/TP0009562/goodsDetail/TP00095620009101
2026-09-24,momo購物網,未標示,【NIKE 耐吉】FQ3546-001 Nike Zoom Kobe 6 Protro Italian Camo 低幫 籃球鞋 男女同款 黑紅,13900,0.0,0,momo購物網,0.88,13900,0%,53.2,momo 搜尋頁售價,momo 即時搜尋資料（已保存）（已保存）, https://www.momoshop.com.tw/TP/TP0009562/goodsDetail/TP00095620009102
2026-09-24,momo購物網,男鞋,【NIKE 耐吉】CW2190-002 Nike Zoom Kobe 6 Protro Mambacita Sweet 16 GiGi 曼巴基金會 低幫 實戰籃球鞋 男款 黑白,26600,0.0,0,momo購物網,0.88,26600,0%,47.0,momo 搜尋頁售價,momo 即時搜尋資料（已保存）（已保存）, https://www.momoshop.com.tw/TP/TP0009562/goodsDetail/TP00095620009103
2026-09-24,momo購物網,男鞋,【NIKE 耐吉】429659-701 Nike Zoom Kobe 6 Grinch 青蜂俠 圓頭系帶 防滑平衡 低幫 籃球鞋 男款 綠色,73900,0.0,0,momo購物網,0.88,73900,0%,24.1,momo 搜尋頁售價,momo 即時搜尋資料（已保存）（已保存）, https://www.momoshop.com.tw/TP/TP0009562/goodsDetail/TP00095620014296
2026-09-24,PChome,童鞋,籃球鞋 Kobe IX Elite Protro GS 大童 女鞋 Masterpiece 大師 HJ9446-001,2218,4.5,0,PChome 24h購物,0.9,2580,14%,73.2,PChome API 最低折扣價,PChome 即時資料（已保存）（已保存）（已保存）（已保存）（已保存）（已保存）（已保存）（已保存）,https://24h.pchome.com.tw/prod/DXAX7T-A900ID4BQ
2026-09-24,PChome,童鞋,Nike Kobe 9 EM Low TB University Red 大學紅 GS 大童鞋 FV3607-600,2463,4.5,0,PChome 24h購物,0.9,2898,15%,73.1,PChome API 最低折扣價,PChome 即時資料（已保存）（已保存）（已保存）（已保存）（已保存）（已保存）（已保存）（已保存）,https://24h.pchome.com.tw/prod/DXAXFH-A900J7SIY
2026-09-24,PChome,童鞋,Kobe 8 Protro Court Purple 白紫 PS 中童 休閒鞋 FN0267-101,2556,4.5,0,PChome 24h購物,0.9,3008,15%,73.0,PChome API 最低折扣價,PChome 即時資料（已保存）（已保存）（已保存）（已保存）（已保存）（已保存）（已保存）（已保存）,https://24h.pchome.com.tw/prod/DXAX2C-A900H8PT4
2026-09-24,PChome,童鞋,NIKE 籃球鞋 KOBE IX 9 GS 紅色 曼巴 大童 女 FV3607-600,2803,4.5,0,PChome 24h購物,0.9,3150,11%,72.9,PChome API 最低折扣價,PChome 即時資料（已保存）（已保存）（已保存）（已保存）（已保存）（已保存）（已保存）（已保存）,https://24h.pchome.com.tw/prod/DXAX69-A900JZ3GF
2026-09-24,PChome,童鞋,籃球鞋 Kobe IX Low Em GS 大童 女鞋 冰川藍 曼巴 IM6642-400,2906,4.5,0,PChome 24h購物,0.9,3380,14%,72.9,PChome API 最低折扣價,PChome 即時資料（已保存）（已保存）（已保存）（已保存）（已保存）（已保存）（已保存）（已保存）,https://24h.pchome.com.tw/prod/DXAX7T-A900JWVVV
2026-09-24,PChome,童鞋,籃球鞋 Kobe 8 VIII GS 大童 女鞋 馬年 紅 曼巴 CNY IM6639-600,4080,4.5,0,PChome 24h購物,0.9,4080,0%,72.3,搜尋頁價格,PChome 即時資料（已保存）（已保存）（已保存）（已保存）（已保存）（已保存）（已保存）（已保存）,https://24h.pchome.com.tw/prod/DXAX7T-A900JWRFJ
2026-09-24,PChome,未標示,Adidas Crazy 2 JH9679 男 籃球鞋 復古 Kobe 抗扭 緩震 穩定 支撐 金屬銀,4495,4.5,0,PChome 24h購物,0.9,4495,0%,72.1,搜尋頁價格,PChome 即時資料（已保存）（已保存）（已保存）（已保存）（已保存）（已保存）（已保存）（已保存）,https://24h.pchome.com.tw/prod/DXAX7S-A900IXDHI
2026-09-24,PChome,童鞋,Kobe 8 Protro Court Purple 中童 白紫 柯比 KOBE 籃球鞋 FN0267-101,4500,4.5,0,PChome 24h購物,0.9,4500,0%,72.1,搜尋頁價格,PChome 即時資料（已保存）（已保存）（已保存）（已保存）（已保存）（已保存）（已保存）（已保存）,https://24h.pchome.com.tw/prod/DXAX2A-A900HFE81
2026-09-24,PChome,男鞋,籃球鞋 Kobe IX Elite EM Protro 男鞋 WNBA30週年 IM6119-800,5480,4.5,0,PChome 24h購物,0.9,5480,0%,71.6,搜尋頁價格,PChome 即時資料（已保存）（已保存）（已保存）（已保存）（已保存）（已保存）（已保存）（已保存）,https://24h.pchome.com.tw/prod/DXAX7S-A900K1293
2026-09-24,PChome,男鞋,Kobe 9 Elite Low EM Protro WNBA 亮橘色 回彈 抓地力 休閒鞋 運動鞋 男鞋 IM6119-800,6155,4.5,0,PChome 24h購物,0.9,6155,0%,71.3,搜尋頁價格,PChome 即時資料（已保存）（已保存）（已保存）（已保存）（已保存）（已保存）（已保存）（已保存）,https://24h.pchome.com.tw/prod/DXAX29-A900K0TVY
2026-09-24,PChome,男鞋,Kobe 9 EM Low 中國紅 網布 緩震 休閒鞋 運動鞋 男鞋 IH1400-600,6603,4.5,0,PChome 24h購物,0.9,6603,0%,71.1,搜尋頁價格,PChome 即時資料（已保存）（已保存）（已保存）（已保存）（已保存）（已保存）（已保存）（已保存）,https://24h.pchome.com.tw/prod/DXAX68-A900JHU9P
2026-09-24,PChome,男鞋,Kobe 8 Protro 馬年限定 紅藍  回彈 抓地力 運動鞋 男鞋 IM0594-600,8681,4.5,0,PChome 24h購物,0.9,8681,0%,70.1,搜尋頁價格,PChome 即時資料（已保存）（已保存）（已保存）（已保存）（已保存）（已保存）（已保存）（已保存）,https://24h.pchome.com.tw/prod/DXAXCD-A900JPSCS
2026-09-24,PChome,男鞋,Kobe 9 Elite Low Protro 月球漫步者 休閒鞋 運動鞋 男鞋 IM0465-500,9758,4.5,0,PChome 24h購物,0.9,9758,0%,69.6,搜尋頁價格,PChome 即時資料（已保存）（已保存）（已保存）（已保存）（已保存）（已保存）（已保存）（已保存）,https://24h.pchome.com.tw/prod/DXAX8V-A900JFJQG
2026-09-24,PChome,男鞋,Kobe 5 Protro Year of the Mamba 蛇年限定 大學紅 曼巴之年 紅金 籃球鞋 運動鞋 男鞋 HF5182-600,10759,4.5,0,PChome 24h購物,0.9,10759,0%,69.1,搜尋頁價格,PChome 即時資料（已保存）（已保存）（已保存）（已保存）（已保存）（已保存）（已保存）（已保存）,https://24h.pchome.com.tw/prod/DXAX7S-A900I9B2K
2026-09-24,PChome,男鞋,"Kobe 8 Protro ""Halo"" 白 全白 籃球鞋 復刻 運動鞋 籃球鞋 男鞋 FJ9364-100",13000,4.5,0,PChome 24h購物,0.9,13000,0%,68.0,搜尋頁價格,PChome 即時資料（已保存）（已保存）（已保存）（已保存）（已保存）（已保存）（已保存）（已保存）,https://24h.pchome.com.tw/prod/DXAX7S-A900JFOXE
2026-09-24,PChome,男鞋,籃球鞋 Kobe 11 Elite Protro 男鞋 黑 金勾 IM4260-001,14800,4.5,0,PChome 24h購物,0.9,14800,0%,67.1,搜尋頁價格,PChome 即時資料（已保存）（已保存）（已保存）（已保存）（已保存）（已保存）（已保存）（已保存）,https://24h.pchome.com.tw/prod/DXAX7S-A900JYLZS
2026-09-24,momo購物網,童鞋,【NIKE 耐吉】籃球鞋 Nike Kobe 8 Protro Black University Gold GS 大學金 黑金 大童 女鞋 FN0266-002,4351,5.0,5,momo購物網,0.88,4351,0%,88.5,momo 搜尋頁售價,momo 即時搜尋資料（已保存）（已保存）（已保存）（已保存）（已保存）（已保存）（已保存）（已保存）,https://www.momoshop.com.tw/goods/GoodsDetail.jsp?i_code=13644954&Area=search&mdiv=403&oid=1_10&cid=index&kw=Kobe
2026-09-24,momo購物網,男鞋,【NIKE 耐吉】Kobe 9 Elite Low EM Protro WNBA 亮橘色 回彈 抓地力 休閒鞋 運動鞋 男鞋 IM6119-800,5206,4.5,0,momo購物網,0.88,5206,0%,71.4,momo 搜尋頁售價,momo 即時搜尋資料（已保存）（已保存）（已保存）（已保存）（已保存）（已保存）（已保存）（已保存）,https://www.momoshop.com.tw/goods/GoodsDetail.jsp?i_code=15262105&Area=search&mdiv=403&oid=1_15&cid=index&kw=Kobe
2026-09-24,momo購物網,男鞋,【NIKE 耐吉】Nike Kobe 8 Protro 馬年限定 紅藍 回彈 男鞋 IM0594-600,7080,5.0,2,momo購物網,0.88,7080,0%,86.1,momo 搜尋頁售價,momo 即時搜尋資料（已保存）（已保存）（已保存）（已保存）（已保存）（已保存）（已保存）（已保存）, https://www.momoshop.com.tw/TP/TP0000668/goodsDetail/TP00006680001883
2026-09-24,momo購物網,男鞋,【NIKE 耐吉】籃球鞋 Nike KOBE Protro JA3 男款 實戰 緩震 限量 黑曼巴(3/4/5/6/8/9/11代),8729,5.0,2,momo購物網,0.88,8729,0%,85.3,momo 搜尋頁售價,momo 即時搜尋資料（已保存）（已保存）（已保存）（已保存）（已保存）（已保存）（已保存）（已保存）,https://www.momoshop.com.tw/goods/GoodsDetail.jsp?i_code=14503813&Area=search&mdiv=403&oid=1_2&cid=index&kw=Kobe
2026-09-24,momo購物網,男鞋,【NIKE 耐吉】籃球鞋 Nike Kobe 11 Elite Protro Fade To Black 黑色 金勾 男款 IM4260-001,11210,5.0,1,momo購物網,0.88,11210,0%,83.5,momo 搜尋頁售價,momo 即時搜尋資料（已保存）（已保存）（已保存）（已保存）（已保存）（已保存）（已保存）（已保存）,https://www.momoshop.com.tw/goods/GoodsDetail.jsp?i_code=15212820&Area=search&mdiv=403&oid=1_11&cid=index&kw=Kobe
2026-09-24,momo購物網,男鞋,【NIKE 耐吉】籃球鞋 Kobe 11 Elite Protro 男鞋 黑 金勾 IM4260-001,14800,5.0,4,momo購物網,0.88,14800,0%,83.2,momo 搜尋頁售價,momo 即時搜尋資料（已保存）（已保存）（已保存）（已保存）（已保存）（已保存）（已保存）（已保存）,https://www.momoshop.com.tw/goods/GoodsDetail.jsp?i_code=15152826&Area=search&mdiv=403&oid=1_12&cid=index&kw=Kobe
2026-09-24,PChome,童鞋,籃球鞋 Kobe 9 IX Elite High Protro GS 大童 女鞋 白 橘 HJ9446-100,2304,4.5,0,PChome 24h購物,0.9,2680,14%,73.2,PChome API 最低折扣價,PChome 即時資料（已保存）,https://24h.pchome.com.tw/prod/DXAX7T-A900IV09C
2026-09-24,PChome,童鞋,Kobe 9 Elite Protro Christmas 紅 聖誕節 高筒 GS 休閒鞋 大童鞋 HJ9446-600,2359,4.5,0,PChome 24h購物,0.9,2776,15%,73.1,PChome API 最低折扣價,PChome 即時資料（已保存）,https://24h.pchome.com.tw/prod/DXAX69-A900I86IM
2026-09-24,PChome,童鞋,KOBE IX LOW EM (GS) 中大童 籃球鞋 IM6642400,2565,4.5,0,PChome 24h購物,0.9,3167,19%,73.0,PChome API 最低折扣價,PChome 即時資料（已保存）,https://24h.pchome.com.tw/prod/DXAX7T-A900JYNLF
2026-09-24,PChome,童鞋,KOBE IX LOW EM (GS) 中大童 籃球鞋 IM6641400,2565,4.5,0,PChome 24h購物,0.9,3167,19%,73.0,PChome API 最低折扣價,PChome 即時資料（已保存）,https://24h.pchome.com.tw/prod/DXAX7T-A900JU38V
2026-09-24,PChome,童鞋,KOBE IX LOW EM (GS) 中大童 籃球鞋 IM6642500,2638,4.5,0,PChome 24h購物,0.9,3257,19%,73.0,PChome API 最低折扣價,PChome 即時資料（已保存）,https://24h.pchome.com.tw/prod/DXAX7T-A900JNNLU
2026-09-24,PChome,童鞋,KOBE IX LOW EM (GS) 中大童 籃球鞋 FV3607600,2638,4.5,0,PChome 24h購物,0.9,3257,19%,73.0,PChome API 最低折扣價,PChome 即時資料（已保存）,https://24h.pchome.com.tw/prod/DXAX7T-A900J79Z5
2026-09-24,PChome,童鞋,KOBE IX ELITE (GS) 中大童鞋 籃球鞋 白橘色-HJ9446100,2698,4.5,0,PChome 24h購物,0.9,3331,19%,73.0,PChome API 最低折扣價,PChome 即時資料（已保存）,https://24h.pchome.com.tw/prod/DXAX7S-A900J0I8J
2026-09-24,PChome,童鞋,籃球鞋 Kobe IX Low EM GS 大童 女鞋 藍 白 曼巴 運動鞋 FV3607-400,2734,4.5,0,PChome 24h購物,0.9,3180,14%,73.0,PChome API 最低折扣價,PChome 即時資料（已保存）,https://24h.pchome.com.tw/prod/DXAX7T-A900J5G99
2026-09-24,PChome,童鞋,籃球鞋 Kobe IX Low EM GS 大童 女鞋 紫 黃 曼巴 9代 IM6641-400,2820,4.5,0,PChome 24h購物,0.9,3280,14%,72.9,PChome API 最低折扣價,PChome 即時資料（已保存）,https://24h.pchome.com.tw/prod/DXAX7T-A900JV0K9
2026-09-24,PChome,童鞋,Kobe 9 EM Low China 中國紅 GS 抓地 回彈 運動鞋 大童鞋 IM9569-600,3009,4.5,0,PChome 24h購物,0.9,3540,15%,72.8,PChome API 最低折扣價,PChome 即時資料（已保存）,https://24h.pchome.com.tw/prod/DXAX6U-A900JLSH9
2026-09-24,PChome,童鞋,Kobe 9 EM Low TB 冰川藍 GS 透氣 舒適 支撐力 運動鞋 大童鞋 IM6642-400,3089,4.5,0,PChome 24h購物,0.9,3635,15%,72.8,PChome API 最低折扣價,PChome 即時資料（已保存）,https://24h.pchome.com.tw/prod/DXAX8R-A900JS6X1
2026-09-24,PChome,童鞋,Kobe 9 EM Low TB 黑紫 GS 緩震 透氣 休閒鞋 運動鞋 大童鞋 IM6642-500,3105,4.5,0,PChome 24h購物,0.9,3653,15%,72.8,PChome API 最低折扣價,PChome 即時資料（已保存）,https://24h.pchome.com.tw/prod/DXAX29-A900JM6SJ
2026-09-24,PChome,童鞋,Kobe Kawa Slide 拖鞋 全白 GS 印花 彈性 抓地力 大童鞋 IF2871-101,984,4.5,0,PChome 24h購物,0.9,1036,5%,74.0,PChome API 最低折扣價,PChome 即時資料,https://24h.pchome.com.tw/prod/DXAX98-A900JXP8V
2026-09-24,PChome,童鞋,Kobe Offcourt Slide 拖鞋 黑黃 GS 印花 彈性 抓地力 大童鞋 IF2871-003,984,4.5,0,PChome 24h購物,0.9,1036,5%,74.0,PChome API 最低折扣價,PChome 即時資料,https://24h.pchome.com.tw/prod/DXAX98-A900JXP8G
2026-09-24,momo購物網,童鞋,【NIKE 耐吉】Nike Kobe 6 Protro All-Star 2.0 GS 曼巴全明星 籃球鞋 白 女鞋 FV9676-100,6080,4.5,0,momo購物網,0.88,6080,0%,71.1,momo 搜尋頁售價,momo 即時搜尋資料, https://www.momoshop.com.tw/TP/TP0004893/goodsDetail/TP00048930013085
2026-09-24,momo購物網,童鞋,【NIKE 耐吉】籃球鞋 Nike Kobe 6 Protro All-Star 2.0 GS 曼巴 全明星2.0 籃球鞋 白 女鞋 大童 FV9676-100,6631,4.8,3,momo購物網,0.88,6631,0%,81.3,momo 搜尋頁售價,momo 即時搜尋資料,https://www.momoshop.com.tw/goods/GoodsDetail.jsp?i_code=13747262&Area=search&mdiv=403&oid=1_1&cid=index&kw=kobe%2B20&ecTagNos=
2026-09-24,momo購物網,童鞋,【NIKE 耐吉】籃球鞋 Nike Kobe 6 Protro All-Star 2.0 GS 曼巴 全明星2.0 籃球鞋 白 女鞋 大童 FV9676-100,7581,5.0,2,momo購物網,0.88,7581,0%,86.0,momo 搜尋頁售價,momo 即時搜尋資料,https://www.momoshop.com.tw/goods/GoodsDetail.jsp?i_code=13747263&Area=search&mdiv=403&oid=1_2&cid=index&kw=kobe%2B20&ecTagNos=
2026-09-24,momo購物網,未標示,【NIKE 耐吉】Nike Kobe 6 Protro All-Star 2.0 曼巴 全明星2.0 滿天星 籃球鞋 FQ3546-100,12880,4.5,0,momo購物網,0.88,12880,0%,67.8,momo 搜尋頁售價,momo 即時搜尋資料, https://www.momoshop.com.tw/TP/TP0000668/goodsDetail/TP00006680001817
2026-09-24,momo購物網,男鞋,"【NIKE 耐吉】Nike Kobe 6 Protro ""All-Star 2.0"" 曼巴 全明星 籃球鞋 白 男鞋 FQ3546-100",12900,4.5,0,momo購物網,0.88,12900,0%,67.8,momo 搜尋頁售價,momo 即時搜尋資料, https://www.momoshop.com.tw/TP/TP0004893/goodsDetail/TP00048930013185
2026-09-24,momo購物網,男鞋,【NIKE 耐吉】AQ1087-002 Nike Multi-Color 2.0 Kobe NXT 360 Black OG款 圓頭系帶 減震防滑 低幫 實戰籃球鞋 男款 黑彩,18900,4.5,0,momo購物網,0.88,18900,0%,64.9,momo 搜尋頁售價,momo 即時搜尋資料, https://www.momoshop.com.tw/TP/TP0010131/goodsDetail/TP00101310021240
2026-09-24,PChome,男鞋,Kobe x Nike Air Force 1 Low Protro 金藍 皮革鞋面 緩震氣墊 休閒鞋 運動鞋 男鞋 IH1018-200,3707,4.5,0,PChome 24h購物,0.9,4362,15%,72.7,PChome API 最低折扣價,PChome 即時資料（已保存）,https://24h.pchome.com.tw/prod/DXAX6U-A900JFJPZ
2026-09-24,momo購物網,男鞋,【NIKE 耐吉】Kobe x Nike Air Force 1 Low Protro 金藍 皮革鞋面 緩震氣墊 休閒鞋 運動鞋 男鞋 IH1018-200,3569,4.9,5,momo購物網,0.88,3569,0%,86.2,momo 搜尋頁售價,momo 即時搜尋資料（已保存）,https://www.momoshop.com.tw/goods/GoodsDetail.jsp?i_code=14641343&Area=search&mdiv=403&oid=1_4&cid=index&kw=kobe%2B1
2026-09-24,momo購物網,男鞋,【NIKE 耐吉】Kobe x Nike Air Force 1 Low Protro 金藍 緩震氣墊 休閒鞋 男鞋 IH1018-200,3852,0.0,0,momo購物網,0.88,3852,0%,58.2,momo 搜尋頁售價,momo 即時搜尋資料（已保存）, https://www.momoshop.com.tw/TP/TP0004485/goodsDetail/TP00044850002848
2026-09-24,PChome,未標示,Adidas Crazy 8 Low IG2032 男 籃球鞋 運動鞋 低筒 Kobe Bryant 白黑,4890,4.5,0,PChome 24h購物,0.9,4890,0%,72.1,搜尋頁價格,PChome 即時資料（已保存）（已保存）（已保存）（已保存）,https://24h.pchome.com.tw/prod/DXAX7S-A900I757Z
2026-09-24,PChome,男鞋,Kobe 8 EXT Protro 巴洛克棕 永遠的兄弟 馬毛 馬蹄鐵 休閒鞋 運動鞋 男鞋 IM1820-100,10086,4.5,0,PChome 24h購物,0.9,10086,0%,69.6,搜尋頁價格,PChome 即時資料（已保存）（已保存）（已保存）（已保存）,https://24h.pchome.com.tw/prod/DXAX29-A900JZZYY
2026-09-24,PChome,童鞋,KOBE V (GS) 中大童 籃球鞋 HM9522001,3167,4.5,0,PChome 24h購物,0.9,3167,0%,72.9,搜尋頁價格（價格 API 失敗）,PChome 即時資料（已保存）,https://24h.pchome.com.tw/prod/DXAX7T-A900JYBQ0
2026-09-24,PChome,童鞋,籃球鞋 Kobe V GS 大童 女鞋 紅 銀 曼巴 高中配色 緩震 HM9522-001,3336,4.5,0,PChome 24h購物,0.9,3880,14%,72.9,PChome API 最低折扣價,PChome 即時資料（已保存）,https://24h.pchome.com.tw/prod/DXAX7T-A900JVVX7
2026-09-24,PChome,童鞋,Air Force 1 Low Protro Kobe 亞麻棕果凍藍底 GS 大童鞋 IQ4936-200,2637,4.5,0,PChome 24h購物,0.9,2776,5%,73.2,PChome API 最低折扣價,PChome 即時資料（已保存）,https://24h.pchome.com.tw/prod/DXAX2W-A900KD1EV
2026-09-24,PChome,童鞋,Kobe IX Low EM 白綠 GS 緩震 舒適 籃球鞋 運動鞋 大童鞋 IM6642-003,2791,4.5,0,PChome 24h購物,0.9,2938,5%,73.1,PChome API 最低折扣價,PChome 即時資料（已保存）,https://24h.pchome.com.tw/prod/DXAX29-A900JV6GM
2026-09-24,PChome,童鞋,籃球鞋 Kobe IX Low EM GS 大童 女鞋 灰 白 曼巴 緩震 IM6642-003,2860,4.5,0,PChome 24h購物,0.9,2980,4%,73.1,PChome API 最低折扣價,PChome 即時資料（已保存）,https://24h.pchome.com.tw/prod/DXAX7T-A900JY488
2026-09-24,PChome,男鞋,Kobe 6 全明星 好萊塢 3D 2026 深灰紅藍 蛇皮壓紋 回彈 3D眼鏡 男鞋 IQ3902-002,11580,4.5,0,PChome 24h購物,0.9,12348,6%,68.9,PChome API 最低折扣價,PChome 即時資料（已保存）,https://24h.pchome.com.tw/prod/DXAXFC-A900JT1O2
2026-09-24,momo購物網,童鞋,【NIKE 耐吉】籃球鞋 Nike Kobe 6 Protro All-Star 2.0 GS 曼巴 全明星2.0 籃球鞋 白 女鞋 大童 FV9676-100,6631,4.8,3,momo購物網,0.88,6631,0%,81.3,momo 搜尋頁售價,momo 即時搜尋資料（已保存）,https://www.momoshop.com.tw/goods/GoodsDetail.jsp?i_code=13747262&Area=search&mdiv=403&oid=1_2&cid=index&kw=kobe%2B6&ecTagNos=
2026-09-24,momo購物網,童鞋,【NIKE 耐吉】籃球鞋 Nike Kobe 6 Protro All-Star 2.0 GS 曼巴 全明星2.0 籃球鞋 白 女鞋 大童 FV9676-100,7581,5.0,2,momo購物網,0.88,7581,0%,86.0,momo 搜尋頁售價,momo 即時搜尋資料（已保存）,https://www.momoshop.com.tw/goods/GoodsDetail.jsp?i_code=13747263&Area=search&mdiv=403&oid=1_1&cid=index&kw=kobe%2B6&ecTagNos=
2026-09-24,momo購物網,男鞋,【NIKE 耐吉】IQ3902-002 Nike Zoom Kobe 6 All-Star 3D Hollywood 2026 Protro 鴛鴦 時尚舒適 回彈抓地 低幫 籃球鞋 男款 紅藍色,8880,4.5,0,momo購物網,0.88,8880,0%,69.8,momo 搜尋頁售價,momo 即時搜尋資料（已保存）, https://www.momoshop.com.tw/TP/TP0010136/goodsDetail/TP00101360000161
2026-09-24,momo購物網,男鞋,【NIKE 耐吉】Kobe 6 全明星 好萊塢 3D 2026 深灰紅藍 蛇皮壓紋 回彈 3D眼鏡 男鞋 IQ3902-002,11210,4.5,0,momo購物網,0.88,11210,0%,68.6,momo 搜尋頁售價,momo 即時搜尋資料（已保存）,https://www.momoshop.com.tw/goods/GoodsDetail.jsp?i_code=14988650&Area=search&mdiv=403&oid=1_5&cid=index&kw=kobe%2B6&ecTagNos=
2026-09-24,momo購物網,未標示,【NIKE 耐吉】DH9888-600 Nike Zoom Kobe 6 Protro All-Star 科比 2021復刻 低幫 實戰籃球鞋 男女同款 黑紅,16400,4.5,0,momo購物網,0.88,16400,0%,66.1,momo 搜尋頁售價,momo 即時搜尋資料（已保存）, https://www.momoshop.com.tw/TP/TP0010131/goodsDetail/TP00101310009659
2026-09-24,momo購物網,未標示,【NIKE 耐吉】CW2190-300 Nike Zoom Kobe 6 Protro Green Apple 科比6 青蜂俠 2020復刻 低幫 Air Zoom 實戰籃球鞋 男女同款 螢光綠,27200,4.5,0,momo購物網,0.88,27200,0%,60.9,momo 搜尋頁售價,momo 即時搜尋資料（已保存）, https://www.momoshop.com.tw/TP/TP0010131/goodsDetail/TP00101310009370
2026-09-24,momo購物網,未標示,【NIKE 耐吉】IQ9317-001 Nike Zoom Kobe 6 Protro Kay Yow 2026舒適耐穿 籃球鞋 男女同款 粉色,46600,4.5,0,momo購物網,0.88,46600,0%,51.4,momo 搜尋頁售價,momo 即時搜尋資料（已保存）, https://www.momoshop.com.tw/TP/TP0010131/goodsDetail/TP00101310009448
2026-09-24,momo購物網,男鞋,【NIKE 耐吉】Nike Zoom Kobe 1 Protro 81 Points 白紫黑 2026 男鞋 籃球鞋 IM0542-100,4879,5.0,1,momo購物網,0.88,4879,0%,86.7,momo 搜尋頁售價,momo 即時搜尋資料（已保存）（已保存）,https://www.momoshop.com.tw/goods/GoodsDetail.jsp?i_code=14970065&Area=search&mdiv=403&oid=1_1&cid=index&kw=kobe%2B1
2026-09-24,momo購物網,男鞋,【NIKE 耐吉】Nike Zoom Kobe 1 Protro 81 Points 白紫黑 2026 男鞋 籃球鞋 IM0542-100,4880,4.8,6,momo購物網,0.88,4880,0%,83.0,momo 搜尋頁售價,momo 即時搜尋資料（已保存）（已保存）, https://www.momoshop.com.tw/TP/TP0000087/goodsDetail/TP00000870000957
2026-09-24,momo購物網,男鞋,【NIKE 耐吉】IM0542-100 Nike Zoom Kobe 1 Protro 81 Points 少年感舒適耐用 高幫 籃球鞋 男款 白紫黑 2026年版本,5200,0.0,0,momo購物網,0.88,5200,0%,57.6,momo 搜尋頁售價,momo 即時搜尋資料（已保存）（已保存）, https://www.momoshop.com.tw/TP/TP0009562/goodsDetail/TP00095620009442
2026-09-24,momo購物網,童鞋,【NIKE 耐吉】Nike Kobe 6 全明星 好萊塢 3D 2026 深灰紅藍 GS 蛇皮壓紋 運動鞋 大童鞋 HM4824-002,4731,5.0,2,momo購物網,0.88,4731,0%,87.4,momo 搜尋頁售價,momo 即時搜尋資料（已保存）（已保存）（已保存）,https://www.momoshop.com.tw/goods/GoodsDetail.jsp?i_code=14979586&Area=search&mdiv=403&oid=1_2&cid=index&kw=kobe%2B6
2026-09-24,momo購物網,童鞋,【NIKE 耐吉】Kobe 6 全明星 好萊塢 3D 2026 深灰紅藍 GS 蛇皮壓紋 運動鞋 大童鞋 HM4824-002,4932,0.0,0,momo購物網,0.88,4932,0%,57.7,momo 搜尋頁售價,momo 即時搜尋資料（已保存）（已保存）（已保存）, https://www.momoshop.com.tw/TP/TP0004485/goodsDetail/TP00044850003562
2026-09-24,momo購物網,男鞋,【NIKE 耐吉】Kobe 6 全明星 好萊塢 3D 2026 深灰紅藍 蛇皮壓紋 回彈 3D眼鏡 男鞋 IQ3902-002,10856,4.5,0,momo購物網,0.88,10856,0%,68.8,momo 搜尋頁售價,momo 即時搜尋資料（已保存）（已保存）（已保存）,https://www.momoshop.com.tw/goods/GoodsDetail.jsp?i_code=14988650&Area=search&mdiv=403&oid=1_5&cid=index&kw=kobe%2B6
2026-09-24,momo購物網,男鞋,【NIKE 耐吉】Kobe 6 全明星 好萊塢 3D 2026 深灰紅藍 蛇紋 3D眼鏡 男鞋 IQ3902-002,11682,0.0,0,momo購物網,0.88,11682,0%,54.4,momo 搜尋頁售價,momo 即時搜尋資料（已保存）（已保存）（已保存）, https://www.momoshop.com.tw/TP/TP0004485/goodsDetail/TP00044850003637
2026-09-24,momo購物網,未標示,【NIKE 耐吉】CW2190-100 Nike Zoom Kobe 6 Protro White Del Sol 季後賽 2021復刻 低幫 籃球鞋 男女同款 黑白黃,23000,0.0,0,momo購物網,0.88,23000,0%,48.9,momo 搜尋頁售價,momo 即時搜尋資料（已保存）（已保存）（已保存）, https://www.momoshop.com.tw/TP/TP0009562/goodsDetail/TP00095620010684
2026-09-24,momo購物網,未標示,【NIKE 耐吉】CW2190-300 Nike Zoom Kobe 6 Protro Green Apple 科比6 青蜂俠 2020復刻 低幫 Air Zoom 實戰籃球鞋 男女同款 螢光綠,31500,0.0,0,momo購物網,0.88,31500,0%,44.8,momo 搜尋頁售價,momo 即時搜尋資料（已保存）（已保存）（已保存）, https://www.momoshop.com.tw/TP/TP0009562/goodsDetail/TP00095620009355
2026-09-24,momo購物網,未標示,【NIKE 耐吉】IQ9317-001 Nike Kobe 6 Protro Kay Yow 2026舒適耐穿 籃球鞋 男女同款 粉色,87400,0.0,0,momo購物網,0.88,87400,0%,17.6,momo 搜尋頁售價,momo 即時搜尋資料（已保存）（已保存）（已保存）, https://www.momoshop.com.tw/TP/TP0009562/goodsDetail/TP00095620010811
2026-09-24,PChome,童鞋,Nike Kobe 9 Elite Protro What The 2025 White GS 白橙綠 高筒 籃球鞋 大童鞋 HJ9446-100,2837,4.5,0,PChome 24h購物,0.9,3338,15%,73.1,PChome API 最低折扣價,PChome 即時資料（已保存）（已保存）（已保存）（已保存）（已保存）（已保存）（已保存）（已保存）（已保存）,https://24h.pchome.com.tw/prod/DXAX7S-A900IVPU2
2026-09-24,PChome,男鞋,Nike Kobe VI Protro ASG Hollywood 3D 男鞋 紫黑色 籃球鞋 IQ3902-002,10800,4.5,0,PChome 24h購物,0.9,10800,0%,69.2,搜尋頁價格,PChome 即時資料（已保存）（已保存）（已保存）（已保存）（已保存）（已保存）（已保存）（已保存）（已保存）,https://24h.pchome.com.tw/prod/DXAX7S-A900JTSWO
2026-09-24,momo購物網,童鞋,【NIKE 耐吉】Kobe 8 2026 Year of the Horse 馬年限定 GS 輕量 緩震 舒適 運動鞋 大童鞋 IM6639-600,3781,5.0,5,momo購物網,0.88,3781,0%,88.9,momo 搜尋頁售價,momo 即時搜尋資料（已保存）（已保存）（已保存）（已保存）（已保存）（已保存）（已保存）（已保存）（已保存）,https://www.momoshop.com.tw/goods/GoodsDetail.jsp?i_code=14932839&Area=search&mdiv=403&oid=1_4&cid=index&kw=Kobe
2026-09-24,momo購物網,童鞋,【NIKE 耐吉】Nike Kobe 6 全明星 好萊塢 3D 2026 深灰紅藍 GS 蛇皮壓紋 運動鞋 大童鞋 HM4824-002,4731,5.0,2,momo購物網,0.88,4731,0%,87.4,momo 搜尋頁售價,momo 即時搜尋資料（已保存）（已保存）（已保存）（已保存）（已保存）（已保存）（已保存）（已保存）（已保存）,https://www.momoshop.com.tw/goods/GoodsDetail.jsp?i_code=14979586&Area=search&mdiv=403&oid=1_6&cid=index&kw=Kobe
2026-09-24,momo購物網,男鞋,【NIKE 耐吉】Nike Zoom Kobe 1 Protro 81 Points 白紫黑 2026 男鞋 籃球鞋 IM0542-100,4879,5.0,1,momo購物網,0.88,4879,0%,86.7,momo 搜尋頁售價,momo 即時搜尋資料（已保存）（已保存）（已保存）（已保存）（已保存）（已保存）（已保存）（已保存）（已保存）,https://www.momoshop.com.tw/goods/GoodsDetail.jsp?i_code=14970065&Area=search&mdiv=403&oid=1_16&cid=index&kw=Kobe
2026-09-24,momo購物網,男鞋,【NIKE 耐吉】Kobe VI Protro ASG Hollywood 3D 男鞋 深灰紅藍色 籃球鞋 IQ3902-002,9936,5.0,1,momo購物網,0.88,9936,0%,84.3,momo 搜尋頁售價,momo 即時搜尋資料（已保存）（已保存）（已保存）（已保存）（已保存）（已保存）（已保存）（已保存）（已保存）,https://www.momoshop.com.tw/goods/GoodsDetail.jsp?i_code=15015147&Area=search&mdiv=403&oid=1_9&cid=index&kw=Kobe
2026-09-24,PChome,童鞋,Kobe 8 2026 Year of the Horse 馬年限定 GS 輕量 緩震 舒適 運動鞋 大童鞋 IM6639-600,3932,4.5,0,PChome 24h購物,0.9,4626,15%,72.6,PChome API 最低折扣價,PChome 即時資料（已保存）（已保存）,https://24h.pchome.com.tw/prod/DXAX6T-A900JOVYZ
2026-09-24,PChome,童鞋,Kobe 5 2026 銀紅 GS 氣墊 支撐 運動鞋 大童鞋 HM9522-001,4666,4.5,0,PChome 24h購物,0.9,4666,0%,72.2,搜尋頁價格,PChome 即時資料（已保存）（已保存）,https://24h.pchome.com.tw/prod/DXAX29-A900JV5ZI
2026-09-24,PChome,童鞋,Kobe 6 全明星 好萊塢 3D 2026 深灰紅藍 GS 蛇皮壓紋 回彈 立體 運動鞋 大童鞋 HM4824-002,5226,4.5,0,PChome 24h購物,0.9,5226,0%,71.9,搜尋頁價格,PChome 即時資料（已保存）（已保存）,https://24h.pchome.com.tw/prod/DXAX29-A900JRMUI
2026-09-24,momo購物網,童鞋,【NIKE 耐吉】Nike Kobe 6 Protro All-Star 2.0 GS 曼巴全明星 籃球鞋 白 女鞋 FV9676-100,5040,0.0,0,momo購物網,0.88,5040,0%,57.6,momo 搜尋頁售價,momo 即時搜尋資料（已保存）（已保存）, https://www.momoshop.com.tw/TP/TP0004893/goodsDetail/TP00048930011360
2026-09-24,momo購物網,童鞋,【NIKE 耐吉】籃球鞋 Nike Kobe 6 Protro All-Star 2.0 GS 曼巴 全明星2.0 籃球鞋 白 女鞋 大童 FV9676-100,5681,4.7,2,momo購物網,0.88,5681,0%,78.6,momo 搜尋頁售價,momo 即時搜尋資料（已保存）（已保存）,https://www.momoshop.com.tw/goods/GoodsDetail.jsp?i_code=13747262&Area=search&mdiv=403&oid=1_2&cid=index&kw=kobe%2B6%2Ballstar
2026-09-24,momo購物網,童鞋,【NIKE 耐吉】籃球鞋 Nike Kobe 6 Protro All-Star 2.0 GS 曼巴 全明星2.0 籃球鞋 白 女鞋 大童 FV9676-100,6631,5.0,1,momo購物網,0.88,6631,0%,85.9,momo 搜尋頁售價,momo 即時搜尋資料（已保存）（已保存）,https://www.momoshop.com.tw/goods/GoodsDetail.jsp?i_code=13747263&Area=search&mdiv=403&oid=1_1&cid=index&kw=kobe%2B6%2Ballstar
2026-09-24,momo購物網,男鞋,【NIKE 耐吉】IQ3902-002 Nike Zoom Kobe 6 All-Star 3D Hollywood 2026 Protro 鴛鴦 時尚舒適 回彈抓地 低幫 籃球鞋 男款 紅藍色,11000,0.0,0,momo購物網,0.88,11000,0%,54.7,momo 搜尋頁售價,momo 即時搜尋資料（已保存）（已保存）, https://www.momoshop.com.tw/TP/TP0009562/goodsDetail/TP00095620009095
2026-09-24,momo購物網,男鞋,"【NIKE 耐吉】Nike Kobe 6 Protro ""All-Star 2.0"" 曼巴 全明星 籃球鞋 白 男鞋 FQ3546-100",12860,0.0,0,momo購物網,0.88,12860,0%,53.8,momo 搜尋頁售價,momo 即時搜尋資料（已保存）（已保存）, https://www.momoshop.com.tw/TP/TP0004893/goodsDetail/TP00048930011391
2026-09-24,momo購物網,未標示,【NIKE 耐吉】DH9888-600 Nike Zoom Kobe 6 Protro All-Star 科比 2021復刻 低幫 實戰籃球鞋 男女同款 黑紅,15000,0.0,0,momo購物網,0.88,15000,0%,52.8,momo 搜尋頁售價,momo 即時搜尋資料（已保存）（已保存）, https://www.momoshop.com.tw/TP/TP0009562/goodsDetail/TP00095620012159
2026-09-24,momo購物網,童鞋,【NIKE 耐吉】籃球鞋 Nike Kobe 6 Protro All-Star 2.0 GS 曼巴 全明星2.0 籃球鞋 白 女鞋 大童 FV9676-100,5681,4.7,2,momo購物網,0.88,5681,0%,78.6,momo 搜尋頁售價,momo 即時搜尋資料（已保存）（已保存）（已保存）（已保存）,https://www.momoshop.com.tw/goods/GoodsDetail.jsp?i_code=13747262&Area=search&mdiv=403&oid=1_4&cid=index&kw=kobe%2B6
2026-09-24,momo購物網,童鞋,【NIKE 耐吉】籃球鞋 Nike Kobe 6 Protro All-Star 2.0 GS 曼巴 全明星2.0 籃球鞋 白 女鞋 大童 FV9676-100,6631,5.0,1,momo購物網,0.88,6631,0%,85.9,momo 搜尋頁售價,momo 即時搜尋資料（已保存）（已保存）（已保存）（已保存）,https://www.momoshop.com.tw/goods/GoodsDetail.jsp?i_code=13747263&Area=search&mdiv=403&oid=1_1&cid=index&kw=kobe%2B6
2026-09-24,momo購物網,童鞋,【NIKE 耐吉】籃球鞋 Nike Kobe 6 Protro All-Star 2.0 GS 曼巴 全明星2.0 籃球鞋 白 女鞋 大童 FV9676-100,5681,4.7,2,momo購物網,0.88,5681,0%,78.6,momo 搜尋頁售價,momo 即時搜尋資料（已保存）（已保存）（已保存）（已保存）（已保存）（已保存）（已保存）（已保存）（已保存）（已保存）,https://www.momoshop.com.tw/goods/GoodsDetail.jsp?i_code=13747262&Area=search&mdiv=403&oid=1_3&cid=index&kw=Kobe
2026-09-24,momo購物網,童鞋,【NIKE 耐吉】籃球鞋 Nike Kobe 6 Protro All-Star 2.0 GS 曼巴 全明星2.0 籃球鞋 白 女鞋 大童 FV9676-100,6631,5.0,1,momo購物網,0.88,6631,0%,85.9,momo 搜尋頁售價,momo 即時搜尋資料（已保存）（已保存）（已保存）（已保存）（已保存）（已保存）（已保存）（已保存）（已保存）（已保存）,https://www.momoshop.com.tw/goods/GoodsDetail.jsp?i_code=13747263&Area=search&mdiv=403&oid=1_1&cid=index&kw=Kobe
